#term ID	term description	observed gene count	background gene count	strength	signal	false discovery rate	matching proteins in your network (IDs)	matching proteins in your network (labels)
BTO:0000345	Digestive gland	87	2881	0.5	1.32	3.57e-21	9606.ENSP00000200181,9606.ENSP00000216181,9606.ENSP00000222390,9606.ENSP00000225655,9606.ENSP00000228825,9606.ENSP00000229379,9606.ENSP00000229795,9606.ENSP00000231487,9606.ENSP00000253413,9606.ENSP00000257430,9606.ENSP00000258424,9606.ENSP00000259037,9606.ENSP00000262320,9606.ENSP00000262367,9606.ENSP00000263464,9606.ENSP00000266544,9606.ENSP00000268182,9606.ENSP00000270139,9606.ENSP00000290277,9606.ENSP00000290921,9606.ENSP00000294742,9606.ENSP00000295006,9606.ENSP00000296585,9606.ENSP00000298159,9606.ENSP00000298316,9606.ENSP00000300574,9606.ENSP00000303507,9606.ENSP00000309591,9606.ENSP00000317272,9606.ENSP00000317780,9606.ENSP00000325136,9606.ENSP00000326031,9606.ENSP00000336790,9606.ENSP00000338806,9606.ENSP00000342136,9606.ENSP00000345774,9606.ENSP00000346437,9606.ENSP00000346827,9606.ENSP00000346839,9606.ENSP00000348416,9606.ENSP00000348461,9606.ENSP00000351905,9606.ENSP00000352798,9606.ENSP00000354826,9606.ENSP00000356864,9606.ENSP00000358866,9606.ENSP00000359098,9606.ENSP00000359258,9606.ENSP00000360002,9606.ENSP00000360293,9606.ENSP00000360688,9606.ENSP00000362649,9606.ENSP00000363817,9606.ENSP00000364699,9606.ENSP00000365042,9606.ENSP00000367939,9606.ENSP00000378517,9606.ENSP00000379350,9606.ENSP00000379616,9606.ENSP00000379873,9606.ENSP00000382004,9606.ENSP00000382697,9606.ENSP00000385519,9606.ENSP00000387699,9606.ENSP00000389168,9606.ENSP00000400175,9606.ENSP00000405574,9606.ENSP00000410294,9606.ENSP00000411355,9606.ENSP00000418447,9606.ENSP00000429900,9606.ENSP00000432660,9606.ENSP00000438689,9606.ENSP00000458162,9606.ENSP00000458770,9606.ENSP00000463559,9606.ENSP00000466818,9606.ENSP00000478061,9606.ENSP00000482639,9606.ENSP00000483825,9606.ENSP00000483888,9606.ENSP00000489597,9606.ENSP00000493594,9606.ENSP00000495556,9606.ENSP00000495750,9606.ENSP00000497587,9606.ENSP00000500582	ITGB4,MYH9,HGF,PFN1,ARPC3,COX6A1,MAPK14,SKP1,ATP6V1E1,APC,COX5B,NDUFB5,AXIN1,CREBBP,BIRC3,NDUFA9,IQGAP1,IFNAR1,ARAF,CTBP1,ARPC5,CAPN2,ITGA2,CFL2,ARF6,CRK,BCR,PRKACA,MET,COX5A,HADHB,PPP1CA,ATF4,NFAT5,CREB3,ALDH3A2,ATG7,ALDH9A1,FN1,TJP1,RAC1,TGFBR2,COL18A1,CALD1,MGST3,FLNA,COX7A2,GCLM,GSTA4,SORBS1,TXNDC12,HDAC1,RXRB,SDHD,CSNK2B,UQCRQ,SPP1,ITGB1,MYH11,HLA-A,CTNND1,ROCK1,CD14,CREB1,PPP1R12A,RHOA,TBL1XR1,FGFR2,PTPRC,PPP2CA,ASAP1,CFL1,ACADVL,ACTG1,NDUFAB1,MYL12B,COX6B1,MARCKS,MGST2,IKBKG,NDUFB1,PTPN11,MYH14,TBL1X,GSS,NDUFV1,AKT3
BTO:0000759	Liver	74	2125	0.56	1.46	9.10e-21	9606.ENSP00000216181,9606.ENSP00000222390,9606.ENSP00000225655,9606.ENSP00000228825,9606.ENSP00000229379,9606.ENSP00000229795,9606.ENSP00000231487,9606.ENSP00000253413,9606.ENSP00000257430,9606.ENSP00000258424,9606.ENSP00000262320,9606.ENSP00000262367,9606.ENSP00000263464,9606.ENSP00000266544,9606.ENSP00000268182,9606.ENSP00000270139,9606.ENSP00000290277,9606.ENSP00000290921,9606.ENSP00000294742,9606.ENSP00000295006,9606.ENSP00000296585,9606.ENSP00000298159,9606.ENSP00000298316,9606.ENSP00000300574,9606.ENSP00000309591,9606.ENSP00000317272,9606.ENSP00000317780,9606.ENSP00000325136,9606.ENSP00000326031,9606.ENSP00000336790,9606.ENSP00000338806,9606.ENSP00000345774,9606.ENSP00000346437,9606.ENSP00000346827,9606.ENSP00000346839,9606.ENSP00000348416,9606.ENSP00000351905,9606.ENSP00000352798,9606.ENSP00000354826,9606.ENSP00000356864,9606.ENSP00000358866,9606.ENSP00000359098,9606.ENSP00000359258,9606.ENSP00000360293,9606.ENSP00000362649,9606.ENSP00000364699,9606.ENSP00000365042,9606.ENSP00000367939,9606.ENSP00000378517,9606.ENSP00000379350,9606.ENSP00000379616,9606.ENSP00000379873,9606.ENSP00000382004,9606.ENSP00000382697,9606.ENSP00000385519,9606.ENSP00000387699,9606.ENSP00000405574,9606.ENSP00000410294,9606.ENSP00000411355,9606.ENSP00000418447,9606.ENSP00000429900,9606.ENSP00000432660,9606.ENSP00000438689,9606.ENSP00000458162,9606.ENSP00000458770,9606.ENSP00000463559,9606.ENSP00000466818,9606.ENSP00000478061,9606.ENSP00000482639,9606.ENSP00000483825,9606.ENSP00000489597,9606.ENSP00000493594,9606.ENSP00000495750,9606.ENSP00000497587	MYH9,HGF,PFN1,ARPC3,COX6A1,MAPK14,SKP1,ATP6V1E1,APC,COX5B,AXIN1,CREBBP,BIRC3,NDUFA9,IQGAP1,IFNAR1,ARAF,CTBP1,ARPC5,CAPN2,ITGA2,CFL2,ARF6,CRK,PRKACA,MET,COX5A,HADHB,PPP1CA,ATF4,NFAT5,ALDH3A2,ATG7,ALDH9A1,FN1,TJP1,TGFBR2,COL18A1,CALD1,MGST3,FLNA,COX7A2,GCLM,SORBS1,HDAC1,SDHD,CSNK2B,UQCRQ,SPP1,ITGB1,MYH11,HLA-A,CTNND1,ROCK1,CD14,CREB1,TBL1XR1,FGFR2,PTPRC,PPP2CA,ASAP1,CFL1,ACADVL,ACTG1,NDUFAB1,MYL12B,COX6B1,MARCKS,MGST2,IKBKG,PTPN11,MYH14,GSS,NDUFV1
BTO:0001489	Whole body	180	13099	0.16	0.68	5.91e-19	9606.ENSP00000016171,9606.ENSP00000184266,9606.ENSP00000200181,9606.ENSP00000216181,9606.ENSP00000216629,9606.ENSP00000222390,9606.ENSP00000225655,9606.ENSP00000228825,9606.ENSP00000229379,9606.ENSP00000229795,9606.ENSP00000231487,9606.ENSP00000241453,9606.ENSP00000243501,9606.ENSP00000252102,9606.ENSP00000253413,9606.ENSP00000254066,9606.ENSP00000257430,9606.ENSP00000258111,9606.ENSP00000258424,9606.ENSP00000259037,9606.ENSP00000261461,9606.ENSP00000262320,9606.ENSP00000262367,9606.ENSP00000263025,9606.ENSP00000263088,9606.ENSP00000263464,9606.ENSP00000264380,9606.ENSP00000264634,9606.ENSP00000264972,9606.ENSP00000265441,9606.ENSP00000266544,9606.ENSP00000266970,9606.ENSP00000267843,9606.ENSP00000268182,9606.ENSP00000270139,9606.ENSP00000282397,9606.ENSP00000286201,9606.ENSP00000286574,9606.ENSP00000287842,9606.ENSP00000289104,9606.ENSP00000290277,9606.ENSP00000290921,9606.ENSP00000290949,9606.ENSP00000293829,9606.ENSP00000294742,9606.ENSP00000295006,9606.ENSP00000296585,9606.ENSP00000297029,9606.ENSP00000298159,9606.ENSP00000298316,9606.ENSP00000299335,9606.ENSP00000300574,9606.ENSP00000300738,9606.ENSP00000302194,9606.ENSP00000303507,9606.ENSP00000306397,9606.ENSP00000308413,9606.ENSP00000309591,9606.ENSP00000311318,9606.ENSP00000314067,9606.ENSP00000317272,9606.ENSP00000317780,9606.ENSP00000324532,9606.ENSP00000325136,9606.ENSP00000326031,9606.ENSP00000327290,9606.ENSP00000329127,9606.ENSP00000329140,9606.ENSP00000329757,9606.ENSP00000330825,9606.ENSP00000335055,9606.ENSP00000336790,9606.ENSP00000337261,9606.ENSP00000338157,9606.ENSP00000338806,9606.ENSP00000339527,9606.ENSP00000339916,9606.ENSP00000341208,9606.ENSP00000342136,9606.ENSP00000345774,9606.ENSP00000346437,9606.ENSP00000346827,9606.ENSP00000346839,9606.ENSP00000348416,9606.ENSP00000348461,9606.ENSP00000349324,9606.ENSP00000351497,9606.ENSP00000351605,9606.ENSP00000351905,9606.ENSP00000352414,9606.ENSP00000352798,9606.ENSP00000354357,9606.ENSP00000354826,9606.ENSP00000354952,9606.ENSP00000355751,9606.ENSP00000356864,9606.ENSP00000356946,9606.ENSP00000357177,9606.ENSP00000357883,9606.ENSP00000358723,9606.ENSP00000358866,9606.ENSP00000359073,9606.ENSP00000359098,9606.ENSP00000359258,9606.ENSP00000360002,9606.ENSP00000360293,9606.ENSP00000360688,9606.ENSP00000361306,9606.ENSP00000362649,9606.ENSP00000363081,9606.ENSP00000363817,9606.ENSP00000364163,9606.ENSP00000364699,9606.ENSP00000364995,9606.ENSP00000365012,9606.ENSP00000365042,9606.ENSP00000365757,9606.ENSP00000366156,9606.ENSP00000366182,9606.ENSP00000367939,9606.ENSP00000371425,9606.ENSP00000371897,9606.ENSP00000375821,9606.ENSP00000376544,9606.ENSP00000378367,9606.ENSP00000378517,9606.ENSP00000379092,9606.ENSP00000379350,9606.ENSP00000379616,9606.ENSP00000379873,9606.ENSP00000382004,9606.ENSP00000382697,9606.ENSP00000384273,9606.ENSP00000385519,9606.ENSP00000385886,9606.ENSP00000387699,9606.ENSP00000388910,9606.ENSP00000389160,9606.ENSP00000389168,9606.ENSP00000391803,9606.ENSP00000393847,9606.ENSP00000400175,9606.ENSP00000402257,9606.ENSP00000405574,9606.ENSP00000407336,9606.ENSP00000410294,9606.ENSP00000411355,9606.ENSP00000411672,9606.ENSP00000417273,9606.ENSP00000418447,9606.ENSP00000420269,9606.ENSP00000428056,9606.ENSP00000428924,9606.ENSP00000429707,9606.ENSP00000429900,9606.ENSP00000432660,9606.ENSP00000434729,9606.ENSP00000438689,9606.ENSP00000441126,9606.ENSP00000452786,9606.ENSP00000458162,9606.ENSP00000458770,9606.ENSP00000463559,9606.ENSP00000466363,9606.ENSP00000466818,9606.ENSP00000467262,9606.ENSP00000472929,9606.ENSP00000478061,9606.ENSP00000479719,9606.ENSP00000482639,9606.ENSP00000483825,9606.ENSP00000483888,9606.ENSP00000489597,9606.ENSP00000492363,9606.ENSP00000493594,9606.ENSP00000495556,9606.ENSP00000495750,9606.ENSP00000497587,9606.ENSP00000497733,9606.ENSP00000500582	COX15,NDUFB4,ITGB4,MYH9,BDKRB1,HGF,PFN1,ARPC3,COX6A1,MAPK14,SKP1,FLT3,PLA2G12A,NDUFA2,ATP6V1E1,RARA,APC,KCNMB4,COX5B,NDUFB5,PPP2R5A,AXIN1,CREBBP,MAPK3,PLD2,BIRC3,PIKFYVE,WNT5A,ZAP70,WNT2,NDUFA9,CDK2,FGF7,IQGAP1,IFNAR1,FLT1,FZD7,WIF1,NRG1,MRAS,ARAF,CTBP1,ATP6V0D1,FGF11,ARPC5,CAPN2,ITGA2,SCIN,CFL2,ARF6,COX11,CRK,RRM1,ATP6V1G2,BCR,UQCRFS1,RPS6KB2,PRKACA,ATG4D,PAK2,MET,COX5A,LAMA3,HADHB,PPP1CA,ITGA11,PRKCH,CREB3L2,ATP6V0C,IFITM1,WASF3,ATF4,ARHGEF1,ZBTB16,NFAT5,FOXO3,LIMK2,STAT5A,CREB3,ALDH3A2,ATG7,ALDH9A1,FN1,TJP1,RAC1,TNFRSF10C,FCGR2B,FZD6,TGFBR2,FGF17,COL18A1,GSTM3,CALD1,GAB2,THBS2,MGST3,FCGR3A,ARHGEF11,PIP5K1A,RAP1A,FLNA,VAV3,COX7A2,GCLM,GSTA4,SORBS1,TXNDC12,ATG4A,HDAC1,DKK1,RXRB,NOTCH4,SDHD,SHC3,HCK,CSNK2B,PIP4K2A,SRM,ELK1,UQCRQ,IFNGR2,ARHGAP5,PPP1R12B,CD79B,NRG4,SPP1,BTC,ITGB1,MYH11,HLA-A,CTNND1,ROCK1,RELA,CD14,RASGRP3,CREB1,NFATC4,NDUFA11,PPP1R12A,MITF,PLA2G10,RHOA,RUNX1T1,TBL1XR1,NDUFB3,FGFR2,PTPRC,ATP6V0E2,NCK1,PPP2CA,ADH7,PIK3R1,LYN,COX6C,ASAP1,CFL1,ATP6V0B,ACADVL,NDUFC1,ITGB3,ACTG1,NDUFAB1,MYL12B,PIP5K1C,COX6B1,UQCR11,VAV1,MARCKS,CYFIP2,MGST2,IKBKG,NDUFB1,PTPN11,PRICKLE2,MYH14,TBL1X,GSS,NDUFV1,CDC42,AKT3
BTO:0001271	Leukemia cell	48	1067	0.67	1.62	2.06e-16	9606.ENSP00000184266,9606.ENSP00000216181,9606.ENSP00000225655,9606.ENSP00000229795,9606.ENSP00000257430,9606.ENSP00000262320,9606.ENSP00000262367,9606.ENSP00000263025,9606.ENSP00000264033,9606.ENSP00000264380,9606.ENSP00000264972,9606.ENSP00000266970,9606.ENSP00000270139,9606.ENSP00000290277,9606.ENSP00000290921,9606.ENSP00000296585,9606.ENSP00000298159,9606.ENSP00000300738,9606.ENSP00000303507,9606.ENSP00000308413,9606.ENSP00000309591,9606.ENSP00000330825,9606.ENSP00000336790,9606.ENSP00000337261,9606.ENSP00000339527,9606.ENSP00000341208,9606.ENSP00000346437,9606.ENSP00000348416,9606.ENSP00000354952,9606.ENSP00000358866,9606.ENSP00000362649,9606.ENSP00000365042,9606.ENSP00000365757,9606.ENSP00000367939,9606.ENSP00000379350,9606.ENSP00000382697,9606.ENSP00000385519,9606.ENSP00000387699,9606.ENSP00000391803,9606.ENSP00000405574,9606.ENSP00000411355,9606.ENSP00000428056,9606.ENSP00000428924,9606.ENSP00000429707,9606.ENSP00000432660,9606.ENSP00000452786,9606.ENSP00000458770,9606.ENSP00000489597	NDUFB4,MYH9,PFN1,MAPK14,APC,AXIN1,CREBBP,MAPK3,CBL,PIKFYVE,ZAP70,CDK2,IFNAR1,ARAF,CTBP1,ITGA2,CFL2,RRM1,BCR,RPS6KB2,PRKACA,IFITM1,ATF4,ARHGEF1,FOXO3,STAT5A,ATG7,TJP1,GAB2,FLNA,HDAC1,CSNK2B,PIP4K2A,UQCRQ,ITGB1,ROCK1,CD14,CREB1,MITF,TBL1XR1,PTPRC,PIK3R1,LYN,COX6C,CFL1,ITGB3,NDUFAB1,PTPN11
BTO:0000580	Blood cancer cell	50	1234	0.63	1.48	1.69e-15	9606.ENSP00000184266,9606.ENSP00000216181,9606.ENSP00000225655,9606.ENSP00000229795,9606.ENSP00000257430,9606.ENSP00000262320,9606.ENSP00000262367,9606.ENSP00000263025,9606.ENSP00000264033,9606.ENSP00000264380,9606.ENSP00000264972,9606.ENSP00000266970,9606.ENSP00000268182,9606.ENSP00000270139,9606.ENSP00000290277,9606.ENSP00000290921,9606.ENSP00000296585,9606.ENSP00000298159,9606.ENSP00000300738,9606.ENSP00000303507,9606.ENSP00000308413,9606.ENSP00000309591,9606.ENSP00000330825,9606.ENSP00000336790,9606.ENSP00000337261,9606.ENSP00000339527,9606.ENSP00000341208,9606.ENSP00000346437,9606.ENSP00000348416,9606.ENSP00000354952,9606.ENSP00000358866,9606.ENSP00000362649,9606.ENSP00000365042,9606.ENSP00000365757,9606.ENSP00000367939,9606.ENSP00000379350,9606.ENSP00000382697,9606.ENSP00000385519,9606.ENSP00000387699,9606.ENSP00000391803,9606.ENSP00000405574,9606.ENSP00000411355,9606.ENSP00000428056,9606.ENSP00000428924,9606.ENSP00000429707,9606.ENSP00000432660,9606.ENSP00000452786,9606.ENSP00000458162,9606.ENSP00000458770,9606.ENSP00000489597	NDUFB4,MYH9,PFN1,MAPK14,APC,AXIN1,CREBBP,MAPK3,CBL,PIKFYVE,ZAP70,CDK2,IQGAP1,IFNAR1,ARAF,CTBP1,ITGA2,CFL2,RRM1,BCR,RPS6KB2,PRKACA,IFITM1,ATF4,ARHGEF1,FOXO3,STAT5A,ATG7,TJP1,GAB2,FLNA,HDAC1,CSNK2B,PIP4K2A,UQCRQ,ITGB1,ROCK1,CD14,CREB1,MITF,TBL1XR1,PTPRC,PIK3R1,LYN,COX6C,CFL1,ITGB3,ACTG1,NDUFAB1,PTPN11
BTO:0001491	Viscus	108	5378	0.32	0.89	4.35e-15	9606.ENSP00000200181,9606.ENSP00000216181,9606.ENSP00000222390,9606.ENSP00000225655,9606.ENSP00000228825,9606.ENSP00000229379,9606.ENSP00000229795,9606.ENSP00000231487,9606.ENSP00000252102,9606.ENSP00000253413,9606.ENSP00000257430,9606.ENSP00000258424,9606.ENSP00000259037,9606.ENSP00000262320,9606.ENSP00000262367,9606.ENSP00000263464,9606.ENSP00000264634,9606.ENSP00000266544,9606.ENSP00000268182,9606.ENSP00000270139,9606.ENSP00000287842,9606.ENSP00000289104,9606.ENSP00000290277,9606.ENSP00000290921,9606.ENSP00000294742,9606.ENSP00000295006,9606.ENSP00000296585,9606.ENSP00000298159,9606.ENSP00000298316,9606.ENSP00000300574,9606.ENSP00000306397,9606.ENSP00000309591,9606.ENSP00000314067,9606.ENSP00000317272,9606.ENSP00000317780,9606.ENSP00000325136,9606.ENSP00000326031,9606.ENSP00000336790,9606.ENSP00000337261,9606.ENSP00000338806,9606.ENSP00000339527,9606.ENSP00000342136,9606.ENSP00000345774,9606.ENSP00000346437,9606.ENSP00000346827,9606.ENSP00000346839,9606.ENSP00000348416,9606.ENSP00000348461,9606.ENSP00000349324,9606.ENSP00000351905,9606.ENSP00000352798,9606.ENSP00000354826,9606.ENSP00000356864,9606.ENSP00000357177,9606.ENSP00000358866,9606.ENSP00000359098,9606.ENSP00000359258,9606.ENSP00000360002,9606.ENSP00000360293,9606.ENSP00000360688,9606.ENSP00000361306,9606.ENSP00000362649,9606.ENSP00000364699,9606.ENSP00000365012,9606.ENSP00000365042,9606.ENSP00000366182,9606.ENSP00000367939,9606.ENSP00000371897,9606.ENSP00000376544,9606.ENSP00000378517,9606.ENSP00000379350,9606.ENSP00000379616,9606.ENSP00000379873,9606.ENSP00000382004,9606.ENSP00000382697,9606.ENSP00000384273,9606.ENSP00000385519,9606.ENSP00000387699,9606.ENSP00000388910,9606.ENSP00000389168,9606.ENSP00000391803,9606.ENSP00000400175,9606.ENSP00000405574,9606.ENSP00000410294,9606.ENSP00000411355,9606.ENSP00000417273,9606.ENSP00000418447,9606.ENSP00000420269,9606.ENSP00000429900,9606.ENSP00000432660,9606.ENSP00000434729,9606.ENSP00000438689,9606.ENSP00000452786,9606.ENSP00000458162,9606.ENSP00000458770,9606.ENSP00000463559,9606.ENSP00000466818,9606.ENSP00000472929,9606.ENSP00000478061,9606.ENSP00000482639,9606.ENSP00000483825,9606.ENSP00000489597,9606.ENSP00000493594,9606.ENSP00000495556,9606.ENSP00000495750,9606.ENSP00000497587,9606.ENSP00000497733,9606.ENSP00000500582	ITGB4,MYH9,HGF,PFN1,ARPC3,COX6A1,MAPK14,SKP1,NDUFA2,ATP6V1E1,APC,COX5B,NDUFB5,AXIN1,CREBBP,BIRC3,WNT5A,NDUFA9,IQGAP1,IFNAR1,NRG1,MRAS,ARAF,CTBP1,ARPC5,CAPN2,ITGA2,CFL2,ARF6,CRK,UQCRFS1,PRKACA,PAK2,MET,COX5A,HADHB,PPP1CA,ATF4,ARHGEF1,NFAT5,FOXO3,CREB3,ALDH3A2,ATG7,ALDH9A1,FN1,TJP1,RAC1,TNFRSF10C,TGFBR2,COL18A1,CALD1,MGST3,ARHGEF11,FLNA,COX7A2,GCLM,GSTA4,SORBS1,TXNDC12,ATG4A,HDAC1,SDHD,HCK,CSNK2B,ELK1,UQCRQ,ARHGAP5,CD79B,SPP1,ITGB1,MYH11,HLA-A,CTNND1,ROCK1,RELA,CD14,CREB1,NFATC4,PPP1R12A,MITF,RHOA,TBL1XR1,FGFR2,PTPRC,NCK1,PPP2CA,ADH7,ASAP1,CFL1,ATP6V0B,ACADVL,ITGB3,ACTG1,NDUFAB1,MYL12B,COX6B1,VAV1,MARCKS,MGST2,IKBKG,PTPN11,MYH14,TBL1X,GSS,NDUFV1,CDC42,AKT3
BTO:0000744	Lymphocytic leukemia cell	30	419	0.87	1.99	1.30e-14	9606.ENSP00000216181,9606.ENSP00000225655,9606.ENSP00000229795,9606.ENSP00000257430,9606.ENSP00000262367,9606.ENSP00000263025,9606.ENSP00000264033,9606.ENSP00000264380,9606.ENSP00000264972,9606.ENSP00000266970,9606.ENSP00000270139,9606.ENSP00000290277,9606.ENSP00000296585,9606.ENSP00000303507,9606.ENSP00000308413,9606.ENSP00000309591,9606.ENSP00000336790,9606.ENSP00000337261,9606.ENSP00000339527,9606.ENSP00000346437,9606.ENSP00000354952,9606.ENSP00000358866,9606.ENSP00000362649,9606.ENSP00000379350,9606.ENSP00000382697,9606.ENSP00000387699,9606.ENSP00000411355,9606.ENSP00000428056,9606.ENSP00000432660,9606.ENSP00000489597	MYH9,PFN1,MAPK14,APC,CREBBP,MAPK3,CBL,PIKFYVE,ZAP70,CDK2,IFNAR1,ARAF,ITGA2,BCR,RPS6KB2,PRKACA,ATF4,ARHGEF1,FOXO3,ATG7,GAB2,FLNA,HDAC1,ITGB1,ROCK1,CREB1,PTPRC,PIK3R1,CFL1,PTPN11
BTO:0003099	Internal female genital organ	71	2804	0.42	1.01	8.34e-13	9606.ENSP00000184266,9606.ENSP00000216181,9606.ENSP00000222390,9606.ENSP00000225655,9606.ENSP00000229379,9606.ENSP00000229795,9606.ENSP00000231487,9606.ENSP00000263088,9606.ENSP00000264634,9606.ENSP00000265441,9606.ENSP00000266970,9606.ENSP00000268182,9606.ENSP00000270139,9606.ENSP00000282397,9606.ENSP00000290277,9606.ENSP00000295006,9606.ENSP00000297029,9606.ENSP00000298159,9606.ENSP00000298316,9606.ENSP00000300574,9606.ENSP00000300738,9606.ENSP00000311318,9606.ENSP00000314067,9606.ENSP00000326031,9606.ENSP00000327290,9606.ENSP00000329140,9606.ENSP00000330825,9606.ENSP00000336790,9606.ENSP00000337261,9606.ENSP00000339527,9606.ENSP00000339916,9606.ENSP00000341208,9606.ENSP00000346437,9606.ENSP00000346839,9606.ENSP00000348416,9606.ENSP00000351497,9606.ENSP00000351605,9606.ENSP00000351905,9606.ENSP00000352798,9606.ENSP00000354357,9606.ENSP00000354826,9606.ENSP00000356946,9606.ENSP00000358866,9606.ENSP00000360293,9606.ENSP00000360688,9606.ENSP00000361306,9606.ENSP00000371897,9606.ENSP00000378517,9606.ENSP00000379092,9606.ENSP00000379350,9606.ENSP00000379616,9606.ENSP00000379873,9606.ENSP00000388910,9606.ENSP00000389160,9606.ENSP00000391803,9606.ENSP00000400175,9606.ENSP00000410294,9606.ENSP00000411355,9606.ENSP00000417273,9606.ENSP00000418447,9606.ENSP00000428056,9606.ENSP00000432660,9606.ENSP00000438689,9606.ENSP00000452786,9606.ENSP00000458162,9606.ENSP00000463559,9606.ENSP00000483825,9606.ENSP00000489597,9606.ENSP00000492363,9606.ENSP00000493594,9606.ENSP00000497733	NDUFB4,MYH9,HGF,PFN1,COX6A1,MAPK14,SKP1,PLD2,WNT5A,WNT2,CDK2,IQGAP1,IFNAR1,FLT1,ARAF,CAPN2,SCIN,CFL2,ARF6,CRK,RRM1,ATG4D,PAK2,PPP1CA,ITGA11,CREB3L2,IFITM1,ATF4,ARHGEF1,FOXO3,LIMK2,STAT5A,ATG7,FN1,TJP1,FCGR2B,FZD6,TGFBR2,COL18A1,GSTM3,CALD1,FCGR3A,FLNA,SORBS1,TXNDC12,ATG4A,ARHGAP5,SPP1,BTC,ITGB1,MYH11,HLA-A,NFATC4,NDUFA11,MITF,RHOA,FGFR2,PTPRC,NCK1,PPP2CA,PIK3R1,CFL1,ACADVL,ITGB3,ACTG1,MYL12B,IKBKG,PTPN11,PRICKLE2,MYH14,CDC42
BTO:0000042	Animal	183	15148	0.1	0.56	4.13e-12	9606.ENSP00000016171,9606.ENSP00000184266,9606.ENSP00000200181,9606.ENSP00000216181,9606.ENSP00000216629,9606.ENSP00000222390,9606.ENSP00000225655,9606.ENSP00000228825,9606.ENSP00000229379,9606.ENSP00000229795,9606.ENSP00000231487,9606.ENSP00000241453,9606.ENSP00000243501,9606.ENSP00000252102,9606.ENSP00000253413,9606.ENSP00000254066,9606.ENSP00000257430,9606.ENSP00000258111,9606.ENSP00000258424,9606.ENSP00000259037,9606.ENSP00000261461,9606.ENSP00000262320,9606.ENSP00000262367,9606.ENSP00000263025,9606.ENSP00000263088,9606.ENSP00000263464,9606.ENSP00000264033,9606.ENSP00000264380,9606.ENSP00000264634,9606.ENSP00000264972,9606.ENSP00000265441,9606.ENSP00000266544,9606.ENSP00000266970,9606.ENSP00000267843,9606.ENSP00000268182,9606.ENSP00000270139,9606.ENSP00000282397,9606.ENSP00000286201,9606.ENSP00000286574,9606.ENSP00000287842,9606.ENSP00000289104,9606.ENSP00000290277,9606.ENSP00000290921,9606.ENSP00000290949,9606.ENSP00000293829,9606.ENSP00000294742,9606.ENSP00000295006,9606.ENSP00000296585,9606.ENSP00000297029,9606.ENSP00000298159,9606.ENSP00000298316,9606.ENSP00000299335,9606.ENSP00000300574,9606.ENSP00000300738,9606.ENSP00000302194,9606.ENSP00000303507,9606.ENSP00000306124,9606.ENSP00000306397,9606.ENSP00000308413,9606.ENSP00000309591,9606.ENSP00000311318,9606.ENSP00000314067,9606.ENSP00000317272,9606.ENSP00000317780,9606.ENSP00000324532,9606.ENSP00000325136,9606.ENSP00000326031,9606.ENSP00000327290,9606.ENSP00000329127,9606.ENSP00000329140,9606.ENSP00000329757,9606.ENSP00000330825,9606.ENSP00000335055,9606.ENSP00000336790,9606.ENSP00000337261,9606.ENSP00000338157,9606.ENSP00000338806,9606.ENSP00000339527,9606.ENSP00000339916,9606.ENSP00000341208,9606.ENSP00000342136,9606.ENSP00000345774,9606.ENSP00000346437,9606.ENSP00000346827,9606.ENSP00000346839,9606.ENSP00000348416,9606.ENSP00000348461,9606.ENSP00000349324,9606.ENSP00000351497,9606.ENSP00000351605,9606.ENSP00000351905,9606.ENSP00000352414,9606.ENSP00000352798,9606.ENSP00000354357,9606.ENSP00000354826,9606.ENSP00000354952,9606.ENSP00000355751,9606.ENSP00000356864,9606.ENSP00000356946,9606.ENSP00000357177,9606.ENSP00000357883,9606.ENSP00000358723,9606.ENSP00000358866,9606.ENSP00000359073,9606.ENSP00000359098,9606.ENSP00000359258,9606.ENSP00000360002,9606.ENSP00000360058,9606.ENSP00000360293,9606.ENSP00000360688,9606.ENSP00000361306,9606.ENSP00000362649,9606.ENSP00000363081,9606.ENSP00000363817,9606.ENSP00000364163,9606.ENSP00000364699,9606.ENSP00000364995,9606.ENSP00000365012,9606.ENSP00000365042,9606.ENSP00000365757,9606.ENSP00000366156,9606.ENSP00000366182,9606.ENSP00000367939,9606.ENSP00000371425,9606.ENSP00000371897,9606.ENSP00000375821,9606.ENSP00000376544,9606.ENSP00000378367,9606.ENSP00000378517,9606.ENSP00000379092,9606.ENSP00000379350,9606.ENSP00000379616,9606.ENSP00000379873,9606.ENSP00000382004,9606.ENSP00000382697,9606.ENSP00000384273,9606.ENSP00000385519,9606.ENSP00000385886,9606.ENSP00000387699,9606.ENSP00000388910,9606.ENSP00000389160,9606.ENSP00000389168,9606.ENSP00000391803,9606.ENSP00000393847,9606.ENSP00000400175,9606.ENSP00000402257,9606.ENSP00000405574,9606.ENSP00000407336,9606.ENSP00000410294,9606.ENSP00000411355,9606.ENSP00000411672,9606.ENSP00000417273,9606.ENSP00000418447,9606.ENSP00000420269,9606.ENSP00000428056,9606.ENSP00000428924,9606.ENSP00000429707,9606.ENSP00000429900,9606.ENSP00000432660,9606.ENSP00000434729,9606.ENSP00000438689,9606.ENSP00000441126,9606.ENSP00000452786,9606.ENSP00000458162,9606.ENSP00000458770,9606.ENSP00000463559,9606.ENSP00000466363,9606.ENSP00000466818,9606.ENSP00000467262,9606.ENSP00000472929,9606.ENSP00000478061,9606.ENSP00000479719,9606.ENSP00000482639,9606.ENSP00000483825,9606.ENSP00000483888,9606.ENSP00000489597,9606.ENSP00000492363,9606.ENSP00000493594,9606.ENSP00000495556,9606.ENSP00000495750,9606.ENSP00000497587,9606.ENSP00000497733,9606.ENSP00000500582	COX15,NDUFB4,ITGB4,MYH9,BDKRB1,HGF,PFN1,ARPC3,COX6A1,MAPK14,SKP1,FLT3,PLA2G12A,NDUFA2,ATP6V1E1,RARA,APC,KCNMB4,COX5B,NDUFB5,PPP2R5A,AXIN1,CREBBP,MAPK3,PLD2,BIRC3,CBL,PIKFYVE,WNT5A,ZAP70,WNT2,NDUFA9,CDK2,FGF7,IQGAP1,IFNAR1,FLT1,FZD7,WIF1,NRG1,MRAS,ARAF,CTBP1,ATP6V0D1,FGF11,ARPC5,CAPN2,ITGA2,SCIN,CFL2,ARF6,COX11,CRK,RRM1,ATP6V1G2,BCR,PRKCE,UQCRFS1,RPS6KB2,PRKACA,ATG4D,PAK2,MET,COX5A,LAMA3,HADHB,PPP1CA,ITGA11,PRKCH,CREB3L2,ATP6V0C,IFITM1,WASF3,ATF4,ARHGEF1,ZBTB16,NFAT5,FOXO3,LIMK2,STAT5A,CREB3,ALDH3A2,ATG7,ALDH9A1,FN1,TJP1,RAC1,TNFRSF10C,FCGR2B,FZD6,TGFBR2,FGF17,COL18A1,GSTM3,CALD1,GAB2,THBS2,MGST3,FCGR3A,ARHGEF11,PIP5K1A,RAP1A,FLNA,VAV3,COX7A2,GCLM,GSTA4,FRAT2,SORBS1,TXNDC12,ATG4A,HDAC1,DKK1,RXRB,NOTCH4,SDHD,SHC3,HCK,CSNK2B,PIP4K2A,SRM,ELK1,UQCRQ,IFNGR2,ARHGAP5,PPP1R12B,CD79B,NRG4,SPP1,BTC,ITGB1,MYH11,HLA-A,CTNND1,ROCK1,RELA,CD14,RASGRP3,CREB1,NFATC4,NDUFA11,PPP1R12A,MITF,PLA2G10,RHOA,RUNX1T1,TBL1XR1,NDUFB3,FGFR2,PTPRC,ATP6V0E2,NCK1,PPP2CA,ADH7,PIK3R1,LYN,COX6C,ASAP1,CFL1,ATP6V0B,ACADVL,NDUFC1,ITGB3,ACTG1,NDUFAB1,MYL12B,PIP5K1C,COX6B1,UQCR11,VAV1,MARCKS,CYFIP2,MGST2,IKBKG,NDUFB1,PTPN11,PRICKLE2,MYH14,TBL1X,GSS,NDUFV1,CDC42,AKT3
BTO:0001484	Nervous system	109	6016	0.28	0.78	4.13e-12	9606.ENSP00000184266,9606.ENSP00000200181,9606.ENSP00000216181,9606.ENSP00000225655,9606.ENSP00000228825,9606.ENSP00000229379,9606.ENSP00000231487,9606.ENSP00000253413,9606.ENSP00000254066,9606.ENSP00000257430,9606.ENSP00000258111,9606.ENSP00000259037,9606.ENSP00000261461,9606.ENSP00000262367,9606.ENSP00000263025,9606.ENSP00000263088,9606.ENSP00000264380,9606.ENSP00000265441,9606.ENSP00000267843,9606.ENSP00000270139,9606.ENSP00000286574,9606.ENSP00000287842,9606.ENSP00000289104,9606.ENSP00000290921,9606.ENSP00000290949,9606.ENSP00000294742,9606.ENSP00000295006,9606.ENSP00000297029,9606.ENSP00000298159,9606.ENSP00000298316,9606.ENSP00000299335,9606.ENSP00000300738,9606.ENSP00000302194,9606.ENSP00000303507,9606.ENSP00000306397,9606.ENSP00000308413,9606.ENSP00000309591,9606.ENSP00000317272,9606.ENSP00000317780,9606.ENSP00000325136,9606.ENSP00000329757,9606.ENSP00000330825,9606.ENSP00000335055,9606.ENSP00000336790,9606.ENSP00000338806,9606.ENSP00000342136,9606.ENSP00000346437,9606.ENSP00000346827,9606.ENSP00000346839,9606.ENSP00000348416,9606.ENSP00000348461,9606.ENSP00000351905,9606.ENSP00000352414,9606.ENSP00000352798,9606.ENSP00000354357,9606.ENSP00000354826,9606.ENSP00000354952,9606.ENSP00000356864,9606.ENSP00000357177,9606.ENSP00000357883,9606.ENSP00000358723,9606.ENSP00000358866,9606.ENSP00000359098,9606.ENSP00000360002,9606.ENSP00000360688,9606.ENSP00000363081,9606.ENSP00000363817,9606.ENSP00000364699,9606.ENSP00000364995,9606.ENSP00000365012,9606.ENSP00000365757,9606.ENSP00000366156,9606.ENSP00000367939,9606.ENSP00000371897,9606.ENSP00000375821,9606.ENSP00000378517,9606.ENSP00000379350,9606.ENSP00000379616,9606.ENSP00000379873,9606.ENSP00000382004,9606.ENSP00000382697,9606.ENSP00000384273,9606.ENSP00000385519,9606.ENSP00000387699,9606.ENSP00000389168,9606.ENSP00000391803,9606.ENSP00000400175,9606.ENSP00000402257,9606.ENSP00000410294,9606.ENSP00000411672,9606.ENSP00000418447,9606.ENSP00000428056,9606.ENSP00000429707,9606.ENSP00000429900,9606.ENSP00000432660,9606.ENSP00000438689,9606.ENSP00000458162,9606.ENSP00000463559,9606.ENSP00000466363,9606.ENSP00000466818,9606.ENSP00000478061,9606.ENSP00000479719,9606.ENSP00000483888,9606.ENSP00000489597,9606.ENSP00000493594,9606.ENSP00000495750,9606.ENSP00000497587,9606.ENSP00000497733,9606.ENSP00000500582	NDUFB4,ITGB4,MYH9,PFN1,ARPC3,COX6A1,SKP1,ATP6V1E1,RARA,APC,KCNMB4,NDUFB5,PPP2R5A,CREBBP,MAPK3,PLD2,PIKFYVE,WNT2,FGF7,IFNAR1,WIF1,NRG1,MRAS,CTBP1,ATP6V0D1,ARPC5,CAPN2,SCIN,CFL2,ARF6,COX11,RRM1,ATP6V1G2,BCR,UQCRFS1,RPS6KB2,PRKACA,MET,COX5A,HADHB,ATP6V0C,IFITM1,WASF3,ATF4,NFAT5,CREB3,ATG7,ALDH9A1,FN1,TJP1,RAC1,TGFBR2,FGF17,COL18A1,GSTM3,CALD1,GAB2,MGST3,ARHGEF11,PIP5K1A,RAP1A,FLNA,COX7A2,GSTA4,TXNDC12,DKK1,RXRB,SDHD,SHC3,HCK,PIP4K2A,SRM,UQCRQ,ARHGAP5,PPP1R12B,SPP1,ITGB1,MYH11,HLA-A,CTNND1,ROCK1,RELA,CD14,CREB1,PPP1R12A,MITF,RHOA,RUNX1T1,FGFR2,ATP6V0E2,PPP2CA,PIK3R1,COX6C,ASAP1,CFL1,ACADVL,ACTG1,MYL12B,PIP5K1C,COX6B1,MARCKS,CYFIP2,NDUFB1,PTPN11,MYH14,GSS,NDUFV1,CDC42,AKT3
BTO:0001546	Chronic lymphocytic leukemia cell	21	222	0.99	2.01	4.13e-12	9606.ENSP00000216181,9606.ENSP00000229795,9606.ENSP00000262367,9606.ENSP00000263025,9606.ENSP00000264033,9606.ENSP00000264972,9606.ENSP00000266970,9606.ENSP00000303507,9606.ENSP00000308413,9606.ENSP00000309591,9606.ENSP00000337261,9606.ENSP00000339527,9606.ENSP00000346437,9606.ENSP00000354952,9606.ENSP00000362649,9606.ENSP00000379350,9606.ENSP00000387699,9606.ENSP00000411355,9606.ENSP00000428056,9606.ENSP00000432660,9606.ENSP00000489597	MYH9,MAPK14,CREBBP,MAPK3,CBL,ZAP70,CDK2,BCR,RPS6KB2,PRKACA,ARHGEF1,FOXO3,ATG7,GAB2,HDAC1,ITGB1,CREB1,PTPRC,PIK3R1,CFL1,PTPN11
BTO:0000227	Central nervous system	105	5825	0.27	0.76	2.39e-11	9606.ENSP00000184266,9606.ENSP00000200181,9606.ENSP00000216181,9606.ENSP00000225655,9606.ENSP00000228825,9606.ENSP00000229379,9606.ENSP00000231487,9606.ENSP00000253413,9606.ENSP00000254066,9606.ENSP00000257430,9606.ENSP00000258111,9606.ENSP00000259037,9606.ENSP00000261461,9606.ENSP00000262367,9606.ENSP00000263025,9606.ENSP00000263088,9606.ENSP00000264380,9606.ENSP00000265441,9606.ENSP00000267843,9606.ENSP00000270139,9606.ENSP00000286574,9606.ENSP00000287842,9606.ENSP00000289104,9606.ENSP00000290921,9606.ENSP00000290949,9606.ENSP00000294742,9606.ENSP00000295006,9606.ENSP00000298159,9606.ENSP00000298316,9606.ENSP00000299335,9606.ENSP00000300738,9606.ENSP00000302194,9606.ENSP00000303507,9606.ENSP00000306397,9606.ENSP00000308413,9606.ENSP00000309591,9606.ENSP00000317272,9606.ENSP00000317780,9606.ENSP00000325136,9606.ENSP00000329757,9606.ENSP00000335055,9606.ENSP00000336790,9606.ENSP00000338806,9606.ENSP00000342136,9606.ENSP00000346437,9606.ENSP00000346827,9606.ENSP00000346839,9606.ENSP00000348416,9606.ENSP00000348461,9606.ENSP00000351905,9606.ENSP00000352414,9606.ENSP00000354357,9606.ENSP00000354826,9606.ENSP00000354952,9606.ENSP00000356864,9606.ENSP00000357177,9606.ENSP00000357883,9606.ENSP00000358723,9606.ENSP00000358866,9606.ENSP00000359098,9606.ENSP00000360002,9606.ENSP00000360688,9606.ENSP00000363081,9606.ENSP00000363817,9606.ENSP00000364699,9606.ENSP00000364995,9606.ENSP00000365012,9606.ENSP00000365757,9606.ENSP00000366156,9606.ENSP00000367939,9606.ENSP00000371897,9606.ENSP00000375821,9606.ENSP00000378517,9606.ENSP00000379350,9606.ENSP00000379616,9606.ENSP00000379873,9606.ENSP00000382004,9606.ENSP00000382697,9606.ENSP00000384273,9606.ENSP00000385519,9606.ENSP00000387699,9606.ENSP00000389168,9606.ENSP00000391803,9606.ENSP00000400175,9606.ENSP00000402257,9606.ENSP00000410294,9606.ENSP00000411672,9606.ENSP00000418447,9606.ENSP00000428056,9606.ENSP00000429707,9606.ENSP00000429900,9606.ENSP00000432660,9606.ENSP00000438689,9606.ENSP00000458162,9606.ENSP00000463559,9606.ENSP00000466363,9606.ENSP00000466818,9606.ENSP00000478061,9606.ENSP00000479719,9606.ENSP00000483888,9606.ENSP00000489597,9606.ENSP00000495750,9606.ENSP00000497587,9606.ENSP00000497733,9606.ENSP00000500582	NDUFB4,ITGB4,MYH9,PFN1,ARPC3,COX6A1,SKP1,ATP6V1E1,RARA,APC,KCNMB4,NDUFB5,PPP2R5A,CREBBP,MAPK3,PLD2,PIKFYVE,WNT2,FGF7,IFNAR1,WIF1,NRG1,MRAS,CTBP1,ATP6V0D1,ARPC5,CAPN2,CFL2,ARF6,COX11,RRM1,ATP6V1G2,BCR,UQCRFS1,RPS6KB2,PRKACA,MET,COX5A,HADHB,ATP6V0C,WASF3,ATF4,NFAT5,CREB3,ATG7,ALDH9A1,FN1,TJP1,RAC1,TGFBR2,FGF17,GSTM3,CALD1,GAB2,MGST3,ARHGEF11,PIP5K1A,RAP1A,FLNA,COX7A2,GSTA4,TXNDC12,DKK1,RXRB,SDHD,SHC3,HCK,PIP4K2A,SRM,UQCRQ,ARHGAP5,PPP1R12B,SPP1,ITGB1,MYH11,HLA-A,CTNND1,ROCK1,RELA,CD14,CREB1,PPP1R12A,MITF,RHOA,RUNX1T1,FGFR2,ATP6V0E2,PPP2CA,PIK3R1,COX6C,ASAP1,CFL1,ACADVL,ACTG1,MYL12B,PIP5K1C,COX6B1,MARCKS,CYFIP2,NDUFB1,PTPN11,GSS,NDUFV1,CDC42,AKT3
BTO:0001078	Placenta	43	1244	0.56	1.17	4.65e-11	9606.ENSP00000216181,9606.ENSP00000222390,9606.ENSP00000225655,9606.ENSP00000229795,9606.ENSP00000264634,9606.ENSP00000265441,9606.ENSP00000266970,9606.ENSP00000268182,9606.ENSP00000282397,9606.ENSP00000290277,9606.ENSP00000295006,9606.ENSP00000297029,9606.ENSP00000298159,9606.ENSP00000300574,9606.ENSP00000300738,9606.ENSP00000326031,9606.ENSP00000329140,9606.ENSP00000336790,9606.ENSP00000339527,9606.ENSP00000339916,9606.ENSP00000346437,9606.ENSP00000346839,9606.ENSP00000351497,9606.ENSP00000351905,9606.ENSP00000352798,9606.ENSP00000356946,9606.ENSP00000360293,9606.ENSP00000378517,9606.ENSP00000379350,9606.ENSP00000379873,9606.ENSP00000400175,9606.ENSP00000410294,9606.ENSP00000411355,9606.ENSP00000418447,9606.ENSP00000428056,9606.ENSP00000432660,9606.ENSP00000438689,9606.ENSP00000452786,9606.ENSP00000458162,9606.ENSP00000463559,9606.ENSP00000483825,9606.ENSP00000489597,9606.ENSP00000497733	MYH9,HGF,PFN1,MAPK14,WNT5A,WNT2,CDK2,IQGAP1,FLT1,ARAF,CAPN2,SCIN,CFL2,CRK,RRM1,PPP1CA,CREB3L2,ATF4,FOXO3,LIMK2,ATG7,FN1,FCGR2B,TGFBR2,COL18A1,FCGR3A,SORBS1,SPP1,ITGB1,HLA-A,RHOA,FGFR2,PTPRC,PPP2CA,PIK3R1,CFL1,ACADVL,ITGB3,ACTG1,MYL12B,IKBKG,PTPN11,CDC42
BTO:0000142	Brain	102	5733	0.27	0.74	1.73e-10	9606.ENSP00000184266,9606.ENSP00000200181,9606.ENSP00000225655,9606.ENSP00000228825,9606.ENSP00000229379,9606.ENSP00000231487,9606.ENSP00000253413,9606.ENSP00000254066,9606.ENSP00000257430,9606.ENSP00000259037,9606.ENSP00000261461,9606.ENSP00000262367,9606.ENSP00000263025,9606.ENSP00000263088,9606.ENSP00000264380,9606.ENSP00000265441,9606.ENSP00000267843,9606.ENSP00000270139,9606.ENSP00000286574,9606.ENSP00000287842,9606.ENSP00000289104,9606.ENSP00000290921,9606.ENSP00000290949,9606.ENSP00000294742,9606.ENSP00000295006,9606.ENSP00000298159,9606.ENSP00000298316,9606.ENSP00000299335,9606.ENSP00000300738,9606.ENSP00000302194,9606.ENSP00000303507,9606.ENSP00000306397,9606.ENSP00000308413,9606.ENSP00000309591,9606.ENSP00000317272,9606.ENSP00000317780,9606.ENSP00000325136,9606.ENSP00000329757,9606.ENSP00000335055,9606.ENSP00000336790,9606.ENSP00000338806,9606.ENSP00000342136,9606.ENSP00000346437,9606.ENSP00000346827,9606.ENSP00000346839,9606.ENSP00000348416,9606.ENSP00000348461,9606.ENSP00000351905,9606.ENSP00000352414,9606.ENSP00000354357,9606.ENSP00000354826,9606.ENSP00000354952,9606.ENSP00000356864,9606.ENSP00000357177,9606.ENSP00000357883,9606.ENSP00000358723,9606.ENSP00000359098,9606.ENSP00000360002,9606.ENSP00000360688,9606.ENSP00000363081,9606.ENSP00000363817,9606.ENSP00000364699,9606.ENSP00000364995,9606.ENSP00000365012,9606.ENSP00000365757,9606.ENSP00000366156,9606.ENSP00000367939,9606.ENSP00000371897,9606.ENSP00000375821,9606.ENSP00000378517,9606.ENSP00000379350,9606.ENSP00000379616,9606.ENSP00000379873,9606.ENSP00000382004,9606.ENSP00000382697,9606.ENSP00000384273,9606.ENSP00000385519,9606.ENSP00000387699,9606.ENSP00000389168,9606.ENSP00000391803,9606.ENSP00000400175,9606.ENSP00000402257,9606.ENSP00000410294,9606.ENSP00000411672,9606.ENSP00000418447,9606.ENSP00000428056,9606.ENSP00000429707,9606.ENSP00000429900,9606.ENSP00000432660,9606.ENSP00000438689,9606.ENSP00000458162,9606.ENSP00000463559,9606.ENSP00000466363,9606.ENSP00000466818,9606.ENSP00000478061,9606.ENSP00000479719,9606.ENSP00000483888,9606.ENSP00000489597,9606.ENSP00000495750,9606.ENSP00000497587,9606.ENSP00000497733,9606.ENSP00000500582	NDUFB4,ITGB4,PFN1,ARPC3,COX6A1,SKP1,ATP6V1E1,RARA,APC,NDUFB5,PPP2R5A,CREBBP,MAPK3,PLD2,PIKFYVE,WNT2,FGF7,IFNAR1,WIF1,NRG1,MRAS,CTBP1,ATP6V0D1,ARPC5,CAPN2,CFL2,ARF6,COX11,RRM1,ATP6V1G2,BCR,UQCRFS1,RPS6KB2,PRKACA,MET,COX5A,HADHB,ATP6V0C,WASF3,ATF4,NFAT5,CREB3,ATG7,ALDH9A1,FN1,TJP1,RAC1,TGFBR2,FGF17,GSTM3,CALD1,GAB2,MGST3,ARHGEF11,PIP5K1A,RAP1A,COX7A2,GSTA4,TXNDC12,DKK1,RXRB,SDHD,SHC3,HCK,PIP4K2A,SRM,UQCRQ,ARHGAP5,PPP1R12B,SPP1,ITGB1,MYH11,HLA-A,CTNND1,ROCK1,RELA,CD14,CREB1,PPP1R12A,MITF,RHOA,RUNX1T1,FGFR2,ATP6V0E2,PPP2CA,PIK3R1,COX6C,ASAP1,CFL1,ACADVL,ACTG1,MYL12B,PIP5K1C,COX6B1,MARCKS,CYFIP2,NDUFB1,PTPN11,GSS,NDUFV1,CDC42,AKT3
BTO:0000174	Embryonic structure	59	2369	0.41	0.92	4.93e-10	9606.ENSP00000216181,9606.ENSP00000222390,9606.ENSP00000225655,9606.ENSP00000229795,9606.ENSP00000262367,9606.ENSP00000264634,9606.ENSP00000265441,9606.ENSP00000266970,9606.ENSP00000268182,9606.ENSP00000282397,9606.ENSP00000290277,9606.ENSP00000290921,9606.ENSP00000295006,9606.ENSP00000297029,9606.ENSP00000298159,9606.ENSP00000300574,9606.ENSP00000300738,9606.ENSP00000314067,9606.ENSP00000326031,9606.ENSP00000329140,9606.ENSP00000336790,9606.ENSP00000337261,9606.ENSP00000339527,9606.ENSP00000339916,9606.ENSP00000346437,9606.ENSP00000346839,9606.ENSP00000351497,9606.ENSP00000351605,9606.ENSP00000351905,9606.ENSP00000352798,9606.ENSP00000356946,9606.ENSP00000358866,9606.ENSP00000360293,9606.ENSP00000363081,9606.ENSP00000364163,9606.ENSP00000378517,9606.ENSP00000379350,9606.ENSP00000379873,9606.ENSP00000382004,9606.ENSP00000382697,9606.ENSP00000387699,9606.ENSP00000391803,9606.ENSP00000400175,9606.ENSP00000405574,9606.ENSP00000410294,9606.ENSP00000411355,9606.ENSP00000418447,9606.ENSP00000428056,9606.ENSP00000432660,9606.ENSP00000438689,9606.ENSP00000452786,9606.ENSP00000458162,9606.ENSP00000463559,9606.ENSP00000483825,9606.ENSP00000489597,9606.ENSP00000492363,9606.ENSP00000493594,9606.ENSP00000497733,9606.ENSP00000500582	MYH9,HGF,PFN1,MAPK14,CREBBP,WNT5A,WNT2,CDK2,IQGAP1,FLT1,ARAF,CTBP1,CAPN2,SCIN,CFL2,CRK,RRM1,PAK2,PPP1CA,CREB3L2,ATF4,ARHGEF1,FOXO3,LIMK2,ATG7,FN1,FCGR2B,FZD6,TGFBR2,COL18A1,FCGR3A,FLNA,SORBS1,DKK1,NOTCH4,SPP1,ITGB1,HLA-A,CTNND1,ROCK1,CREB1,MITF,RHOA,TBL1XR1,FGFR2,PTPRC,PPP2CA,PIK3R1,CFL1,ACADVL,ITGB3,ACTG1,MYL12B,IKBKG,PTPN11,PRICKLE2,MYH14,CDC42,AKT3
BTO:0000284	Organism form	61	2542	0.4	0.89	8.13e-10	9606.ENSP00000216181,9606.ENSP00000222390,9606.ENSP00000225655,9606.ENSP00000229795,9606.ENSP00000262367,9606.ENSP00000264634,9606.ENSP00000265441,9606.ENSP00000266970,9606.ENSP00000268182,9606.ENSP00000282397,9606.ENSP00000290277,9606.ENSP00000290921,9606.ENSP00000295006,9606.ENSP00000297029,9606.ENSP00000298159,9606.ENSP00000300574,9606.ENSP00000300738,9606.ENSP00000314067,9606.ENSP00000326031,9606.ENSP00000329140,9606.ENSP00000336790,9606.ENSP00000337261,9606.ENSP00000339527,9606.ENSP00000339916,9606.ENSP00000346437,9606.ENSP00000346839,9606.ENSP00000351497,9606.ENSP00000351605,9606.ENSP00000351905,9606.ENSP00000352798,9606.ENSP00000354826,9606.ENSP00000356946,9606.ENSP00000358866,9606.ENSP00000360293,9606.ENSP00000363081,9606.ENSP00000364163,9606.ENSP00000378517,9606.ENSP00000379350,9606.ENSP00000379873,9606.ENSP00000382004,9606.ENSP00000382697,9606.ENSP00000387699,9606.ENSP00000391803,9606.ENSP00000400175,9606.ENSP00000405574,9606.ENSP00000410294,9606.ENSP00000411355,9606.ENSP00000418447,9606.ENSP00000428056,9606.ENSP00000432660,9606.ENSP00000438689,9606.ENSP00000452786,9606.ENSP00000458162,9606.ENSP00000463559,9606.ENSP00000478061,9606.ENSP00000483825,9606.ENSP00000489597,9606.ENSP00000492363,9606.ENSP00000493594,9606.ENSP00000497733,9606.ENSP00000500582	MYH9,HGF,PFN1,MAPK14,CREBBP,WNT5A,WNT2,CDK2,IQGAP1,FLT1,ARAF,CTBP1,CAPN2,SCIN,CFL2,CRK,RRM1,PAK2,PPP1CA,CREB3L2,ATF4,ARHGEF1,FOXO3,LIMK2,ATG7,FN1,FCGR2B,FZD6,TGFBR2,COL18A1,CALD1,FCGR3A,FLNA,SORBS1,DKK1,NOTCH4,SPP1,ITGB1,HLA-A,CTNND1,ROCK1,CREB1,MITF,RHOA,TBL1XR1,FGFR2,PTPRC,PPP2CA,PIK3R1,CFL1,ACADVL,ITGB3,ACTG1,MYL12B,MARCKS,IKBKG,PTPN11,PRICKLE2,MYH14,CDC42,AKT3
BTO:0000282	Head	110	6642	0.24	0.69	8.22e-10	9606.ENSP00000184266,9606.ENSP00000200181,9606.ENSP00000222390,9606.ENSP00000225655,9606.ENSP00000228825,9606.ENSP00000229379,9606.ENSP00000231487,9606.ENSP00000253413,9606.ENSP00000254066,9606.ENSP00000257430,9606.ENSP00000258111,9606.ENSP00000259037,9606.ENSP00000261461,9606.ENSP00000262367,9606.ENSP00000263025,9606.ENSP00000263088,9606.ENSP00000264380,9606.ENSP00000264634,9606.ENSP00000265441,9606.ENSP00000267843,9606.ENSP00000270139,9606.ENSP00000286574,9606.ENSP00000287842,9606.ENSP00000289104,9606.ENSP00000290921,9606.ENSP00000290949,9606.ENSP00000293829,9606.ENSP00000294742,9606.ENSP00000295006,9606.ENSP00000297029,9606.ENSP00000298159,9606.ENSP00000298316,9606.ENSP00000299335,9606.ENSP00000300574,9606.ENSP00000300738,9606.ENSP00000302194,9606.ENSP00000303507,9606.ENSP00000306397,9606.ENSP00000308413,9606.ENSP00000309591,9606.ENSP00000317272,9606.ENSP00000317780,9606.ENSP00000325136,9606.ENSP00000329140,9606.ENSP00000329757,9606.ENSP00000330825,9606.ENSP00000335055,9606.ENSP00000336790,9606.ENSP00000338806,9606.ENSP00000342136,9606.ENSP00000346437,9606.ENSP00000346827,9606.ENSP00000346839,9606.ENSP00000348416,9606.ENSP00000348461,9606.ENSP00000351905,9606.ENSP00000352414,9606.ENSP00000354357,9606.ENSP00000354826,9606.ENSP00000354952,9606.ENSP00000356864,9606.ENSP00000357177,9606.ENSP00000357883,9606.ENSP00000358723,9606.ENSP00000359098,9606.ENSP00000360002,9606.ENSP00000360688,9606.ENSP00000363081,9606.ENSP00000363817,9606.ENSP00000364699,9606.ENSP00000364995,9606.ENSP00000365012,9606.ENSP00000365757,9606.ENSP00000366156,9606.ENSP00000367939,9606.ENSP00000371897,9606.ENSP00000375821,9606.ENSP00000378517,9606.ENSP00000379350,9606.ENSP00000379616,9606.ENSP00000379873,9606.ENSP00000382004,9606.ENSP00000382697,9606.ENSP00000384273,9606.ENSP00000385519,9606.ENSP00000387699,9606.ENSP00000389168,9606.ENSP00000391803,9606.ENSP00000400175,9606.ENSP00000402257,9606.ENSP00000410294,9606.ENSP00000411672,9606.ENSP00000418447,9606.ENSP00000428056,9606.ENSP00000429707,9606.ENSP00000429900,9606.ENSP00000432660,9606.ENSP00000438689,9606.ENSP00000458162,9606.ENSP00000463559,9606.ENSP00000466363,9606.ENSP00000466818,9606.ENSP00000478061,9606.ENSP00000479719,9606.ENSP00000483888,9606.ENSP00000489597,9606.ENSP00000495750,9606.ENSP00000497587,9606.ENSP00000497733,9606.ENSP00000500582	NDUFB4,ITGB4,HGF,PFN1,ARPC3,COX6A1,SKP1,ATP6V1E1,RARA,APC,KCNMB4,NDUFB5,PPP2R5A,CREBBP,MAPK3,PLD2,PIKFYVE,WNT5A,WNT2,FGF7,IFNAR1,WIF1,NRG1,MRAS,CTBP1,ATP6V0D1,FGF11,ARPC5,CAPN2,SCIN,CFL2,ARF6,COX11,CRK,RRM1,ATP6V1G2,BCR,UQCRFS1,RPS6KB2,PRKACA,MET,COX5A,HADHB,CREB3L2,ATP6V0C,IFITM1,WASF3,ATF4,NFAT5,CREB3,ATG7,ALDH9A1,FN1,TJP1,RAC1,TGFBR2,FGF17,GSTM3,CALD1,GAB2,MGST3,ARHGEF11,PIP5K1A,RAP1A,COX7A2,GSTA4,TXNDC12,DKK1,RXRB,SDHD,SHC3,HCK,PIP4K2A,SRM,UQCRQ,ARHGAP5,PPP1R12B,SPP1,ITGB1,MYH11,HLA-A,CTNND1,ROCK1,RELA,CD14,CREB1,PPP1R12A,MITF,RHOA,RUNX1T1,FGFR2,ATP6V0E2,PPP2CA,PIK3R1,COX6C,ASAP1,CFL1,ACADVL,ACTG1,MYL12B,PIP5K1C,COX6B1,MARCKS,CYFIP2,NDUFB1,PTPN11,GSS,NDUFV1,CDC42,AKT3
BTO:0001488	Endocrine gland	106	6403	0.24	0.67	3.41e-09	9606.ENSP00000200181,9606.ENSP00000216181,9606.ENSP00000222390,9606.ENSP00000225655,9606.ENSP00000228825,9606.ENSP00000229379,9606.ENSP00000229795,9606.ENSP00000231487,9606.ENSP00000241453,9606.ENSP00000252102,9606.ENSP00000253413,9606.ENSP00000257430,9606.ENSP00000258424,9606.ENSP00000259037,9606.ENSP00000261461,9606.ENSP00000262320,9606.ENSP00000262367,9606.ENSP00000263464,9606.ENSP00000265441,9606.ENSP00000266544,9606.ENSP00000268182,9606.ENSP00000270139,9606.ENSP00000282397,9606.ENSP00000287842,9606.ENSP00000290277,9606.ENSP00000290921,9606.ENSP00000294742,9606.ENSP00000295006,9606.ENSP00000296585,9606.ENSP00000298159,9606.ENSP00000298316,9606.ENSP00000299335,9606.ENSP00000300574,9606.ENSP00000300738,9606.ENSP00000303507,9606.ENSP00000309591,9606.ENSP00000311318,9606.ENSP00000314067,9606.ENSP00000317272,9606.ENSP00000317780,9606.ENSP00000325136,9606.ENSP00000326031,9606.ENSP00000336790,9606.ENSP00000338806,9606.ENSP00000339916,9606.ENSP00000342136,9606.ENSP00000345774,9606.ENSP00000346437,9606.ENSP00000346827,9606.ENSP00000346839,9606.ENSP00000348416,9606.ENSP00000348461,9606.ENSP00000351905,9606.ENSP00000352798,9606.ENSP00000354357,9606.ENSP00000354826,9606.ENSP00000355751,9606.ENSP00000356864,9606.ENSP00000357177,9606.ENSP00000358866,9606.ENSP00000359098,9606.ENSP00000359258,9606.ENSP00000360002,9606.ENSP00000360293,9606.ENSP00000360688,9606.ENSP00000361306,9606.ENSP00000362649,9606.ENSP00000363817,9606.ENSP00000364699,9606.ENSP00000365042,9606.ENSP00000367939,9606.ENSP00000371897,9606.ENSP00000378517,9606.ENSP00000379092,9606.ENSP00000379350,9606.ENSP00000379616,9606.ENSP00000379873,9606.ENSP00000382004,9606.ENSP00000382697,9606.ENSP00000384273,9606.ENSP00000385519,9606.ENSP00000387699,9606.ENSP00000388910,9606.ENSP00000389168,9606.ENSP00000400175,9606.ENSP00000405574,9606.ENSP00000410294,9606.ENSP00000411355,9606.ENSP00000418447,9606.ENSP00000429900,9606.ENSP00000432660,9606.ENSP00000438689,9606.ENSP00000458162,9606.ENSP00000458770,9606.ENSP00000463559,9606.ENSP00000466818,9606.ENSP00000478061,9606.ENSP00000482639,9606.ENSP00000483825,9606.ENSP00000483888,9606.ENSP00000489597,9606.ENSP00000493594,9606.ENSP00000495556,9606.ENSP00000495750,9606.ENSP00000497587,9606.ENSP00000500582	ITGB4,MYH9,HGF,PFN1,ARPC3,COX6A1,MAPK14,SKP1,FLT3,NDUFA2,ATP6V1E1,APC,COX5B,NDUFB5,PPP2R5A,AXIN1,CREBBP,BIRC3,WNT2,NDUFA9,IQGAP1,IFNAR1,FLT1,NRG1,ARAF,CTBP1,ARPC5,CAPN2,ITGA2,CFL2,ARF6,COX11,CRK,RRM1,BCR,PRKACA,ATG4D,PAK2,MET,COX5A,HADHB,PPP1CA,ATF4,NFAT5,LIMK2,CREB3,ALDH3A2,ATG7,ALDH9A1,FN1,TJP1,RAC1,TGFBR2,COL18A1,GSTM3,CALD1,THBS2,MGST3,ARHGEF11,FLNA,COX7A2,GCLM,GSTA4,SORBS1,TXNDC12,ATG4A,HDAC1,RXRB,SDHD,CSNK2B,UQCRQ,ARHGAP5,SPP1,BTC,ITGB1,MYH11,HLA-A,CTNND1,ROCK1,RELA,CD14,CREB1,NFATC4,PPP1R12A,RHOA,TBL1XR1,FGFR2,PTPRC,PPP2CA,ASAP1,CFL1,ACADVL,ACTG1,NDUFAB1,MYL12B,COX6B1,MARCKS,MGST2,IKBKG,NDUFB1,PTPN11,MYH14,TBL1X,GSS,NDUFV1,AKT3
BTO:0000522	Gland	112	7004	0.22	0.65	4.18e-09	9606.ENSP00000200181,9606.ENSP00000216181,9606.ENSP00000222390,9606.ENSP00000225655,9606.ENSP00000228825,9606.ENSP00000229379,9606.ENSP00000229795,9606.ENSP00000231487,9606.ENSP00000241453,9606.ENSP00000252102,9606.ENSP00000253413,9606.ENSP00000257430,9606.ENSP00000258424,9606.ENSP00000259037,9606.ENSP00000261461,9606.ENSP00000262320,9606.ENSP00000262367,9606.ENSP00000263464,9606.ENSP00000264634,9606.ENSP00000265441,9606.ENSP00000266544,9606.ENSP00000268182,9606.ENSP00000270139,9606.ENSP00000282397,9606.ENSP00000287842,9606.ENSP00000290277,9606.ENSP00000290921,9606.ENSP00000294742,9606.ENSP00000295006,9606.ENSP00000296585,9606.ENSP00000298159,9606.ENSP00000298316,9606.ENSP00000299335,9606.ENSP00000300574,9606.ENSP00000300738,9606.ENSP00000303507,9606.ENSP00000306397,9606.ENSP00000309591,9606.ENSP00000311318,9606.ENSP00000314067,9606.ENSP00000317272,9606.ENSP00000317780,9606.ENSP00000325136,9606.ENSP00000326031,9606.ENSP00000336790,9606.ENSP00000338806,9606.ENSP00000339916,9606.ENSP00000342136,9606.ENSP00000345774,9606.ENSP00000346437,9606.ENSP00000346827,9606.ENSP00000346839,9606.ENSP00000348416,9606.ENSP00000348461,9606.ENSP00000351905,9606.ENSP00000352798,9606.ENSP00000354357,9606.ENSP00000354826,9606.ENSP00000355751,9606.ENSP00000356864,9606.ENSP00000357177,9606.ENSP00000358866,9606.ENSP00000359098,9606.ENSP00000359258,9606.ENSP00000360002,9606.ENSP00000360293,9606.ENSP00000360688,9606.ENSP00000361306,9606.ENSP00000362649,9606.ENSP00000363817,9606.ENSP00000364699,9606.ENSP00000365042,9606.ENSP00000367939,9606.ENSP00000371897,9606.ENSP00000378517,9606.ENSP00000379092,9606.ENSP00000379350,9606.ENSP00000379616,9606.ENSP00000379873,9606.ENSP00000382004,9606.ENSP00000382697,9606.ENSP00000384273,9606.ENSP00000385519,9606.ENSP00000387699,9606.ENSP00000388910,9606.ENSP00000389168,9606.ENSP00000391803,9606.ENSP00000400175,9606.ENSP00000405574,9606.ENSP00000410294,9606.ENSP00000411355,9606.ENSP00000417273,9606.ENSP00000418447,9606.ENSP00000429900,9606.ENSP00000432660,9606.ENSP00000434729,9606.ENSP00000438689,9606.ENSP00000452786,9606.ENSP00000458162,9606.ENSP00000458770,9606.ENSP00000463559,9606.ENSP00000466818,9606.ENSP00000478061,9606.ENSP00000482639,9606.ENSP00000483825,9606.ENSP00000483888,9606.ENSP00000489597,9606.ENSP00000493594,9606.ENSP00000495556,9606.ENSP00000495750,9606.ENSP00000497587,9606.ENSP00000500582	ITGB4,MYH9,HGF,PFN1,ARPC3,COX6A1,MAPK14,SKP1,FLT3,NDUFA2,ATP6V1E1,APC,COX5B,NDUFB5,PPP2R5A,AXIN1,CREBBP,BIRC3,WNT5A,WNT2,NDUFA9,IQGAP1,IFNAR1,FLT1,NRG1,ARAF,CTBP1,ARPC5,CAPN2,ITGA2,CFL2,ARF6,COX11,CRK,RRM1,BCR,UQCRFS1,PRKACA,ATG4D,PAK2,MET,COX5A,HADHB,PPP1CA,ATF4,NFAT5,LIMK2,CREB3,ALDH3A2,ATG7,ALDH9A1,FN1,TJP1,RAC1,TGFBR2,COL18A1,GSTM3,CALD1,THBS2,MGST3,ARHGEF11,FLNA,COX7A2,GCLM,GSTA4,SORBS1,TXNDC12,ATG4A,HDAC1,RXRB,SDHD,CSNK2B,UQCRQ,ARHGAP5,SPP1,BTC,ITGB1,MYH11,HLA-A,CTNND1,ROCK1,RELA,CD14,CREB1,NFATC4,PPP1R12A,MITF,RHOA,TBL1XR1,FGFR2,PTPRC,NCK1,PPP2CA,ASAP1,CFL1,ATP6V0B,ACADVL,ITGB3,ACTG1,NDUFAB1,MYL12B,COX6B1,MARCKS,MGST2,IKBKG,NDUFB1,PTPN11,MYH14,TBL1X,GSS,NDUFV1,AKT3
BTO:0000180	Cervical carcinoma cell	20	322	0.81	1.37	1.14e-08	9606.ENSP00000229795,9606.ENSP00000262320,9606.ENSP00000263025,9606.ENSP00000266970,9606.ENSP00000298159,9606.ENSP00000308413,9606.ENSP00000309591,9606.ENSP00000317272,9606.ENSP00000339527,9606.ENSP00000341208,9606.ENSP00000346437,9606.ENSP00000346839,9606.ENSP00000348416,9606.ENSP00000348461,9606.ENSP00000351905,9606.ENSP00000362649,9606.ENSP00000379350,9606.ENSP00000382697,9606.ENSP00000387699,9606.ENSP00000432660	MAPK14,AXIN1,MAPK3,CDK2,CFL2,RPS6KB2,PRKACA,MET,FOXO3,STAT5A,ATG7,FN1,TJP1,RAC1,TGFBR2,HDAC1,ITGB1,ROCK1,CREB1,CFL1
BTO:0000203	Respiratory system	46	1707	0.45	0.9	1.53e-08	9606.ENSP00000200181,9606.ENSP00000216181,9606.ENSP00000216629,9606.ENSP00000222390,9606.ENSP00000225655,9606.ENSP00000231487,9606.ENSP00000253413,9606.ENSP00000265441,9606.ENSP00000270139,9606.ENSP00000282397,9606.ENSP00000290921,9606.ENSP00000295006,9606.ENSP00000298316,9606.ENSP00000300574,9606.ENSP00000306397,9606.ENSP00000326031,9606.ENSP00000329127,9606.ENSP00000329140,9606.ENSP00000336790,9606.ENSP00000339916,9606.ENSP00000345774,9606.ENSP00000346839,9606.ENSP00000351605,9606.ENSP00000354826,9606.ENSP00000356864,9606.ENSP00000356946,9606.ENSP00000358866,9606.ENSP00000362649,9606.ENSP00000364699,9606.ENSP00000366156,9606.ENSP00000371425,9606.ENSP00000371897,9606.ENSP00000378517,9606.ENSP00000379350,9606.ENSP00000379873,9606.ENSP00000393847,9606.ENSP00000400175,9606.ENSP00000418447,9606.ENSP00000420269,9606.ENSP00000432660,9606.ENSP00000438689,9606.ENSP00000458162,9606.ENSP00000483825,9606.ENSP00000493594,9606.ENSP00000495750,9606.ENSP00000497733	ITGB4,MYH9,BDKRB1,HGF,PFN1,SKP1,ATP6V1E1,WNT2,IFNAR1,FLT1,CTBP1,CAPN2,ARF6,CRK,UQCRFS1,PPP1CA,PRKCH,CREB3L2,ATF4,LIMK2,ALDH3A2,FN1,FZD6,CALD1,MGST3,FCGR3A,FLNA,HDAC1,SDHD,SRM,IFNGR2,ARHGAP5,SPP1,ITGB1,HLA-A,PLA2G10,RHOA,PPP2CA,ADH7,CFL1,ACADVL,ACTG1,IKBKG,MYH14,GSS,CDC42
BTO:0000570	Hematopoietic system	61	2755	0.36	0.8	1.66e-08	9606.ENSP00000216181,9606.ENSP00000222390,9606.ENSP00000225655,9606.ENSP00000228825,9606.ENSP00000229795,9606.ENSP00000231487,9606.ENSP00000241453,9606.ENSP00000252102,9606.ENSP00000254066,9606.ENSP00000257430,9606.ENSP00000263025,9606.ENSP00000263464,9606.ENSP00000264972,9606.ENSP00000266544,9606.ENSP00000289104,9606.ENSP00000294742,9606.ENSP00000295006,9606.ENSP00000296585,9606.ENSP00000298316,9606.ENSP00000300738,9606.ENSP00000303507,9606.ENSP00000306397,9606.ENSP00000314067,9606.ENSP00000325136,9606.ENSP00000326031,9606.ENSP00000336790,9606.ENSP00000346827,9606.ENSP00000346839,9606.ENSP00000349324,9606.ENSP00000351497,9606.ENSP00000356946,9606.ENSP00000358723,9606.ENSP00000358866,9606.ENSP00000359098,9606.ENSP00000362649,9606.ENSP00000365012,9606.ENSP00000365757,9606.ENSP00000376544,9606.ENSP00000379873,9606.ENSP00000384273,9606.ENSP00000385519,9606.ENSP00000388910,9606.ENSP00000389160,9606.ENSP00000389168,9606.ENSP00000391803,9606.ENSP00000400175,9606.ENSP00000410294,9606.ENSP00000411355,9606.ENSP00000417273,9606.ENSP00000428924,9606.ENSP00000429900,9606.ENSP00000432660,9606.ENSP00000438689,9606.ENSP00000452786,9606.ENSP00000458162,9606.ENSP00000466818,9606.ENSP00000472929,9606.ENSP00000483888,9606.ENSP00000489597,9606.ENSP00000495556,9606.ENSP00000497733	MYH9,HGF,PFN1,ARPC3,MAPK14,SKP1,FLT3,NDUFA2,RARA,APC,MAPK3,BIRC3,ZAP70,NDUFA9,MRAS,ARPC5,CAPN2,ITGA2,ARF6,RRM1,BCR,UQCRFS1,PAK2,HADHB,PPP1CA,ATF4,ALDH9A1,FN1,TNFRSF10C,FCGR2B,FCGR3A,RAP1A,FLNA,COX7A2,HDAC1,HCK,PIP4K2A,CD79B,HLA-A,RELA,CD14,NFATC4,NDUFA11,PPP1R12A,MITF,RHOA,FGFR2,PTPRC,NCK1,LYN,ASAP1,CFL1,ACADVL,ITGB3,ACTG1,COX6B1,VAV1,NDUFB1,PTPN11,TBL1X,CDC42
BTO:0003091	Urogenital system	111	7090	0.21	0.63	2.09e-08	9606.ENSP00000016171,9606.ENSP00000184266,9606.ENSP00000200181,9606.ENSP00000216181,9606.ENSP00000222390,9606.ENSP00000225655,9606.ENSP00000229379,9606.ENSP00000229795,9606.ENSP00000231487,9606.ENSP00000241453,9606.ENSP00000243501,9606.ENSP00000252102,9606.ENSP00000259037,9606.ENSP00000261461,9606.ENSP00000263088,9606.ENSP00000264634,9606.ENSP00000265441,9606.ENSP00000266970,9606.ENSP00000268182,9606.ENSP00000270139,9606.ENSP00000282397,9606.ENSP00000290277,9606.ENSP00000294742,9606.ENSP00000295006,9606.ENSP00000297029,9606.ENSP00000298159,9606.ENSP00000298316,9606.ENSP00000300574,9606.ENSP00000300738,9606.ENSP00000306397,9606.ENSP00000309591,9606.ENSP00000311318,9606.ENSP00000314067,9606.ENSP00000325136,9606.ENSP00000326031,9606.ENSP00000327290,9606.ENSP00000329127,9606.ENSP00000329140,9606.ENSP00000330825,9606.ENSP00000336790,9606.ENSP00000337261,9606.ENSP00000338157,9606.ENSP00000338806,9606.ENSP00000339527,9606.ENSP00000339916,9606.ENSP00000341208,9606.ENSP00000345774,9606.ENSP00000346437,9606.ENSP00000346827,9606.ENSP00000346839,9606.ENSP00000348416,9606.ENSP00000348461,9606.ENSP00000351497,9606.ENSP00000351605,9606.ENSP00000351905,9606.ENSP00000352798,9606.ENSP00000354357,9606.ENSP00000354826,9606.ENSP00000355751,9606.ENSP00000356864,9606.ENSP00000356946,9606.ENSP00000357883,9606.ENSP00000358866,9606.ENSP00000360002,9606.ENSP00000360293,9606.ENSP00000360688,9606.ENSP00000361306,9606.ENSP00000362649,9606.ENSP00000364699,9606.ENSP00000365042,9606.ENSP00000366182,9606.ENSP00000371897,9606.ENSP00000378517,9606.ENSP00000379092,9606.ENSP00000379350,9606.ENSP00000379616,9606.ENSP00000379873,9606.ENSP00000382004,9606.ENSP00000384273,9606.ENSP00000385519,9606.ENSP00000387699,9606.ENSP00000388910,9606.ENSP00000389160,9606.ENSP00000389168,9606.ENSP00000391803,9606.ENSP00000400175,9606.ENSP00000405574,9606.ENSP00000410294,9606.ENSP00000411355,9606.ENSP00000411672,9606.ENSP00000417273,9606.ENSP00000418447,9606.ENSP00000420269,9606.ENSP00000428056,9606.ENSP00000429900,9606.ENSP00000432660,9606.ENSP00000434729,9606.ENSP00000438689,9606.ENSP00000452786,9606.ENSP00000458162,9606.ENSP00000463559,9606.ENSP00000466818,9606.ENSP00000478061,9606.ENSP00000483825,9606.ENSP00000489597,9606.ENSP00000492363,9606.ENSP00000493594,9606.ENSP00000495750,9606.ENSP00000497587,9606.ENSP00000497733,9606.ENSP00000500582	COX15,NDUFB4,ITGB4,MYH9,HGF,PFN1,COX6A1,MAPK14,SKP1,FLT3,PLA2G12A,NDUFA2,NDUFB5,PPP2R5A,PLD2,WNT5A,WNT2,CDK2,IQGAP1,IFNAR1,FLT1,ARAF,ARPC5,CAPN2,SCIN,CFL2,ARF6,CRK,RRM1,UQCRFS1,PRKACA,ATG4D,PAK2,HADHB,PPP1CA,ITGA11,PRKCH,CREB3L2,IFITM1,ATF4,ARHGEF1,ZBTB16,NFAT5,FOXO3,LIMK2,STAT5A,ALDH3A2,ATG7,ALDH9A1,FN1,TJP1,RAC1,FCGR2B,FZD6,TGFBR2,COL18A1,GSTM3,CALD1,THBS2,MGST3,FCGR3A,PIP5K1A,FLNA,GSTA4,SORBS1,TXNDC12,ATG4A,HDAC1,SDHD,CSNK2B,ELK1,ARHGAP5,SPP1,BTC,ITGB1,MYH11,HLA-A,CTNND1,RELA,CD14,CREB1,NFATC4,NDUFA11,PPP1R12A,MITF,RHOA,TBL1XR1,FGFR2,PTPRC,ATP6V0E2,NCK1,PPP2CA,ADH7,PIK3R1,ASAP1,CFL1,ATP6V0B,ACADVL,ITGB3,ACTG1,MYL12B,COX6B1,MARCKS,IKBKG,PTPN11,PRICKLE2,MYH14,GSS,NDUFV1,CDC42,AKT3
BTO:0000089	Blood	47	1824	0.43	0.86	3.49e-08	9606.ENSP00000216181,9606.ENSP00000222390,9606.ENSP00000225655,9606.ENSP00000228825,9606.ENSP00000229795,9606.ENSP00000231487,9606.ENSP00000241453,9606.ENSP00000254066,9606.ENSP00000257430,9606.ENSP00000264972,9606.ENSP00000266544,9606.ENSP00000294742,9606.ENSP00000295006,9606.ENSP00000296585,9606.ENSP00000298316,9606.ENSP00000303507,9606.ENSP00000314067,9606.ENSP00000325136,9606.ENSP00000326031,9606.ENSP00000336790,9606.ENSP00000346839,9606.ENSP00000351497,9606.ENSP00000356946,9606.ENSP00000358723,9606.ENSP00000358866,9606.ENSP00000359098,9606.ENSP00000362649,9606.ENSP00000365757,9606.ENSP00000379873,9606.ENSP00000385519,9606.ENSP00000388910,9606.ENSP00000389168,9606.ENSP00000391803,9606.ENSP00000400175,9606.ENSP00000410294,9606.ENSP00000411355,9606.ENSP00000417273,9606.ENSP00000428924,9606.ENSP00000429900,9606.ENSP00000432660,9606.ENSP00000438689,9606.ENSP00000452786,9606.ENSP00000458162,9606.ENSP00000466818,9606.ENSP00000483888,9606.ENSP00000489597,9606.ENSP00000497733	MYH9,HGF,PFN1,ARPC3,MAPK14,SKP1,FLT3,RARA,APC,ZAP70,NDUFA9,ARPC5,CAPN2,ITGA2,ARF6,BCR,PAK2,HADHB,PPP1CA,ATF4,FN1,FCGR2B,FCGR3A,RAP1A,FLNA,COX7A2,HDAC1,PIP4K2A,HLA-A,CD14,NFATC4,PPP1R12A,MITF,RHOA,FGFR2,PTPRC,NCK1,LYN,ASAP1,CFL1,ACADVL,ITGB3,ACTG1,COX6B1,NDUFB1,PTPN11,CDC42
BTO:0000763	Lung	40	1395	0.48	0.91	4.81e-08	9606.ENSP00000200181,9606.ENSP00000216181,9606.ENSP00000216629,9606.ENSP00000222390,9606.ENSP00000225655,9606.ENSP00000231487,9606.ENSP00000253413,9606.ENSP00000265441,9606.ENSP00000270139,9606.ENSP00000290921,9606.ENSP00000295006,9606.ENSP00000300574,9606.ENSP00000306397,9606.ENSP00000326031,9606.ENSP00000329127,9606.ENSP00000329140,9606.ENSP00000336790,9606.ENSP00000339916,9606.ENSP00000346839,9606.ENSP00000351605,9606.ENSP00000354826,9606.ENSP00000356864,9606.ENSP00000356946,9606.ENSP00000358866,9606.ENSP00000362649,9606.ENSP00000364699,9606.ENSP00000366156,9606.ENSP00000371425,9606.ENSP00000378517,9606.ENSP00000379350,9606.ENSP00000379873,9606.ENSP00000393847,9606.ENSP00000400175,9606.ENSP00000418447,9606.ENSP00000432660,9606.ENSP00000438689,9606.ENSP00000458162,9606.ENSP00000483825,9606.ENSP00000493594,9606.ENSP00000495750	ITGB4,MYH9,BDKRB1,HGF,PFN1,SKP1,ATP6V1E1,WNT2,IFNAR1,CTBP1,CAPN2,CRK,UQCRFS1,PPP1CA,PRKCH,CREB3L2,ATF4,LIMK2,FN1,FZD6,CALD1,MGST3,FCGR3A,FLNA,HDAC1,SDHD,SRM,IFNGR2,SPP1,ITGB1,HLA-A,PLA2G10,RHOA,PPP2CA,CFL1,ACADVL,ACTG1,IKBKG,MYH14,GSS
BTO:0000583	Bone marrow cancer cell	22	442	0.71	1.19	5.45e-08	9606.ENSP00000229795,9606.ENSP00000253413,9606.ENSP00000262320,9606.ENSP00000262367,9606.ENSP00000263025,9606.ENSP00000264033,9606.ENSP00000270139,9606.ENSP00000290949,9606.ENSP00000308413,9606.ENSP00000338806,9606.ENSP00000339527,9606.ENSP00000341208,9606.ENSP00000348416,9606.ENSP00000354952,9606.ENSP00000362649,9606.ENSP00000382697,9606.ENSP00000387699,9606.ENSP00000411355,9606.ENSP00000428924,9606.ENSP00000452786,9606.ENSP00000478061,9606.ENSP00000489597	MAPK14,ATP6V1E1,AXIN1,CREBBP,MAPK3,CBL,IFNAR1,ATP6V0D1,RPS6KB2,NFAT5,FOXO3,STAT5A,TJP1,GAB2,HDAC1,ROCK1,CREB1,PTPRC,LYN,ITGB3,MARCKS,PTPN11
BTO:0000132	Blood platelet	20	363	0.76	1.23	6.33e-08	9606.ENSP00000216181,9606.ENSP00000228825,9606.ENSP00000229795,9606.ENSP00000294742,9606.ENSP00000295006,9606.ENSP00000296585,9606.ENSP00000303507,9606.ENSP00000314067,9606.ENSP00000325136,9606.ENSP00000326031,9606.ENSP00000358723,9606.ENSP00000358866,9606.ENSP00000389168,9606.ENSP00000400175,9606.ENSP00000417273,9606.ENSP00000428924,9606.ENSP00000429900,9606.ENSP00000432660,9606.ENSP00000452786,9606.ENSP00000458162	MYH9,ARPC3,MAPK14,ARPC5,CAPN2,ITGA2,BCR,PAK2,HADHB,PPP1CA,RAP1A,FLNA,PPP1R12A,RHOA,NCK1,LYN,ASAP1,CFL1,ITGB3,ACTG1
BTO:0000083	Female reproductive system	99	6111	0.23	0.63	8.70e-08	9606.ENSP00000016171,9606.ENSP00000184266,9606.ENSP00000200181,9606.ENSP00000216181,9606.ENSP00000222390,9606.ENSP00000225655,9606.ENSP00000229379,9606.ENSP00000229795,9606.ENSP00000231487,9606.ENSP00000241453,9606.ENSP00000243501,9606.ENSP00000261461,9606.ENSP00000263088,9606.ENSP00000264634,9606.ENSP00000265441,9606.ENSP00000266970,9606.ENSP00000268182,9606.ENSP00000270139,9606.ENSP00000282397,9606.ENSP00000290277,9606.ENSP00000294742,9606.ENSP00000295006,9606.ENSP00000297029,9606.ENSP00000298159,9606.ENSP00000298316,9606.ENSP00000300574,9606.ENSP00000300738,9606.ENSP00000309591,9606.ENSP00000311318,9606.ENSP00000314067,9606.ENSP00000325136,9606.ENSP00000326031,9606.ENSP00000327290,9606.ENSP00000329127,9606.ENSP00000329140,9606.ENSP00000330825,9606.ENSP00000336790,9606.ENSP00000337261,9606.ENSP00000339527,9606.ENSP00000339916,9606.ENSP00000341208,9606.ENSP00000345774,9606.ENSP00000346437,9606.ENSP00000346827,9606.ENSP00000346839,9606.ENSP00000348416,9606.ENSP00000348461,9606.ENSP00000351497,9606.ENSP00000351605,9606.ENSP00000351905,9606.ENSP00000352798,9606.ENSP00000354357,9606.ENSP00000354826,9606.ENSP00000355751,9606.ENSP00000356946,9606.ENSP00000357883,9606.ENSP00000358866,9606.ENSP00000360002,9606.ENSP00000360293,9606.ENSP00000360688,9606.ENSP00000361306,9606.ENSP00000362649,9606.ENSP00000365042,9606.ENSP00000371897,9606.ENSP00000378517,9606.ENSP00000379092,9606.ENSP00000379350,9606.ENSP00000379616,9606.ENSP00000379873,9606.ENSP00000382004,9606.ENSP00000384273,9606.ENSP00000385519,9606.ENSP00000387699,9606.ENSP00000388910,9606.ENSP00000389160,9606.ENSP00000389168,9606.ENSP00000391803,9606.ENSP00000400175,9606.ENSP00000405574,9606.ENSP00000410294,9606.ENSP00000411355,9606.ENSP00000411672,9606.ENSP00000417273,9606.ENSP00000418447,9606.ENSP00000428056,9606.ENSP00000429900,9606.ENSP00000432660,9606.ENSP00000438689,9606.ENSP00000452786,9606.ENSP00000458162,9606.ENSP00000463559,9606.ENSP00000478061,9606.ENSP00000483825,9606.ENSP00000489597,9606.ENSP00000492363,9606.ENSP00000493594,9606.ENSP00000497587,9606.ENSP00000497733,9606.ENSP00000500582	COX15,NDUFB4,ITGB4,MYH9,HGF,PFN1,COX6A1,MAPK14,SKP1,FLT3,PLA2G12A,PPP2R5A,PLD2,WNT5A,WNT2,CDK2,IQGAP1,IFNAR1,FLT1,ARAF,ARPC5,CAPN2,SCIN,CFL2,ARF6,CRK,RRM1,PRKACA,ATG4D,PAK2,HADHB,PPP1CA,ITGA11,PRKCH,CREB3L2,IFITM1,ATF4,ARHGEF1,FOXO3,LIMK2,STAT5A,ALDH3A2,ATG7,ALDH9A1,FN1,TJP1,RAC1,FCGR2B,FZD6,TGFBR2,COL18A1,GSTM3,CALD1,THBS2,FCGR3A,PIP5K1A,FLNA,GSTA4,SORBS1,TXNDC12,ATG4A,HDAC1,CSNK2B,ARHGAP5,SPP1,BTC,ITGB1,MYH11,HLA-A,CTNND1,RELA,CD14,CREB1,NFATC4,NDUFA11,PPP1R12A,MITF,RHOA,TBL1XR1,FGFR2,PTPRC,ATP6V0E2,NCK1,PPP2CA,PIK3R1,ASAP1,CFL1,ACADVL,ITGB3,ACTG1,MYL12B,MARCKS,IKBKG,PTPN11,PRICKLE2,MYH14,NDUFV1,CDC42,AKT3
BTO:0000081	Reproductive system	102	6444	0.22	0.61	1.36e-07	9606.ENSP00000016171,9606.ENSP00000184266,9606.ENSP00000200181,9606.ENSP00000216181,9606.ENSP00000222390,9606.ENSP00000225655,9606.ENSP00000229379,9606.ENSP00000229795,9606.ENSP00000231487,9606.ENSP00000241453,9606.ENSP00000243501,9606.ENSP00000261461,9606.ENSP00000263088,9606.ENSP00000264634,9606.ENSP00000265441,9606.ENSP00000266970,9606.ENSP00000268182,9606.ENSP00000270139,9606.ENSP00000282397,9606.ENSP00000290277,9606.ENSP00000294742,9606.ENSP00000295006,9606.ENSP00000297029,9606.ENSP00000298159,9606.ENSP00000298316,9606.ENSP00000300574,9606.ENSP00000300738,9606.ENSP00000309591,9606.ENSP00000311318,9606.ENSP00000314067,9606.ENSP00000325136,9606.ENSP00000326031,9606.ENSP00000327290,9606.ENSP00000329127,9606.ENSP00000329140,9606.ENSP00000330825,9606.ENSP00000336790,9606.ENSP00000337261,9606.ENSP00000338157,9606.ENSP00000339527,9606.ENSP00000339916,9606.ENSP00000341208,9606.ENSP00000345774,9606.ENSP00000346437,9606.ENSP00000346827,9606.ENSP00000346839,9606.ENSP00000348416,9606.ENSP00000348461,9606.ENSP00000351497,9606.ENSP00000351605,9606.ENSP00000351905,9606.ENSP00000352798,9606.ENSP00000354357,9606.ENSP00000354826,9606.ENSP00000355751,9606.ENSP00000356946,9606.ENSP00000357883,9606.ENSP00000358866,9606.ENSP00000360002,9606.ENSP00000360293,9606.ENSP00000360688,9606.ENSP00000361306,9606.ENSP00000362649,9606.ENSP00000364699,9606.ENSP00000365042,9606.ENSP00000371897,9606.ENSP00000378517,9606.ENSP00000379092,9606.ENSP00000379350,9606.ENSP00000379616,9606.ENSP00000379873,9606.ENSP00000382004,9606.ENSP00000384273,9606.ENSP00000385519,9606.ENSP00000387699,9606.ENSP00000388910,9606.ENSP00000389160,9606.ENSP00000389168,9606.ENSP00000391803,9606.ENSP00000400175,9606.ENSP00000405574,9606.ENSP00000410294,9606.ENSP00000411355,9606.ENSP00000411672,9606.ENSP00000417273,9606.ENSP00000418447,9606.ENSP00000420269,9606.ENSP00000428056,9606.ENSP00000429900,9606.ENSP00000432660,9606.ENSP00000438689,9606.ENSP00000452786,9606.ENSP00000458162,9606.ENSP00000463559,9606.ENSP00000478061,9606.ENSP00000483825,9606.ENSP00000489597,9606.ENSP00000492363,9606.ENSP00000493594,9606.ENSP00000497587,9606.ENSP00000497733,9606.ENSP00000500582	COX15,NDUFB4,ITGB4,MYH9,HGF,PFN1,COX6A1,MAPK14,SKP1,FLT3,PLA2G12A,PPP2R5A,PLD2,WNT5A,WNT2,CDK2,IQGAP1,IFNAR1,FLT1,ARAF,ARPC5,CAPN2,SCIN,CFL2,ARF6,CRK,RRM1,PRKACA,ATG4D,PAK2,HADHB,PPP1CA,ITGA11,PRKCH,CREB3L2,IFITM1,ATF4,ARHGEF1,ZBTB16,FOXO3,LIMK2,STAT5A,ALDH3A2,ATG7,ALDH9A1,FN1,TJP1,RAC1,FCGR2B,FZD6,TGFBR2,COL18A1,GSTM3,CALD1,THBS2,FCGR3A,PIP5K1A,FLNA,GSTA4,SORBS1,TXNDC12,ATG4A,HDAC1,SDHD,CSNK2B,ARHGAP5,SPP1,BTC,ITGB1,MYH11,HLA-A,CTNND1,RELA,CD14,CREB1,NFATC4,NDUFA11,PPP1R12A,MITF,RHOA,TBL1XR1,FGFR2,PTPRC,ATP6V0E2,NCK1,PPP2CA,ADH7,PIK3R1,ASAP1,CFL1,ACADVL,ITGB3,ACTG1,MYL12B,MARCKS,IKBKG,PTPN11,PRICKLE2,MYH14,NDUFV1,CDC42,AKT3
BTO:0001253	Skin	34	1151	0.49	0.86	4.97e-07	9606.ENSP00000225655,9606.ENSP00000228825,9606.ENSP00000231487,9606.ENSP00000258424,9606.ENSP00000259037,9606.ENSP00000263088,9606.ENSP00000294742,9606.ENSP00000295006,9606.ENSP00000297029,9606.ENSP00000298316,9606.ENSP00000324532,9606.ENSP00000329140,9606.ENSP00000329757,9606.ENSP00000342136,9606.ENSP00000345774,9606.ENSP00000346839,9606.ENSP00000348461,9606.ENSP00000351497,9606.ENSP00000354826,9606.ENSP00000358723,9606.ENSP00000358866,9606.ENSP00000359073,9606.ENSP00000366156,9606.ENSP00000371425,9606.ENSP00000379350,9606.ENSP00000379873,9606.ENSP00000391803,9606.ENSP00000400175,9606.ENSP00000432660,9606.ENSP00000452786,9606.ENSP00000458162,9606.ENSP00000458770,9606.ENSP00000463559,9606.ENSP00000483825	PFN1,ARPC3,SKP1,COX5B,NDUFB5,PLD2,ARPC5,CAPN2,SCIN,ARF6,LAMA3,CREB3L2,ATP6V0C,CREB3,ALDH3A2,FN1,RAC1,FCGR2B,CALD1,RAP1A,FLNA,VAV3,SRM,IFNGR2,ITGB1,HLA-A,MITF,RHOA,CFL1,ITGB3,ACTG1,NDUFAB1,MYL12B,IKBKG
BTO:0000426	Erythroleukemia cell	14	244	0.78	0.97	1.33e-05	9606.ENSP00000229795,9606.ENSP00000262367,9606.ENSP00000263025,9606.ENSP00000264033,9606.ENSP00000308413,9606.ENSP00000339527,9606.ENSP00000341208,9606.ENSP00000354952,9606.ENSP00000362649,9606.ENSP00000387699,9606.ENSP00000411355,9606.ENSP00000428924,9606.ENSP00000452786,9606.ENSP00000489597	MAPK14,CREBBP,MAPK3,CBL,RPS6KB2,FOXO3,STAT5A,GAB2,HDAC1,CREB1,PTPRC,LYN,ITGB3,PTPN11
BTO:0000634	Integument	44	2112	0.34	0.6	4.82e-05	9606.ENSP00000216629,9606.ENSP00000225655,9606.ENSP00000228825,9606.ENSP00000231487,9606.ENSP00000258424,9606.ENSP00000259037,9606.ENSP00000263088,9606.ENSP00000294742,9606.ENSP00000295006,9606.ENSP00000296585,9606.ENSP00000297029,9606.ENSP00000298316,9606.ENSP00000300738,9606.ENSP00000324532,9606.ENSP00000329140,9606.ENSP00000329757,9606.ENSP00000342136,9606.ENSP00000345774,9606.ENSP00000346839,9606.ENSP00000348416,9606.ENSP00000348461,9606.ENSP00000351497,9606.ENSP00000351605,9606.ENSP00000354826,9606.ENSP00000357177,9606.ENSP00000358723,9606.ENSP00000358866,9606.ENSP00000359073,9606.ENSP00000359098,9606.ENSP00000365012,9606.ENSP00000366156,9606.ENSP00000371425,9606.ENSP00000379350,9606.ENSP00000379873,9606.ENSP00000385886,9606.ENSP00000391803,9606.ENSP00000400175,9606.ENSP00000432660,9606.ENSP00000452786,9606.ENSP00000458162,9606.ENSP00000458770,9606.ENSP00000463559,9606.ENSP00000483825,9606.ENSP00000489597	BDKRB1,PFN1,ARPC3,SKP1,COX5B,NDUFB5,PLD2,ARPC5,CAPN2,ITGA2,SCIN,ARF6,RRM1,LAMA3,CREB3L2,ATP6V0C,CREB3,ALDH3A2,FN1,TJP1,RAC1,FCGR2B,FZD6,CALD1,ARHGEF11,RAP1A,FLNA,VAV3,COX7A2,HCK,SRM,IFNGR2,ITGB1,HLA-A,RASGRP3,MITF,RHOA,CFL1,ITGB3,ACTG1,NDUFAB1,MYL12B,IKBKG,PTPN11
BTO:0000898	Myeloma cell	5	21	1.39	0.93	0.00028	9606.ENSP00000253413,9606.ENSP00000270139,9606.ENSP00000290949,9606.ENSP00000354952,9606.ENSP00000452786	ATP6V1E1,IFNAR1,ATP6V0D1,GAB2,ITGB3
BTO:0000562	Heart	21	738	0.47	0.57	0.00075	9606.ENSP00000252102,9606.ENSP00000259037,9606.ENSP00000296585,9606.ENSP00000317780,9606.ENSP00000325136,9606.ENSP00000327290,9606.ENSP00000338157,9606.ENSP00000346839,9606.ENSP00000348416,9606.ENSP00000358866,9606.ENSP00000359098,9606.ENSP00000360002,9606.ENSP00000364163,9606.ENSP00000367939,9606.ENSP00000375821,9606.ENSP00000379350,9606.ENSP00000379616,9606.ENSP00000389160,9606.ENSP00000407336,9606.ENSP00000438689,9606.ENSP00000441126	NDUFA2,NDUFB5,ITGA2,COX5A,HADHB,ITGA11,ZBTB16,FN1,TJP1,FLNA,COX7A2,GSTA4,NOTCH4,UQCRQ,PPP1R12B,ITGB1,MYH11,NDUFA11,NDUFB3,ACADVL,NDUFC1
BTO:0001424	Uterus	27	1117	0.4	0.54	0.00075	9606.ENSP00000184266,9606.ENSP00000229379,9606.ENSP00000231487,9606.ENSP00000263088,9606.ENSP00000298316,9606.ENSP00000327290,9606.ENSP00000330825,9606.ENSP00000337261,9606.ENSP00000339916,9606.ENSP00000341208,9606.ENSP00000346839,9606.ENSP00000348416,9606.ENSP00000351605,9606.ENSP00000354357,9606.ENSP00000354826,9606.ENSP00000371897,9606.ENSP00000379350,9606.ENSP00000379616,9606.ENSP00000379873,9606.ENSP00000389160,9606.ENSP00000391803,9606.ENSP00000417273,9606.ENSP00000418447,9606.ENSP00000432660,9606.ENSP00000458162,9606.ENSP00000492363,9606.ENSP00000497733	NDUFB4,COX6A1,SKP1,PLD2,ARF6,ITGA11,IFITM1,ARHGEF1,LIMK2,STAT5A,FN1,TJP1,FZD6,GSTM3,CALD1,ARHGAP5,ITGB1,MYH11,HLA-A,NDUFA11,MITF,NCK1,PPP2CA,CFL1,ACTG1,PRICKLE2,CDC42
BTO:0000088	Cardiovascular system	26	1057	0.41	0.54	0.00079	9606.ENSP00000252102,9606.ENSP00000259037,9606.ENSP00000296585,9606.ENSP00000317780,9606.ENSP00000325136,9606.ENSP00000327290,9606.ENSP00000338157,9606.ENSP00000346839,9606.ENSP00000348416,9606.ENSP00000354826,9606.ENSP00000358866,9606.ENSP00000359098,9606.ENSP00000360002,9606.ENSP00000364163,9606.ENSP00000364699,9606.ENSP00000367939,9606.ENSP00000375821,9606.ENSP00000379350,9606.ENSP00000379616,9606.ENSP00000389160,9606.ENSP00000400175,9606.ENSP00000407336,9606.ENSP00000438689,9606.ENSP00000441126,9606.ENSP00000458162,9606.ENSP00000497733	NDUFA2,NDUFB5,ITGA2,COX5A,HADHB,ITGA11,ZBTB16,FN1,TJP1,CALD1,FLNA,COX7A2,GSTA4,NOTCH4,SDHD,UQCRQ,PPP1R12B,ITGB1,MYH11,NDUFA11,RHOA,NDUFB3,ACADVL,NDUFC1,ACTG1,CDC42
BTO:0001485	Muscular system	28	1220	0.38	0.5	0.0012	9606.ENSP00000016171,9606.ENSP00000266544,9606.ENSP00000298159,9606.ENSP00000325136,9606.ENSP00000326031,9606.ENSP00000327290,9606.ENSP00000329757,9606.ENSP00000337261,9606.ENSP00000339527,9606.ENSP00000341208,9606.ENSP00000346839,9606.ENSP00000354826,9606.ENSP00000356946,9606.ENSP00000357883,9606.ENSP00000360002,9606.ENSP00000360293,9606.ENSP00000364699,9606.ENSP00000379350,9606.ENSP00000379616,9606.ENSP00000402257,9606.ENSP00000411355,9606.ENSP00000417273,9606.ENSP00000428056,9606.ENSP00000434729,9606.ENSP00000452786,9606.ENSP00000458162,9606.ENSP00000466818,9606.ENSP00000493594	COX15,NDUFA9,CFL2,HADHB,PPP1CA,ITGA11,ATP6V0C,ARHGEF1,FOXO3,STAT5A,FN1,CALD1,FCGR3A,PIP5K1A,GSTA4,SORBS1,SDHD,ITGB1,MYH11,RUNX1T1,PTPRC,NCK1,PIK3R1,ATP6V0B,ITGB3,ACTG1,COX6B1,MYH14
BTO:0000671	Kidney	25	1039	0.4	0.5	0.0016	9606.ENSP00000252102,9606.ENSP00000264634,9606.ENSP00000290277,9606.ENSP00000306397,9606.ENSP00000325136,9606.ENSP00000336790,9606.ENSP00000338806,9606.ENSP00000346437,9606.ENSP00000346839,9606.ENSP00000352798,9606.ENSP00000356864,9606.ENSP00000360688,9606.ENSP00000361306,9606.ENSP00000371897,9606.ENSP00000378517,9606.ENSP00000379873,9606.ENSP00000391803,9606.ENSP00000400175,9606.ENSP00000417273,9606.ENSP00000432660,9606.ENSP00000434729,9606.ENSP00000458162,9606.ENSP00000466818,9606.ENSP00000495750,9606.ENSP00000497587	NDUFA2,WNT5A,ARAF,UQCRFS1,HADHB,ATF4,NFAT5,ATG7,FN1,COL18A1,MGST3,TXNDC12,ATG4A,ARHGAP5,SPP1,HLA-A,MITF,RHOA,NCK1,CFL1,ATP6V0B,ACTG1,COX6B1,GSS,NDUFV1
BTO:0003092	Urinary system	28	1249	0.37	0.48	0.0017	9606.ENSP00000252102,9606.ENSP00000259037,9606.ENSP00000264634,9606.ENSP00000290277,9606.ENSP00000306397,9606.ENSP00000325136,9606.ENSP00000336790,9606.ENSP00000338806,9606.ENSP00000346437,9606.ENSP00000346839,9606.ENSP00000352798,9606.ENSP00000356864,9606.ENSP00000358866,9606.ENSP00000360688,9606.ENSP00000361306,9606.ENSP00000366182,9606.ENSP00000371897,9606.ENSP00000378517,9606.ENSP00000379873,9606.ENSP00000391803,9606.ENSP00000400175,9606.ENSP00000417273,9606.ENSP00000432660,9606.ENSP00000434729,9606.ENSP00000458162,9606.ENSP00000466818,9606.ENSP00000495750,9606.ENSP00000497587	NDUFA2,NDUFB5,WNT5A,ARAF,UQCRFS1,HADHB,ATF4,NFAT5,ATG7,FN1,COL18A1,MGST3,FLNA,TXNDC12,ATG4A,ELK1,ARHGAP5,SPP1,HLA-A,MITF,RHOA,NCK1,CFL1,ATP6V0B,ACTG1,COX6B1,GSS,NDUFV1
BTO:0000751	Leukocyte	23	924	0.41	0.5	0.0019	9606.ENSP00000216181,9606.ENSP00000222390,9606.ENSP00000225655,9606.ENSP00000229795,9606.ENSP00000241453,9606.ENSP00000257430,9606.ENSP00000264972,9606.ENSP00000298316,9606.ENSP00000346839,9606.ENSP00000351497,9606.ENSP00000356946,9606.ENSP00000358866,9606.ENSP00000362649,9606.ENSP00000365757,9606.ENSP00000385519,9606.ENSP00000388910,9606.ENSP00000389168,9606.ENSP00000411355,9606.ENSP00000432660,9606.ENSP00000458162,9606.ENSP00000466818,9606.ENSP00000489597,9606.ENSP00000497733	MYH9,HGF,PFN1,MAPK14,FLT3,APC,ZAP70,ARF6,FN1,FCGR2B,FCGR3A,FLNA,HDAC1,PIP4K2A,CD14,NFATC4,PPP1R12A,PTPRC,CFL1,ACTG1,COX6B1,PTPN11,CDC42
BTO:0001244	Urinary tract	28	1258	0.37	0.48	0.0019	9606.ENSP00000252102,9606.ENSP00000259037,9606.ENSP00000264634,9606.ENSP00000290277,9606.ENSP00000306397,9606.ENSP00000325136,9606.ENSP00000336790,9606.ENSP00000338806,9606.ENSP00000346437,9606.ENSP00000346839,9606.ENSP00000352798,9606.ENSP00000356864,9606.ENSP00000358866,9606.ENSP00000360688,9606.ENSP00000361306,9606.ENSP00000366182,9606.ENSP00000371897,9606.ENSP00000378517,9606.ENSP00000379873,9606.ENSP00000391803,9606.ENSP00000400175,9606.ENSP00000417273,9606.ENSP00000432660,9606.ENSP00000434729,9606.ENSP00000458162,9606.ENSP00000466818,9606.ENSP00000495750,9606.ENSP00000497587	NDUFA2,NDUFB5,WNT5A,ARAF,UQCRFS1,HADHB,ATF4,NFAT5,ATG7,FN1,COL18A1,MGST3,FLNA,TXNDC12,ATG4A,ELK1,ARHGAP5,SPP1,HLA-A,MITF,RHOA,NCK1,CFL1,ATP6V0B,ACTG1,COX6B1,GSS,NDUFV1
BTO:0000421	Connective tissue	23	954	0.4	0.47	0.0030	9606.ENSP00000222390,9606.ENSP00000253413,9606.ENSP00000325136,9606.ENSP00000326031,9606.ENSP00000327290,9606.ENSP00000336790,9606.ENSP00000341208,9606.ENSP00000346839,9606.ENSP00000354826,9606.ENSP00000355751,9606.ENSP00000356946,9606.ENSP00000371425,9606.ENSP00000378517,9606.ENSP00000379350,9606.ENSP00000384273,9606.ENSP00000400175,9606.ENSP00000411355,9606.ENSP00000417273,9606.ENSP00000418447,9606.ENSP00000432660,9606.ENSP00000458162,9606.ENSP00000467262,9606.ENSP00000497733	HGF,ATP6V1E1,HADHB,PPP1CA,ITGA11,ATF4,STAT5A,FN1,CALD1,THBS2,FCGR3A,IFNGR2,SPP1,ITGB1,RELA,RHOA,PTPRC,NCK1,PPP2CA,CFL1,ACTG1,UQCR11,CDC42
BTO:0000574	Hematopoietic cell	24	1019	0.39	0.46	0.0030	9606.ENSP00000216181,9606.ENSP00000222390,9606.ENSP00000225655,9606.ENSP00000229795,9606.ENSP00000231487,9606.ENSP00000241453,9606.ENSP00000257430,9606.ENSP00000264972,9606.ENSP00000298316,9606.ENSP00000346839,9606.ENSP00000351497,9606.ENSP00000356946,9606.ENSP00000358866,9606.ENSP00000362649,9606.ENSP00000365757,9606.ENSP00000385519,9606.ENSP00000388910,9606.ENSP00000389168,9606.ENSP00000411355,9606.ENSP00000432660,9606.ENSP00000458162,9606.ENSP00000466818,9606.ENSP00000489597,9606.ENSP00000497733	MYH9,HGF,PFN1,MAPK14,SKP1,FLT3,APC,ZAP70,ARF6,FN1,FCGR2B,FCGR3A,FLNA,HDAC1,PIP4K2A,CD14,NFATC4,PPP1R12A,PTPRC,CFL1,ACTG1,COX6B1,PTPN11,CDC42
BTO:0000887	Muscle	24	1070	0.37	0.42	0.0059	9606.ENSP00000016171,9606.ENSP00000266544,9606.ENSP00000298159,9606.ENSP00000325136,9606.ENSP00000326031,9606.ENSP00000327290,9606.ENSP00000329757,9606.ENSP00000337261,9606.ENSP00000339527,9606.ENSP00000346839,9606.ENSP00000354826,9606.ENSP00000357883,9606.ENSP00000360002,9606.ENSP00000360293,9606.ENSP00000364699,9606.ENSP00000379350,9606.ENSP00000379616,9606.ENSP00000402257,9606.ENSP00000428056,9606.ENSP00000434729,9606.ENSP00000452786,9606.ENSP00000458162,9606.ENSP00000466818,9606.ENSP00000493594	COX15,NDUFA9,CFL2,HADHB,PPP1CA,ITGA11,ATP6V0C,ARHGEF1,FOXO3,FN1,CALD1,PIP5K1A,GSTA4,SORBS1,SDHD,ITGB1,MYH11,RUNX1T1,PIK3R1,ATP6V0B,ITGB3,ACTG1,COX6B1,MYH14
BTO:0000463	Filament	3	8	1.59	0.6	0.0067	9606.ENSP00000225655,9606.ENSP00000298159,9606.ENSP00000432660	PFN1,CFL2,CFL1
BTO:0000969	Osteoclastoma cell	3	8	1.59	0.6	0.0067	9606.ENSP00000253413,9606.ENSP00000290949,9606.ENSP00000452786	ATP6V1E1,ATP6V0D1,ITGB3
BTO:0001486	Skeletal system	27	1307	0.33	0.4	0.0077	9606.ENSP00000200181,9606.ENSP00000241453,9606.ENSP00000254066,9606.ENSP00000266544,9606.ENSP00000268182,9606.ENSP00000298159,9606.ENSP00000300738,9606.ENSP00000325136,9606.ENSP00000327290,9606.ENSP00000346839,9606.ENSP00000360002,9606.ENSP00000360293,9606.ENSP00000364163,9606.ENSP00000364699,9606.ENSP00000365012,9606.ENSP00000378517,9606.ENSP00000379350,9606.ENSP00000384273,9606.ENSP00000385519,9606.ENSP00000400175,9606.ENSP00000411355,9606.ENSP00000428056,9606.ENSP00000429900,9606.ENSP00000432660,9606.ENSP00000452786,9606.ENSP00000458162,9606.ENSP00000466818	ITGB4,FLT3,RARA,NDUFA9,IQGAP1,CFL2,RRM1,HADHB,ITGA11,FN1,GSTA4,SORBS1,NOTCH4,SDHD,HCK,SPP1,ITGB1,RELA,CD14,RHOA,PTPRC,PIK3R1,ASAP1,CFL1,ITGB3,ACTG1,COX6B1
BTO:0000775	Lymphocyte	18	698	0.43	0.42	0.0081	9606.ENSP00000216181,9606.ENSP00000225655,9606.ENSP00000229795,9606.ENSP00000241453,9606.ENSP00000257430,9606.ENSP00000346839,9606.ENSP00000351497,9606.ENSP00000356946,9606.ENSP00000358866,9606.ENSP00000362649,9606.ENSP00000385519,9606.ENSP00000388910,9606.ENSP00000389168,9606.ENSP00000411355,9606.ENSP00000432660,9606.ENSP00000458162,9606.ENSP00000466818,9606.ENSP00000489597	MYH9,PFN1,MAPK14,FLT3,APC,FN1,FCGR2B,FCGR3A,FLNA,HDAC1,CD14,NFATC4,PPP1R12A,PTPRC,CFL1,ACTG1,COX6B1,PTPN11
BTO:0000141	Bone marrow	15	528	0.47	0.42	0.0102	9606.ENSP00000200181,9606.ENSP00000241453,9606.ENSP00000254066,9606.ENSP00000268182,9606.ENSP00000298159,9606.ENSP00000300738,9606.ENSP00000346839,9606.ENSP00000364163,9606.ENSP00000364699,9606.ENSP00000365012,9606.ENSP00000379350,9606.ENSP00000385519,9606.ENSP00000411355,9606.ENSP00000429900,9606.ENSP00000452786	ITGB4,FLT3,RARA,IQGAP1,CFL2,RRM1,FN1,NOTCH4,SDHD,HCK,ITGB1,CD14,PTPRC,ASAP1,ITGB3
BTO:0000140	Bone	8	165	0.7	0.46	0.0113	9606.ENSP00000327290,9606.ENSP00000346839,9606.ENSP00000378517,9606.ENSP00000384273,9606.ENSP00000400175,9606.ENSP00000411355,9606.ENSP00000432660,9606.ENSP00000458162	ITGA11,FN1,SPP1,RELA,RHOA,PTPRC,CFL1,ACTG1
BTO:0000176	Carcinoma cell	16	616	0.43	0.38	0.0156	9606.ENSP00000229795,9606.ENSP00000261461,9606.ENSP00000262320,9606.ENSP00000263025,9606.ENSP00000287842,9606.ENSP00000300738,9606.ENSP00000303507,9606.ENSP00000317272,9606.ENSP00000339916,9606.ENSP00000346839,9606.ENSP00000363817,9606.ENSP00000365042,9606.ENSP00000382697,9606.ENSP00000400175,9606.ENSP00000463559,9606.ENSP00000483825	MAPK14,PPP2R5A,AXIN1,MAPK3,NRG1,RRM1,BCR,MET,LIMK2,FN1,RXRB,CSNK2B,ROCK1,RHOA,MYL12B,IKBKG
BTO:0000431	Excretory gland	27	1385	0.31	0.35	0.0165	9606.ENSP00000252102,9606.ENSP00000264634,9606.ENSP00000290277,9606.ENSP00000306397,9606.ENSP00000325136,9606.ENSP00000336790,9606.ENSP00000338806,9606.ENSP00000346437,9606.ENSP00000346839,9606.ENSP00000352798,9606.ENSP00000356864,9606.ENSP00000360688,9606.ENSP00000361306,9606.ENSP00000371897,9606.ENSP00000378517,9606.ENSP00000379092,9606.ENSP00000379873,9606.ENSP00000391803,9606.ENSP00000400175,9606.ENSP00000410294,9606.ENSP00000417273,9606.ENSP00000432660,9606.ENSP00000434729,9606.ENSP00000458162,9606.ENSP00000466818,9606.ENSP00000495750,9606.ENSP00000497587	NDUFA2,WNT5A,ARAF,UQCRFS1,HADHB,ATF4,NFAT5,ATG7,FN1,COL18A1,MGST3,TXNDC12,ATG4A,ARHGAP5,SPP1,BTC,HLA-A,MITF,RHOA,FGFR2,NCK1,CFL1,ATP6V0B,ACTG1,COX6B1,GSS,NDUFV1
BTO:0000452	Fibroblast	9	224	0.62	0.41	0.0165	9606.ENSP00000222390,9606.ENSP00000327290,9606.ENSP00000336790,9606.ENSP00000346839,9606.ENSP00000354826,9606.ENSP00000355751,9606.ENSP00000371425,9606.ENSP00000418447,9606.ENSP00000467262	HGF,ITGA11,ATF4,FN1,CALD1,THBS2,IFNGR2,PPP2CA,UQCR11
BTO:0000988	Pancreas	16	626	0.43	0.37	0.0173	9606.ENSP00000200181,9606.ENSP00000225655,9606.ENSP00000295006,9606.ENSP00000326031,9606.ENSP00000336790,9606.ENSP00000342136,9606.ENSP00000346839,9606.ENSP00000348461,9606.ENSP00000358866,9606.ENSP00000360002,9606.ENSP00000378517,9606.ENSP00000379873,9606.ENSP00000432660,9606.ENSP00000438689,9606.ENSP00000458162,9606.ENSP00000495556	ITGB4,PFN1,CAPN2,PPP1CA,ATF4,CREB3,FN1,RAC1,FLNA,GSTA4,SPP1,HLA-A,CFL1,ACADVL,ACTG1,TBL1X
BTO:0000604	Adenocarcinoma cell	15	568	0.44	0.37	0.0185	9606.ENSP00000229795,9606.ENSP00000261461,9606.ENSP00000262320,9606.ENSP00000263025,9606.ENSP00000287842,9606.ENSP00000300738,9606.ENSP00000303507,9606.ENSP00000317272,9606.ENSP00000339916,9606.ENSP00000346839,9606.ENSP00000363817,9606.ENSP00000365042,9606.ENSP00000382697,9606.ENSP00000400175,9606.ENSP00000483825	MAPK14,PPP2R5A,AXIN1,MAPK3,NRG1,RRM1,BCR,MET,LIMK2,FN1,RXRB,CSNK2B,ROCK1,RHOA,IKBKG
BTO:0000511	Gastrointestinal tract	32	1816	0.26	0.31	0.0242	9606.ENSP00000216181,9606.ENSP00000225655,9606.ENSP00000253413,9606.ENSP00000266544,9606.ENSP00000287842,9606.ENSP00000325136,9606.ENSP00000336790,9606.ENSP00000339527,9606.ENSP00000346839,9606.ENSP00000348416,9606.ENSP00000348461,9606.ENSP00000354826,9606.ENSP00000358866,9606.ENSP00000360688,9606.ENSP00000362649,9606.ENSP00000365012,9606.ENSP00000376544,9606.ENSP00000379350,9606.ENSP00000379616,9606.ENSP00000379873,9606.ENSP00000384273,9606.ENSP00000389168,9606.ENSP00000400175,9606.ENSP00000420269,9606.ENSP00000432660,9606.ENSP00000438689,9606.ENSP00000458162,9606.ENSP00000489597,9606.ENSP00000493594,9606.ENSP00000495750,9606.ENSP00000497587,9606.ENSP00000497733	MYH9,PFN1,ATP6V1E1,NDUFA9,NRG1,HADHB,ATF4,FOXO3,FN1,TJP1,RAC1,CALD1,FLNA,TXNDC12,HDAC1,HCK,CD79B,ITGB1,MYH11,HLA-A,RELA,PPP1R12A,RHOA,ADH7,CFL1,ACADVL,ACTG1,PTPN11,MYH14,GSS,NDUFV1,CDC42
BTO:0000037	Renal cell carcinoma cell	5	68	0.88	0.41	0.0248	9606.ENSP00000229795,9606.ENSP00000262320,9606.ENSP00000287842,9606.ENSP00000303507,9606.ENSP00000382697	MAPK14,AXIN1,NRG1,BCR,ROCK1
BTO:0005810	Immune system	30	1664	0.27	0.31	0.0248	9606.ENSP00000216181,9606.ENSP00000225655,9606.ENSP00000229795,9606.ENSP00000241453,9606.ENSP00000252102,9606.ENSP00000257430,9606.ENSP00000264972,9606.ENSP00000289104,9606.ENSP00000295006,9606.ENSP00000346827,9606.ENSP00000346839,9606.ENSP00000349324,9606.ENSP00000351497,9606.ENSP00000356946,9606.ENSP00000358866,9606.ENSP00000362649,9606.ENSP00000365012,9606.ENSP00000376544,9606.ENSP00000378517,9606.ENSP00000379873,9606.ENSP00000384273,9606.ENSP00000385519,9606.ENSP00000388910,9606.ENSP00000389168,9606.ENSP00000411355,9606.ENSP00000432660,9606.ENSP00000458162,9606.ENSP00000466818,9606.ENSP00000472929,9606.ENSP00000489597	MYH9,PFN1,MAPK14,FLT3,NDUFA2,APC,ZAP70,MRAS,CAPN2,ALDH9A1,FN1,TNFRSF10C,FCGR2B,FCGR3A,FLNA,HDAC1,HCK,CD79B,SPP1,HLA-A,RELA,CD14,NFATC4,PPP1R12A,PTPRC,CFL1,ACTG1,COX6B1,VAV1,PTPN11
BTO:0000753	Lymphoid tissue	29	1600	0.28	0.31	0.0273	9606.ENSP00000216181,9606.ENSP00000225655,9606.ENSP00000229795,9606.ENSP00000241453,9606.ENSP00000252102,9606.ENSP00000257430,9606.ENSP00000264972,9606.ENSP00000289104,9606.ENSP00000295006,9606.ENSP00000346827,9606.ENSP00000346839,9606.ENSP00000349324,9606.ENSP00000351497,9606.ENSP00000356946,9606.ENSP00000358866,9606.ENSP00000362649,9606.ENSP00000365012,9606.ENSP00000376544,9606.ENSP00000379873,9606.ENSP00000384273,9606.ENSP00000385519,9606.ENSP00000388910,9606.ENSP00000389168,9606.ENSP00000411355,9606.ENSP00000432660,9606.ENSP00000458162,9606.ENSP00000466818,9606.ENSP00000472929,9606.ENSP00000489597	MYH9,PFN1,MAPK14,FLT3,NDUFA2,APC,ZAP70,MRAS,CAPN2,ALDH9A1,FN1,TNFRSF10C,FCGR2B,FCGR3A,FLNA,HDAC1,HCK,CD79B,HLA-A,RELA,CD14,NFATC4,PPP1R12A,PTPRC,CFL1,ACTG1,COX6B1,VAV1,PTPN11
BTO:0002612	Filopodium	2	3	1.84	0.42	0.0315	9606.ENSP00000400175,9606.ENSP00000497733	RHOA,CDC42
BTO:0004136	Kasumi-1 cell	2	3	1.84	0.42	0.0315	9606.ENSP00000241453,9606.ENSP00000402257	FLT3,RUNX1T1
BTO:0000058	Alimentary canal	34	2021	0.24	0.29	0.0323	9606.ENSP00000216181,9606.ENSP00000225655,9606.ENSP00000231487,9606.ENSP00000253413,9606.ENSP00000266544,9606.ENSP00000287842,9606.ENSP00000325136,9606.ENSP00000326031,9606.ENSP00000336790,9606.ENSP00000339527,9606.ENSP00000346839,9606.ENSP00000348416,9606.ENSP00000348461,9606.ENSP00000354826,9606.ENSP00000358866,9606.ENSP00000360688,9606.ENSP00000362649,9606.ENSP00000365012,9606.ENSP00000376544,9606.ENSP00000379350,9606.ENSP00000379616,9606.ENSP00000379873,9606.ENSP00000384273,9606.ENSP00000389168,9606.ENSP00000400175,9606.ENSP00000420269,9606.ENSP00000432660,9606.ENSP00000438689,9606.ENSP00000458162,9606.ENSP00000489597,9606.ENSP00000493594,9606.ENSP00000495750,9606.ENSP00000497587,9606.ENSP00000497733	MYH9,PFN1,SKP1,ATP6V1E1,NDUFA9,NRG1,HADHB,PPP1CA,ATF4,FOXO3,FN1,TJP1,RAC1,CALD1,FLNA,TXNDC12,HDAC1,HCK,CD79B,ITGB1,MYH11,HLA-A,RELA,PPP1R12A,RHOA,ADH7,CFL1,ACADVL,ACTG1,PTPN11,MYH14,GSS,NDUFV1,CDC42
BTO:0000202	Sense organ	22	1124	0.31	0.28	0.0458	9606.ENSP00000231487,9606.ENSP00000264634,9606.ENSP00000293829,9606.ENSP00000297029,9606.ENSP00000300574,9606.ENSP00000309591,9606.ENSP00000325136,9606.ENSP00000336790,9606.ENSP00000346839,9606.ENSP00000348416,9606.ENSP00000364699,9606.ENSP00000378517,9606.ENSP00000387699,9606.ENSP00000400175,9606.ENSP00000410294,9606.ENSP00000429707,9606.ENSP00000432660,9606.ENSP00000458162,9606.ENSP00000466818,9606.ENSP00000478061,9606.ENSP00000489597,9606.ENSP00000497587	SKP1,WNT5A,FGF11,SCIN,CRK,PRKACA,HADHB,ATF4,FN1,TJP1,SDHD,SPP1,CREB1,RHOA,FGFR2,COX6C,CFL1,ACTG1,COX6B1,MARCKS,PTPN11,NDUFV1
