"PATH","Nh","NES_normal_fenotipo","pvalue_normal_fenotipo","p.adjust_normal_fenotipo","NES_preranked_genesetperm","pvalue_preranked_genesetperm","p.adjust_preranked_genesetperm","Direcao_normal","Direcao_preranked","Direcao_concorda","Sig_normal_FDR05","Sig_preranked_FDR05","Sig_so_no_preranked"
"00053",18,-1.41462542976654,0.00199600798403194,0.00659287485634791,-1.06956745064246,0.213786213786214,0.312787883257682,"para baixo no POP","para baixo no POP",TRUE,TRUE,FALSE,FALSE
"00071",38,NA,0.00199600798403194,0.00659287485634791,-0.960586280019931,0.300699300699301,0.366600066600067,NA,"para baixo no POP",NA,TRUE,FALSE,FALSE
"00230",144,NA,0.00199600798403194,0.00659287485634791,-1.32744064116291,0.020979020979021,0.0593951503042412,NA,"para baixo no POP",NA,TRUE,FALSE,FALSE
"00240",86,NA,0.00199600798403194,0.00659287485634791,-1.43038888745429,0.012987012987013,0.0449391877963307,NA,"para baixo no POP",NA,TRUE,TRUE,FALSE
"00250",29,NA,0.00199600798403194,0.00659287485634791,-0.798652675572279,0.440559440559441,0.470793911970383,NA,"para baixo no POP",NA,TRUE,FALSE,FALSE
"00260",32,NA,0.00199600798403194,0.00659287485634791,-1.14324864693086,0.147852147852148,0.238753838753839,NA,"para baixo no POP",NA,TRUE,FALSE,FALSE
"00270",32,-1.92564841792501,0.00199600798403194,0.00659287485634791,-1.09393714635975,0.192807192807193,0.289381851025687,"para baixo no POP","para baixo no POP",TRUE,TRUE,FALSE,FALSE
"00280",41,NA,0.00199600798403194,0.00659287485634791,-0.976635505683987,0.286713286713287,0.36551752341226,NA,"para baixo no POP",NA,TRUE,FALSE,FALSE
"00310",35,-2.7572453023731,0.00199600798403194,0.00659287485634791,-1.62916082885785,0.00699300699300699,0.0298916769505005,"para baixo no POP","para baixo no POP",TRUE,TRUE,TRUE,FALSE
"00340",26,-1.61629193511585,0.00199600798403194,0.00659287485634791,-1.35508488587987,0.0699300699300699,0.143818445705238,"para baixo no POP","para baixo no POP",TRUE,TRUE,FALSE,FALSE
"00380",35,-1.46755490555073,0.00199600798403194,0.00659287485634791,-1.07498287637774,0.20979020979021,0.309015309015309,"para baixo no POP","para baixo no POP",TRUE,TRUE,FALSE,FALSE
"00410",22,NA,0.00199600798403194,0.00659287485634791,-1.0384682438378,0.217782217782218,0.314414062758434,NA,"para baixo no POP",NA,TRUE,FALSE,FALSE
"00480",47,NA,0.00199600798403194,0.00659287485634791,-0.663796245620617,0.562437562437562,0.567645317645318,NA,"para baixo no POP",NA,TRUE,FALSE,FALSE
"00510",46,NA,0.00199600798403194,0.00659287485634791,-0.989621009313616,0.285714285714286,0.36551752341226,NA,"para baixo no POP",NA,TRUE,FALSE,FALSE
"00514",32,NA,0.00199600798403194,0.00659287485634791,-1.00512045427651,0.253746253746254,0.343581883954555,NA,"para baixo no POP",NA,TRUE,FALSE,FALSE
"00520",46,-1.39780921695411,0.00199600798403194,0.00659287485634791,-0.849388941452284,0.410589410589411,0.447542457542458,"para baixo no POP","para baixo no POP",TRUE,TRUE,FALSE,FALSE
"00563",24,-1.93784896711781,0.00199600798403194,0.00659287485634791,-1.25991405180712,0.0919080919080919,0.170199548350809,"para baixo no POP","para baixo no POP",TRUE,TRUE,FALSE,FALSE
"00565",26,NA,0.00199600798403194,0.00659287485634791,-0.857632019723149,0.395604395604396,0.433375669556574,NA,"para baixo no POP",NA,TRUE,FALSE,FALSE
"00591",27,-1.1221175183949,0.00199600798403194,0.00659287485634791,-0.852685558002497,0.363636363636364,0.412878787878788,"para baixo no POP","para baixo no POP",TRUE,TRUE,FALSE,FALSE
"00620",39,-1.44357013688353,0.00199600798403194,0.00659287485634791,-0.994661349928468,0.247752247752248,0.337562437562438,"para baixo no POP","para baixo no POP",TRUE,TRUE,FALSE,FALSE
"00640",30,-2.69596687258082,0.00199600798403194,0.00659287485634791,-1.24488859332565,0.0929070929070929,0.170199548350809,"para baixo no POP","para baixo no POP",TRUE,TRUE,FALSE,FALSE
"00670",18,-2.39415069800817,0.00199600798403194,0.00659287485634791,-1.68445149016051,0.00799200799200799,0.0316774134955953,"para baixo no POP","para baixo no POP",TRUE,TRUE,TRUE,FALSE
"00760",20,-2.35071816225763,0.00199600798403194,0.00659287485634791,-1.42596839464767,0.038961038961039,0.0913280268118978,"para baixo no POP","para baixo no POP",TRUE,TRUE,FALSE,FALSE
"00770",16,-1.40231636293835,0.00199600798403194,0.00659287485634791,-0.99150595127928,0.262737262737263,0.351390940347996,"para baixo no POP","para baixo no POP",TRUE,TRUE,FALSE,FALSE
"00830",50,NA,0.00199600798403194,0.00659287485634791,-0.798053178343028,0.475524475524476,0.491300169025288,NA,"para baixo no POP",NA,TRUE,FALSE,FALSE
"00900",15,-1.62332704387224,0.00199600798403194,0.00659287485634791,-1.25485154946076,0.112887112887113,0.198462827495086,"para baixo no POP","para baixo no POP",TRUE,TRUE,FALSE,FALSE
"00920",13,-2.21730756022213,0.00199600798403194,0.00659287485634791,-1.59418612701643,0.015984015984016,0.0527956891593255,"para baixo no POP","para baixo no POP",TRUE,TRUE,FALSE,FALSE
"00970",13,-1.88165075176452,0.00199600798403194,0.00659287485634791,-1.463884480953,0.030969030969031,0.0767187358096449,"para baixo no POP","para baixo no POP",TRUE,TRUE,FALSE,FALSE
"00980",61,NA,0.00199600798403194,0.00659287485634791,-0.832995187239492,0.468531468531469,0.487417344560202,NA,"para baixo no POP",NA,TRUE,FALSE,FALSE
"00982",64,NA,0.00199600798403194,0.00659287485634791,-1.0245442506529,0.224775224775225,0.320267967326791,NA,"para baixo no POP",NA,TRUE,FALSE,FALSE
"03008",57,NA,0.00199600798403194,0.00659287485634791,-1.31190437289418,0.045954045954046,0.106574276787043,NA,"para baixo no POP",NA,TRUE,FALSE,FALSE
"03010",85,-2.40382225459045,0.00199600798403194,0.00659287485634791,-2.13222319414463,0.000999000999000999,0.00725940725940726,"para baixo no POP","para baixo no POP",TRUE,TRUE,TRUE,FALSE
"03013",117,NA,0.00199600798403194,0.00659287485634791,-1.36486386349397,0.021978021978022,0.0598901098901099,NA,"para baixo no POP",NA,TRUE,FALSE,FALSE
"03018",57,NA,0.00199600798403194,0.00659287485634791,-0.855202305712444,0.452547452547453,0.481023830538394,NA,"para baixo no POP",NA,TRUE,FALSE,FALSE
"03020",27,-1.77076598283232,0.00199600798403194,0.00659287485634791,-1.3269223612177,0.0619380619380619,0.131092208762112,"para baixo no POP","para baixo no POP",TRUE,TRUE,FALSE,FALSE
"03022",32,NA,0.00199600798403194,0.00659287485634791,-0.831943895031649,0.434565434565435,0.466676180961895,NA,"para baixo no POP",NA,TRUE,FALSE,FALSE
"03030",31,-2.05638132014788,0.00199600798403194,0.00659287485634791,-1.39562104525895,0.034965034965035,0.0846930846930847,"para baixo no POP","para baixo no POP",TRUE,TRUE,FALSE,FALSE
"03040",94,NA,0.00199600798403194,0.00659287485634791,-0.975676389356191,0.301698301698302,0.366600066600067,NA,"para baixo no POP",NA,TRUE,FALSE,FALSE
"03060",19,-1.47621909813068,0.00199600798403194,0.00659287485634791,-1.11136218237001,0.187812187812188,0.286315083517881,"para baixo no POP","para baixo no POP",TRUE,TRUE,FALSE,FALSE
"03410",33,-2.50542898733645,0.00199600798403194,0.00659287485634791,-1.52652912563084,0.020979020979021,0.0593951503042412,"para baixo no POP","para baixo no POP",TRUE,TRUE,FALSE,FALSE
"03420",44,NA,0.00199600798403194,0.00659287485634791,-1.05111875446495,0.227772227772228,0.320350617124811,NA,"para baixo no POP",NA,TRUE,FALSE,FALSE
"03430",23,-1.95435642608261,0.00199600798403194,0.00659287485634791,-1.45435340191566,0.027972027972028,0.0725940725940726,"para baixo no POP","para baixo no POP",TRUE,TRUE,FALSE,FALSE
"03440",23,-2.39054101435658,0.00199600798403194,0.00659287485634791,-1.71853901472072,0.00599400599400599,0.0272227772227772,"para baixo no POP","para baixo no POP",TRUE,TRUE,TRUE,FALSE
"03450",12,-1.68852195235654,0.00199600798403194,0.00659287485634791,-1.16034473649837,0.166833166833167,0.256124157532608,"para baixo no POP","para baixo no POP",TRUE,TRUE,FALSE,FALSE
"04120",120,NA,0.00199600798403194,0.00659287485634791,-0.906633547760494,0.428571428571429,0.462517680339463,NA,"para baixo no POP",NA,TRUE,FALSE,FALSE
"04142",113,NA,0.00199600798403194,0.00659287485634791,-0.720515744900232,0.597402597402597,0.597402597402597,NA,"para baixo no POP",NA,TRUE,FALSE,FALSE
"04146",73,NA,0.00199600798403194,0.00659287485634791,-1.14281569574606,0.133866133866134,0.227990759240759,NA,"para baixo no POP",NA,TRUE,FALSE,FALSE
"04612",71,NA,0.00199600798403194,0.00659287485634791,-1.42143920929735,0.021978021978022,0.0598901098901099,NA,"para baixo no POP",NA,TRUE,FALSE,FALSE
"04614",16,-1.21195557113229,0.00199600798403194,0.00659287485634791,-0.86013852819383,0.341658341658342,0.402602802602803,"para baixo no POP","para baixo no POP",TRUE,TRUE,FALSE,FALSE
"04650",118,NA,0.00199600798403194,0.00659287485634791,-1.05607301421735,0.226773226773227,0.320350617124811,NA,"para baixo no POP",NA,TRUE,FALSE,FALSE
"04664",73,NA,0.00199600798403194,0.00659287485634791,-0.950396406486998,0.320679320679321,0.382011431191759,NA,"para baixo no POP",NA,TRUE,FALSE,FALSE
"04672",48,-1.77402461356071,0.00199600798403194,0.00659287485634791,-1.27041397677483,0.0789210789210789,0.154998154998155,"para baixo no POP","para baixo no POP",TRUE,TRUE,FALSE,FALSE
"04742",46,NA,0.00199600798403194,0.00659287485634791,-0.770481218023052,0.512487512487512,0.524517735785341,NA,"para baixo no POP",NA,TRUE,FALSE,FALSE
"04940",41,-2.06554711259424,0.00199600798403194,0.00659287485634791,-1.45563493024825,0.018981018981019,0.0574703074703075,"para baixo no POP","para baixo no POP",TRUE,TRUE,FALSE,FALSE
"04977",20,NA,0.00199600798403194,0.00659287485634791,-0.945033134511546,0.2997002997003,0.366600066600067,NA,"para baixo no POP",NA,TRUE,FALSE,FALSE
"05110",50,NA,0.00199600798403194,0.00659287485634791,-0.521160791071027,0.554445554445554,0.562182004042469,NA,"para baixo no POP",NA,TRUE,FALSE,FALSE
"05140",63,-1.44744175365755,0.00199600798403194,0.00659287485634791,-0.937769546962657,0.351648351648352,0.407762450315642,"para baixo no POP","para baixo no POP",TRUE,TRUE,FALSE,FALSE
"05150",50,-1.67590510631574,0.00199600798403194,0.00659287485634791,-1.13496683757174,0.153846153846154,0.244417453050547,"para baixo no POP","para baixo no POP",TRUE,TRUE,FALSE,FALSE
"05217",54,NA,0.00199600798403194,0.00659287485634791,-1.15599221707196,0.12987012987013,0.222926679619593,NA,"para baixo no POP",NA,TRUE,FALSE,FALSE
"05310",30,-1.98066176992497,0.00199600798403194,0.00659287485634791,-1.53310055069333,0.017982017982018,0.0552123932405623,"para baixo no POP","para baixo no POP",TRUE,TRUE,FALSE,FALSE
"05320",47,-1.98579196466362,0.00199600798403194,0.00659287485634791,-1.2384617186873,0.0859140859140859,0.167225631511346,"para baixo no POP","para baixo no POP",TRUE,TRUE,FALSE,FALSE
"05322",53,-2.09023841221037,0.00199600798403194,0.00659287485634791,-1.19927820661622,0.0999000999000999,0.178510014575588,"para baixo no POP","para baixo no POP",TRUE,TRUE,FALSE,FALSE
"05323",85,-1.42005657562534,0.00199600798403194,0.00659287485634791,-0.825168311233182,0.531468531468531,0.541402522710934,"para baixo no POP","para baixo no POP",TRUE,TRUE,FALSE,FALSE
"05330",36,-2.14251282992377,0.00199600798403194,0.00659287485634791,-1.59876744309456,0.00899100899100899,0.0343866659656133,"para baixo no POP","para baixo no POP",TRUE,TRUE,TRUE,FALSE
"05332",38,-2.49401086277495,0.00199600798403194,0.00659287485634791,-1.53560970646669,0.012987012987013,0.0449391877963307,"para baixo no POP","para baixo no POP",TRUE,TRUE,TRUE,FALSE
"05340",34,-2.48765702956513,0.00199600798403194,0.00659287485634791,-1.45222109484162,0.028971028971029,0.0734381897172595,"para baixo no POP","para baixo no POP",TRUE,TRUE,FALSE,FALSE
"00534",26,-1.1311381340152,0.00399201596806387,0.0127979335446754,-1.0459185674314,0.231768231768232,0.32388124695817,"para baixo no POP","para baixo no POP",TRUE,TRUE,FALSE,FALSE
"00650",25,-1.1446286919506,0.00399201596806387,0.0127979335446754,-0.79338343004702,0.454545454545455,0.481023830538394,"para baixo no POP","para baixo no POP",TRUE,TRUE,FALSE,FALSE
"00030",26,-0.796631184629402,0.00598802395209581,0.0183857636838998,-0.515158847091145,0.594405594405594,0.597144790693178,"para baixo no POP","para baixo no POP",TRUE,TRUE,FALSE,FALSE
"00061",5,-1.52811376214927,0.00598802395209581,0.0183857636838998,-1.227423285294,0.11988011988012,0.207411635983065,"para baixo no POP","para baixo no POP",TRUE,TRUE,FALSE,FALSE
"00592",17,-1.28482899137038,0.00598802395209581,0.0183857636838998,-1.0499825068719,0.215784215784216,0.313606393606394,"para baixo no POP","para baixo no POP",TRUE,TRUE,FALSE,FALSE
"00532",15,-1.18626135816034,0.00798403193612774,0.0238427255078883,-0.823544815687797,0.38961038961039,0.431164794801158,"para baixo no POP","para baixo no POP",TRUE,TRUE,FALSE,FALSE
"00750",6,-1.49115203700642,0.00798403193612774,0.0238427255078883,-1.17835413468348,0.137862137862138,0.230981140072049,"para baixo no POP","para baixo no POP",TRUE,TRUE,FALSE,FALSE
"00533",14,1.46921104167589,0.0159680638722555,0.0464138389886893,1.67899793538773,0.004995004995005,0.0241980241980242,"para cima no POP","para cima no POP",TRUE,TRUE,TRUE,FALSE
"00740",9,-0.850670780310407,0.0159680638722555,0.0464138389886893,-0.634769375218619,0.509490509490509,0.523910052211939,"para baixo no POP","para baixo no POP",TRUE,TRUE,FALSE,FALSE
"00100",16,-1.31621871993415,0.0179640718562874,0.0515285219035613,-0.951274456997858,0.27972027972028,0.364688565871998,"para baixo no POP","para baixo no POP",TRUE,FALSE,FALSE,FALSE
"00430",7,-1.32487200821051,0.0199600798403194,0.0565103559115535,-1.03416529548737,0.222777222777223,0.319509437930491,"para baixo no POP","para baixo no POP",TRUE,FALSE,FALSE,FALSE
"00130",7,-1.16833305009977,0.0219560878243513,0.0590916931568961,-0.829626580452265,0.368631368631369,0.416381545915225,"para baixo no POP","para baixo no POP",TRUE,FALSE,FALSE,FALSE
"00630",16,-1.00217700425022,0.0219560878243513,0.0590916931568961,-0.750722528466156,0.457542457542458,0.48163375086452,"para baixo no POP","para baixo no POP",TRUE,FALSE,FALSE,FALSE
"04350",80,1.45030575908102,0.0219560878243513,0.0590916931568961,2.06338031687146,0.000999000999000999,0.00725940725940726,"para cima no POP","para cima no POP",TRUE,FALSE,TRUE,TRUE
"05130",45,1.60138694933214,0.0219560878243513,0.0590916931568961,2.11460021940745,0.000999000999000999,0.00725940725940726,"para cima no POP","para cima no POP",TRUE,FALSE,TRUE,TRUE
"04122",7,-1.43289000080669,0.0239520958083832,0.0636775230027749,-1.37837504045991,0.0599400599400599,0.129375574920129,"para baixo no POP","para baixo no POP",TRUE,FALSE,FALSE,FALSE
"00460",5,-1.30669191247189,0.0339321357285429,0.0870259481037924,-1.17129769474664,0.154845154845155,0.244417453050547,"para baixo no POP","para baixo no POP",TRUE,FALSE,FALSE,FALSE
"00524",5,-1.27391185543287,0.0339321357285429,0.0870259481037924,-1.04202875180434,0.233766233766234,0.324592604847382,"para baixo no POP","para baixo no POP",TRUE,FALSE,FALSE,FALSE
"05144",48,1.48598014612788,0.0339321357285429,0.0870259481037924,1.9970325638106,0.000999000999000999,0.00725940725940726,"para cima no POP","para cima no POP",TRUE,FALSE,TRUE,TRUE
"00232",7,-1.16443418265748,0.0379241516966068,0.0961333147658172,-0.954362733275979,0.274725274725275,0.362970362970363,"para baixo no POP","para baixo no POP",TRUE,FALSE,FALSE,FALSE
"04964",23,1.51415015947739,0.0578842315369262,0.143395028125567,1.82986675421351,0.001998001998002,0.0120990120990121,"para cima no POP","para cima no POP",TRUE,FALSE,TRUE,TRUE
"05410",82,1.42249232011003,0.0578842315369262,0.143395028125567,2.03848690642705,0.000999000999000999,0.00725940725940726,"para cima no POP","para cima no POP",TRUE,FALSE,TRUE,TRUE
"00450",11,1.4414535839957,0.06187624750499,0.149878021734309,1.60885802474807,0.013986013986014,0.0476398601398601,"para cima no POP","para cima no POP",TRUE,FALSE,TRUE,TRUE
"05010",140,1.61747811323209,0.06187624750499,0.149878021734309,2.3990303333808,0.000999000999000999,0.00725940725940726,"para cima no POP","para cima no POP",TRUE,FALSE,TRUE,TRUE
"04260",68,1.59780738159824,0.0678642714570858,0.160808817148312,2.16246959125887,0.000999000999000999,0.00725940725940726,"para cima no POP","para cima no POP",TRUE,FALSE,TRUE,TRUE
"04621",44,1.43788552351771,0.0678642714570858,0.160808817148312,1.90040869730303,0.000999000999000999,0.00725940725940726,"para cima no POP","para cima no POP",TRUE,FALSE,TRUE,TRUE
"05012",96,1.74350199063867,0.0718562874251497,0.168437318910566,2.44685180903064,0.000999000999000999,0.00725940725940726,"para cima no POP","para cima no POP",TRUE,FALSE,TRUE,TRUE
"04530",119,1.33386533376176,0.0778443113772455,0.180532551917442,1.9982233988223,0.000999000999000999,0.00725940725940726,"para cima no POP","para cima no POP",TRUE,FALSE,TRUE,TRUE
"04920",66,1.26272474087814,0.12375249500998,0.28102129075183,1.76559192437566,0.000999000999000999,0.00725940725940726,"para cima no POP","para cima no POP",TRUE,FALSE,TRUE,TRUE
"05014",49,1.25226054672831,0.12375249500998,0.28102129075183,1.70068963669783,0.001998001998002,0.0120990120990121,"para cima no POP","para cima no POP",TRUE,FALSE,TRUE,TRUE
"00290",7,-0.837183069510543,0.127744510978044,0.287095911270243,-0.686254191419936,0.45954045954046,0.48163375086452,"para baixo no POP","para baixo no POP",TRUE,FALSE,FALSE,FALSE
"04973",35,1.25020605412938,0.143712574850299,0.319687156299646,1.64471973131137,0.002997002997003,0.0176580176580177,"para cima no POP","para cima no POP",TRUE,FALSE,TRUE,TRUE
"04970",80,1.25835003788296,0.145708582834331,0.319948338616884,1.84382448716277,0.000999000999000999,0.00725940725940726,"para cima no POP","para cima no POP",TRUE,FALSE,TRUE,TRUE
"04971",70,1.27568943149407,0.147704590818363,0.319948338616884,1.83236538262251,0.000999000999000999,0.00725940725940726,"para cima no POP","para cima no POP",TRUE,FALSE,TRUE,TRUE
"04210",78,1.24410171343591,0.149700598802395,0.319948338616884,1.75923534928052,0.000999000999000999,0.00725940725940726,"para cima no POP","para cima no POP",TRUE,FALSE,TRUE,TRUE
"04730",62,1.22972342101126,0.149700598802395,0.319948338616884,1.7018358139063,0.000999000999000999,0.00725940725940726,"para cima no POP","para cima no POP",TRUE,FALSE,TRUE,TRUE
"04720",65,1.26966059297248,0.159680638722555,0.337964847005019,1.7927837376175,0.000999000999000999,0.00725940725940726,"para cima no POP","para cima no POP",TRUE,FALSE,TRUE,TRUE
"05211",62,1.24530405201235,0.171656686626747,0.35981882389068,1.69313247417634,0.000999000999000999,0.00725940725940726,"para cima no POP","para cima no POP",TRUE,FALSE,TRUE,TRUE
"05016",153,1.35792531622764,0.17564870259481,0.364680163482559,2.02162694316012,0.000999000999000999,0.00725940725940726,"para cima no POP","para cima no POP",TRUE,FALSE,TRUE,TRUE
"00190",98,1.4226354223483,0.183632734530938,0.374130244184528,1.96576678400133,0.000999000999000999,0.00725940725940726,"para cima no POP","para cima no POP",TRUE,FALSE,TRUE,TRUE
"04012",80,1.21762339404398,0.183632734530938,0.374130244184528,1.72812014552319,0.000999000999000999,0.00725940725940726,"para cima no POP","para cima no POP",TRUE,FALSE,TRUE,TRUE
"04540",72,1.18311080078066,0.187624750499002,0.378724033414652,1.67934999373709,0.000999000999000999,0.00725940725940726,"para cima no POP","para cima no POP",TRUE,FALSE,TRUE,TRUE
"05160",120,1.16575610712378,0.189620758483034,0.379241516966068,1.7579202253581,0.001998001998002,0.0120990120990121,"para cima no POP","para cima no POP",TRUE,FALSE,TRUE,TRUE
"04320",22,1.20386114473375,0.203592814371257,0.399848950747154,1.47554681486588,0.021978021978022,0.0598901098901099,"para cima no POP","para cima no POP",TRUE,FALSE,FALSE,FALSE
"04950",20,1.32603456876837,0.203592814371257,0.399848950747154,1.58289699594002,0.010989010989011,0.0399267399267399,"para cima no POP","para cima no POP",TRUE,FALSE,TRUE,TRUE
"05143",31,1.22827176973576,0.213572854291417,0.415704305674366,1.60462565960832,0.00799200799200799,0.0316774134955953,"para cima no POP","para cima no POP",TRUE,FALSE,TRUE,TRUE
"03050",42,1.26631768727483,0.217564870259481,0.419726917845724,1.68405406913452,0.003996003996004,0.0223366377212531,"para cima no POP","para cima no POP",TRUE,FALSE,TRUE,TRUE
"05414",89,1.16711292070671,0.219560878243513,0.419862030325314,1.69485958584322,0.000999000999000999,0.00725940725940726,"para cima no POP","para cima no POP",TRUE,FALSE,TRUE,TRUE
"05131",57,1.17316380670135,0.221556886227545,0.41999479302265,1.60311331145815,0.001998001998002,0.0120990120990121,"para cima no POP","para cima no POP",TRUE,FALSE,TRUE,TRUE
"00062",7,1.16458497499381,0.229540918163673,0.431378622066212,1.27484977907834,0.0869130869130869,0.167673034929672,"para cima no POP","para cima no POP",TRUE,FALSE,FALSE,FALSE
"04710",18,1.15442764335635,0.241516966067864,0.450005970964055,1.37457952919044,0.04995004995005,0.112258875145473,"para cima no POP","para cima no POP",TRUE,FALSE,FALSE,FALSE
"04622",55,1.15827116459224,0.245508982035928,0.45356744138841,1.62230416340393,0.004995004995005,0.0241980241980242,"para cima no POP","para cima no POP",TRUE,FALSE,TRUE,TRUE
"00601",25,1.16722554086122,0.253493013972056,0.464382160049649,1.43932884096569,0.024975024975025,0.0663970176165298,"para cima no POP","para cima no POP",TRUE,FALSE,FALSE,FALSE
"04020",170,1.13048673220913,0.263473053892216,0.478642714570858,1.74202755796058,0.000999000999000999,0.00725940725940726,"para cima no POP","para cima no POP",TRUE,FALSE,TRUE,TRUE
"00910",23,1.14198244552938,0.271457085828343,0.485062661562122,1.40515533885956,0.036963036963037,0.0875863267167615,"para cima no POP","para cima no POP",TRUE,FALSE,FALSE,FALSE
"05220",69,1.1198557821118,0.271457085828343,0.485062661562122,1.57781012312759,0.000999000999000999,0.00725940725940726,"para cima no POP","para cima no POP",TRUE,FALSE,TRUE,TRUE
"04380",121,1.12144299588471,0.323353293413174,0.570890219560878,1.6871057676595,0.000999000999000999,0.00725940725940726,"para cima no POP","para cima no POP",TRUE,FALSE,TRUE,TRUE
"05215",83,1.08906502300315,0.325349301397206,0.570890219560878,1.57295261747233,0.000999000999000999,0.00725940725940726,"para cima no POP","para cima no POP",TRUE,FALSE,TRUE,TRUE
"05212",66,1.11178776733974,0.327345309381238,0.570890219560878,1.54483945382073,0.00699300699300699,0.0298916769505005,"para cima no POP","para cima no POP",TRUE,FALSE,TRUE,TRUE
"04512",82,1.14221743655008,0.341317365269461,0.585883351407421,1.6449622764537,0.001998001998002,0.0120990120990121,"para cima no POP","para cima no POP",TRUE,FALSE,TRUE,TRUE
"04960",38,1.07302787189093,0.341317365269461,0.585883351407421,1.40613237840153,0.020979020979021,0.0593951503042412,"para cima no POP","para cima no POP",TRUE,FALSE,FALSE,FALSE
"00790",10,1.09234254227657,0.349301397205589,0.593358737071312,1.14828138893335,0.145854145854146,0.237285102956745,"para cima no POP","para cima no POP",TRUE,FALSE,FALSE,FALSE
"04510",184,1.10813996947354,0.357285429141717,0.593358737071312,1.72440495573891,0.000999000999000999,0.00725940725940726,"para cima no POP","para cima no POP",TRUE,FALSE,TRUE,TRUE
"04962",44,1.08030215491421,0.359281437125749,0.593358737071312,1.41978264004747,0.020979020979021,0.0593951503042412,"para cima no POP","para cima no POP",TRUE,FALSE,FALSE,FALSE
"05120",61,1.07868414594276,0.359281437125749,0.593358737071312,1.48818786256707,0.004995004995005,0.0241980241980242,"para cima no POP","para cima no POP",TRUE,FALSE,TRUE,TRUE
"05412",74,1.07424698431354,0.359281437125749,0.593358737071312,1.55040428679036,0.00699300699300699,0.0298916769505005,"para cima no POP","para cima no POP",TRUE,FALSE,TRUE,TRUE
"05219",37,1.09692636855478,0.377245508982036,0.616975005213454,1.38803574969777,0.031968031968032,0.078303718753157,"para cima no POP","para cima no POP",TRUE,FALSE,FALSE,FALSE
"05142",99,1.0618415065294,0.379241516966068,0.616975005213454,1.57652734808186,0.000999000999000999,0.00725940725940726,"para cima no POP","para cima no POP",TRUE,FALSE,TRUE,TRUE
"04150",44,1.07291983543873,0.387225548902196,0.625297553042064,1.45130844729325,0.016983016983017,0.0536564884390971,"para cima no POP","para cima no POP",TRUE,FALSE,FALSE,FALSE
"04610",68,1.06951223500232,0.393213572854291,0.62887363958215,1.48453160795799,0.00799200799200799,0.0316774134955953,"para cima no POP","para cima no POP",TRUE,FALSE,TRUE,TRUE
"04722",119,1.06691438297715,0.395209580838323,0.62887363958215,1.59397825427508,0.001998001998002,0.0120990120990121,"para cima no POP","para cima no POP",TRUE,FALSE,TRUE,TRUE
"04810",197,1.0583063593889,0.425149700598802,0.671613295148833,1.67212191704546,0.000999000999000999,0.00725940725940726,"para cima no POP","para cima no POP",TRUE,FALSE,TRUE,TRUE
"04115",63,1.05873878128019,0.445109780439122,0.691269942384734,1.47017131391387,0.00999000999000999,0.0375486582383134,"para cima no POP","para cima no POP",TRUE,FALSE,TRUE,TRUE
"04144",175,1.03318052180653,0.445109780439122,0.691269942384734,1.5908769252572,0.000999000999000999,0.00725940725940726,"para cima no POP","para cima no POP",TRUE,FALSE,TRUE,TRUE
"05221",54,1.03933463476041,0.447105788423154,0.691269942384734,1.415778325551,0.01998001998002,0.0593951503042412,"para cima no POP","para cima no POP",TRUE,FALSE,FALSE,FALSE
"00512",25,1.03281052501702,0.457085828343313,0.699859023212317,1.2648699999326,0.0779220779220779,0.154427390791027,"para cima no POP","para cima no POP",TRUE,FALSE,FALSE,FALSE
"00360",17,1.01393621761504,0.459081836327345,0.699859023212317,1.23634683645117,0.0889110889110889,0.168544498979282,"para cima no POP","para cima no POP",TRUE,FALSE,FALSE,FALSE
"05210",60,1.0059756146061,0.491017964071856,0.743346640053227,1.40272558697527,0.016983016983017,0.0536564884390971,"para cima no POP","para cima no POP",TRUE,FALSE,FALSE,FALSE
"05100",67,1.02421723425035,0.506986027944112,0.762227269598733,1.43160393545882,0.011988011988012,0.0428424034981412,"para cima no POP","para cima no POP",TRUE,FALSE,TRUE,TRUE
"04370",67,0.987275435004408,0.522954091816367,0.780849260383343,1.36538983015683,0.022977022977023,0.0618393951727285,"para cima no POP","para cima no POP",TRUE,FALSE,FALSE,FALSE
"04140",29,0.971627649848251,0.546906187624751,0.811058155797249,1.2550618488937,0.0769230769230769,0.154427390791027,"para cima no POP","para cima no POP",TRUE,FALSE,FALSE,FALSE
"05218",70,0.984675718391395,0.552894211576846,0.811852804458198,1.36899643062952,0.017982017982018,0.0552123932405623,"para cima no POP","para cima no POP",TRUE,FALSE,FALSE,FALSE
"04972",91,0.997022730305491,0.554890219560878,0.811852804458198,1.46758780253839,0.00799200799200799,0.0316774134955953,"para cima no POP","para cima no POP",TRUE,FALSE,TRUE,TRUE
"00603",14,0.963566747337136,0.564870259481038,0.820944777112442,1.09125268206148,0.155844155844156,0.244417453050547,"para cima no POP","para cima no POP",TRUE,FALSE,FALSE,FALSE
"05146",101,0.977212347506047,0.57684630738523,0.827876714104259,1.42945562074899,0.00599400599400599,0.0272227772227772,"para cima no POP","para cima no POP",TRUE,FALSE,TRUE,TRUE
"05214",60,0.965411095936873,0.578842315369261,0.827876714104259,1.34295797068251,0.028971028971029,0.0734381897172595,"para cima no POP","para cima no POP",TRUE,FALSE,FALSE,FALSE
"04630",139,0.941610183442632,0.584830339321357,0.827876714104259,1.42792706783473,0.00599400599400599,0.0272227772227772,"para cima no POP","para cima no POP",TRUE,FALSE,TRUE,TRUE
"05216",28,0.956550596754649,0.584830339321357,0.827876714104259,1.21642393260468,0.0879120879120879,0.168112589165221,"para cima no POP","para cima no POP",TRUE,FALSE,FALSE,FALSE
"04360",124,0.966438439486127,0.588822355289421,0.828150151310283,1.46006753690945,0.004995004995005,0.0241980241980242,"para cima no POP","para cima no POP",TRUE,FALSE,TRUE,TRUE
"04662",70,0.953663286114812,0.596806387225549,0.833998669328011,1.35853478715955,0.016983016983017,0.0536564884390971,"para cima no POP","para cima no POP",TRUE,FALSE,FALSE,FALSE
"04740",141,0.907123818292819,0.616766467065868,0.856401845989549,1.34344151156715,0.00899100899100899,0.0343866659656133,"para cima no POP","para cima no POP",TRUE,FALSE,TRUE,TRUE
"00531",18,0.850656488242266,0.626746506986028,0.85938123752495,1.01407006479078,0.193806193806194,0.289381851025687,"para cima no POP","para cima no POP",TRUE,FALSE,FALSE,FALSE
"04520",66,0.927861615847673,0.62874251497006,0.85938123752495,1.34457070086248,0.014985014985015,0.0502574348728195,"para cima no POP","para cima no POP",TRUE,FALSE,FALSE,FALSE
"04912",94,0.952932697381913,0.630738522954092,0.85938123752495,1.43833558905658,0.010989010989011,0.0399267399267399,"para cima no POP","para cima no POP",TRUE,FALSE,TRUE,TRUE
"04670",107,0.939501857843801,0.644710578842315,0.872962150233694,1.4299813152152,0.004995004995005,0.0241980241980242,"para cima no POP","para cima no POP",TRUE,FALSE,TRUE,TRUE
"04910",129,0.903558300427674,0.668662674650699,0.899805327616372,1.3779449355079,0.004995004995005,0.0241980241980242,"para cima no POP","para cima no POP",TRUE,FALSE,TRUE,TRUE
"00604",15,0.833852726539657,0.70059880239521,0.934627785848422,0.95128407663445,0.235764235764236,0.325294958206351,"para cima no POP","para cima no POP",TRUE,FALSE,FALSE,FALSE
"00330",47,0.87254129067137,0.710578842315369,0.934627785848422,1.15813387187391,0.0929070929070929,0.170199548350809,"para cima no POP","para cima no POP",TRUE,FALSE,FALSE,FALSE
"00511",14,0.635221408661756,0.714570858283433,0.934627785848422,0.759279184957487,0.362637362637363,0.412878787878788,"para cima no POP","para cima no POP",TRUE,FALSE,FALSE,FALSE
"00600",27,0.846656106100285,0.714570858283433,0.934627785848422,1.0352013962453,0.166833166833167,0.256124157532608,"para cima no POP","para cima no POP",TRUE,FALSE,FALSE,FALSE
"04062",173,0.876550708077497,0.722554890219561,0.934627785848422,1.38344576747625,0.003996003996004,0.0223366377212531,"para cima no POP","para cima no POP",TRUE,FALSE,TRUE,TRUE
"00400",5,0.729393352718897,0.724550898203593,0.934627785848422,0.775394184603534,0.340659340659341,0.402602802602803,"para cima no POP","para cima no POP",TRUE,FALSE,FALSE,FALSE
"04976",68,0.901612057754265,0.724550898203593,0.934627785848422,1.27947087272071,0.036963036963037,0.0875863267167615,"para cima no POP","para cima no POP",TRUE,FALSE,FALSE,FALSE
"04974",74,0.819627059354101,0.758483033932136,0.970867513527858,1.17123038466911,0.0739260739260739,0.150615739400786,"para cima no POP","para cima no POP",TRUE,FALSE,FALSE,FALSE
"04640",86,0.806974559508289,0.766467065868264,0.970867513527858,1.15792684883438,0.0659340659340659,0.138207945900254,"para cima no POP","para cima no POP",TRUE,FALSE,FALSE,FALSE
"05222",83,0.895583755730203,0.768463073852295,0.970867513527858,1.29466048262608,0.02997002997003,0.0750973164766268,"para cima no POP","para cima no POP",TRUE,FALSE,FALSE,FALSE
"01040",17,0.750475102835404,0.770459081836327,0.970867513527858,0.883140841303891,0.277722277722278,0.364688565871998,"para cima no POP","para cima no POP",TRUE,FALSE,FALSE,FALSE
"05223",50,0.833274922395091,0.780439121756487,0.974690618762475,1.13810576536109,0.0939060939060939,0.170596070596071,"para cima no POP","para cima no POP",TRUE,FALSE,FALSE,FALSE
"04270",105,0.810160886358815,0.782435129740519,0.974690618762475,1.21671126316712,0.04995004995005,0.112258875145473,"para cima no POP","para cima no POP",TRUE,FALSE,FALSE,FALSE
"04130",31,0.83329603802572,0.800399201596806,0.980844939954345,1.06010969829391,0.158841158841159,0.247338375909804,"para cima no POP","para cima no POP",TRUE,FALSE,FALSE,FALSE
"00020",30,0.597434805810262,0.802395209580838,0.980844939954345,0.732766944830875,0.390609390609391,0.431164794801158,"para cima no POP","para cima no POP",TRUE,FALSE,FALSE,FALSE
"00120",16,0.730097130501583,0.802395209580838,0.980844939954345,0.867528624561086,0.28971028971029,0.366327314304193,"para cima no POP","para cima no POP",TRUE,FALSE,FALSE,FALSE
"03015",69,0.851075077874489,0.810379241516966,0.980844939954345,1.21673908163397,0.0569430569430569,0.124135864135864,"para cima no POP","para cima no POP",TRUE,FALSE,FALSE,FALSE
"05145",121,0.813310624278422,0.81437125748503,0.980844939954345,1.22714121235079,0.025974025974026,0.0682209356908152,"para cima no POP","para cima no POP",TRUE,FALSE,FALSE,FALSE
"05213",49,0.816116759351282,0.81437125748503,0.980844939954345,1.10378060487425,0.113886113886114,0.198617382617383,"para cima no POP","para cima no POP",TRUE,FALSE,FALSE,FALSE
"04930",44,0.832934417735893,0.822355289421158,0.983771587260262,1.14332249818793,0.0959040959040959,0.172785891794156,"para cima no POP","para cima no POP",TRUE,FALSE,FALSE,FALSE
"00140",46,0.794422220985131,0.828343313373254,0.983771587260262,1.07579451639636,0.136863136863137,0.230981140072049,"para cima no POP","para cima no POP",TRUE,FALSE,FALSE,FALSE
"00561",40,0.776764314959583,0.830339321357285,0.983771587260262,1.02930031014221,0.190809190809191,0.288863913863914,"para cima no POP","para cima no POP",TRUE,FALSE,FALSE,FALSE
"03320",68,0.849339965510995,0.838323353293413,0.987862113610616,1.22225129965514,0.04995004995005,0.112258875145473,"para cima no POP","para cima no POP",TRUE,FALSE,FALSE,FALSE
"00051",33,0.652201403454911,0.846307385229541,0.988931228452187,0.824921488890507,0.302697302697303,0.366600066600067,"para cima no POP","para cima no POP",TRUE,FALSE,FALSE,FALSE
"04660",102,0.790821550424555,0.848303393213573,0.988931228452187,1.18577633059973,0.050949050949051,0.113335643947889,"para cima no POP","para cima no POP",TRUE,FALSE,FALSE,FALSE
"04914",83,0.79425546325817,0.862275449101796,0.996884537802701,1.16792896209769,0.0669330669330669,0.138965796108653,"para cima no POP","para cima no POP",TRUE,FALSE,FALSE,FALSE
"04620",91,0.803242692621804,0.864271457085828,0.996884537802701,1.18906558287849,0.0539460539460539,0.118790300608482,"para cima no POP","para cima no POP",TRUE,FALSE,FALSE,FALSE
"00072",9,0.380599624603104,0.892215568862275,1,0.42031501832347,0.46953046953047,0.487417344560202,"para cima no POP","para cima no POP",TRUE,FALSE,FALSE,FALSE
"04141",143,0.673153554582678,0.906187624750499,1,1.0141020670296,0.141858141858142,0.232519360338909,"para cima no POP","para cima no POP",TRUE,FALSE,FALSE,FALSE
"00564",61,0.736291834264037,0.908183632734531,1,1.04134346902914,0.13986013986014,0.230981140072049,"para cima no POP","para cima no POP",TRUE,FALSE,FALSE,FALSE
"04340",54,0.703507099344532,0.910179640718563,1,0.972298642749794,0.206793206793207,0.306672918917817,"para cima no POP","para cima no POP",TRUE,FALSE,FALSE,FALSE
"00052",25,0.587084281381992,0.918163672654691,1,0.727042672184922,0.371628371628372,0.41760301554116,"para cima no POP","para cima no POP",TRUE,FALSE,FALSE,FALSE
"04145",136,0.664633908964752,0.922155688622755,1,1.00842929633804,0.13986013986014,0.230981140072049,"para cima no POP","para cima no POP",TRUE,FALSE,FALSE,FALSE
"04514",124,0.697087983449587,0.930139720558882,1,1.07302733388662,0.106893106893107,0.189452823599165,"para cima no POP","para cima no POP",TRUE,FALSE,FALSE,FALSE
"04623",45,0.677706320554229,0.934131736526946,1,0.910223932965972,0.260739260739261,0.350871350871351,"para cima no POP","para cima no POP",TRUE,FALSE,FALSE,FALSE
"05020",32,0.670904359571584,0.934131736526946,1,0.869861069545309,0.300699300699301,0.366600066600067,"para cima no POP","para cima no POP",TRUE,FALSE,FALSE,FALSE
"04966",25,0.679026614297432,0.936127744510978,1,0.857115652284694,0.282717282717283,0.364688565871998,"para cima no POP","para cima no POP",TRUE,FALSE,FALSE,FALSE
"04114",103,0.741210714524608,0.93812375249501,1,1.11622424243504,0.0899100899100899,0.16896896207241,"para cima no POP","para cima no POP",TRUE,FALSE,FALSE,FALSE
"00040",23,0.640027794964402,0.946107784431138,1,0.788587860017159,0.363636363636364,0.412878787878788,"para cima no POP","para cima no POP",TRUE,FALSE,FALSE,FALSE
"00562",48,0.671208353377166,0.950099800399202,1,0.919291785405301,0.247752247752248,0.337562437562438,"para cima no POP","para cima no POP",TRUE,FALSE,FALSE,FALSE
"04744",26,0.675385317579797,0.956087824351297,1,0.868837674888503,0.2997002997003,0.366600066600067,"para cima no POP","para cima no POP",TRUE,FALSE,FALSE,FALSE
"00590",52,0.639904738861885,0.960079840319361,1,0.869807547945359,0.290709290709291,0.366327314304193,"para cima no POP","para cima no POP",TRUE,FALSE,FALSE,FALSE
"04666",83,0.698961192592293,0.962075848303393,1,1.02678742883837,0.150849150849151,0.241802315331727,"para cima no POP","para cima no POP",TRUE,FALSE,FALSE,FALSE
"04070",68,0.624868495695264,0.970059880239521,1,0.894159944732229,0.281718281718282,0.364688565871998,"para cima no POP","para cima no POP",TRUE,FALSE,FALSE,FALSE
"04310",144,0.721350236577287,0.970059880239521,1,1.12645693342756,0.0619380619380619,0.131092208762112,"para cima no POP","para cima no POP",TRUE,FALSE,FALSE,FALSE
"00983",42,0.602471891919453,0.974051896207585,1,0.802690995364767,0.312687312687313,0.376606818595769,"para cima no POP","para cima no POP",TRUE,FALSE,FALSE,FALSE
"04110",113,0.742575123233487,0.974051896207585,1,1.10908246690387,0.0779220779220779,0.154427390791027,"para cima no POP","para cima no POP",TRUE,FALSE,FALSE,FALSE
"00860",34,0.630714508080294,0.978043912175649,1,0.821355396761226,0.351648351648352,0.407762450315642,"para cima no POP","para cima no POP",TRUE,FALSE,FALSE,FALSE
"04330",40,0.629099104135004,0.988023952095808,1,0.82439128659662,0.301698301698302,0.366600066600067,"para cima no POP","para cima no POP",TRUE,FALSE,FALSE,FALSE
"00010",61,0.556759494268241,0.99001996007984,1,0.777161150938565,0.347652347652348,0.407463504237698,"para cima no POP","para cima no POP",TRUE,FALSE,FALSE,FALSE
"00500",40,0.482979704423877,0.994011976047904,1,0.642397989915443,0.391608391608392,0.431164794801158,"para cima no POP","para cima no POP",TRUE,FALSE,FALSE,FALSE
"02010",44,0.573748308329575,0.996007984031936,1,0.772928888186408,0.361638361638362,0.412878787878788,"para cima no POP","para cima no POP",TRUE,FALSE,FALSE,FALSE
"00350",38,0.518601453838787,0.998003992015968,1,0.7158857970468,0.384615384615385,0.429980276134122,"para cima no POP","para cima no POP",TRUE,FALSE,FALSE,FALSE
"05416",69,0.563521657258112,0.998003992015968,1,0.836299978236375,0.317682317682318,0.380520578322776,"para cima no POP","para cima no POP",TRUE,FALSE,FALSE,FALSE
"04916",98,0.587937545598853,1,1,0.870670172194643,0.267732267732268,0.3558880144246,"para cima no POP","para cima no POP",TRUE,FALSE,FALSE,FALSE
"04975",40,0.362570035519753,1,1,0.480490130565954,0.427572427572428,0.462517680339463,"para cima no POP","para cima no POP",TRUE,FALSE,FALSE,FALSE
