"Gene","logFC","AveExpr","t","P.Value","adj.P.Val"
"SLITRK6",1.03079730416667,8.84901753758333,9.4384704158703,1.58000541658073e-07,0.00379906582597302
"THC2296596",-1.51348293775,7.23647720629167,-9.04281785647129,2.68488890917613e-07,0.00379906582597302
"A_32_P171043",-1.34883325391667,9.14527946170833,-8.6099008541296,4.89066146494982e-07,0.00379906582597302
"H19",-1.97237220141667,10.2192343495417,-8.35905268950661,6.99050967516116e-07,0.00434418233253215
"MGC16121",-1.13615784975,11.7948260184583,-7.60594927097858,2.13773240947884e-06,0.00603851103884787
"WEE1",1.02918274575,8.02977643645833,7.38457224439478,3.00958046219139e-06,0.0061015852234187
"EMX2OS",-1.128178175,12.2306698283333,-7.13036227707842,4.49261316956671e-06,0.00620907860133004
"COLEC12",-1.39768744441667,10.9269562802917,-7.11292408821287,4.61923330960029e-06,0.00620907860133004
"A_23_P123234",1.50769114008333,7.92788125220833,7.0112497926908,5.4362467534598e-06,0.00640825744147039
"ENST00000381802",1.21732900625,7.75029291920833,6.99344833441161,5.59428035415582e-06,0.00640825744147039
"SERPINE1",1.06037041366667,7.18903120341667,6.75266016893182,8.27745922303847e-06,0.00652212208051461
"FMO1",-1.104431085,8.52448906116667,-6.69032093266966,9.1728457449239e-06,0.00681135733002023
"SILV",-1.541353085,9.63352425391667,-6.65062523253987,9.79553615647228e-06,0.00690115844509489
"ENST00000322032",-1.8226146665,8.84281748083333,-6.60591263856666,1.0550405808241e-05,0.00697494062284393
"ARID5A",1.41624426833333,12.0997723366667,6.23405281257453,1.97708593992349e-05,0.00832928205094626
"TNFRSF12A",1.6347403475,11.78102245875,6.2120739666947,2.05308133796741e-05,0.00832928205094626
"SLN",1.38545946358334,7.14173252545833,6.19337609672172,2.12013899834133e-05,0.00832928205094626
"BF475893",1.61807982341667,9.07157927020833,6.01823259455768,2.87164970500265e-05,0.00853743118443771
"ADAMTS4",1.88417706375,10.7974495690417,5.97460449643231,3.09914165052943e-05,0.00853743118443771
"ENST00000331696",-1.44331632858333,8.37588785404167,-5.93878073477436,3.30000096936681e-05,0.00853743118443771
"NFATC2",1.22975522075,6.616977865375,5.87767846312673,3.67459088814298e-05,0.00853743118443771
"ACTA1",1.78139160983333,7.70061956491667,5.86616063290319,3.75004181523695e-05,0.00853743118443771
"TRIB1",1.81092217083333,12.3739629020833,5.8422468731514,3.91190856402276e-05,0.00853743118443771
"NEDD9",1.01025259266667,8.03880180183333,5.79768922548459,4.23326779386597e-05,0.00853743118443771
"U92981",-1.10715361,10.5633684741667,-5.77006988348137,4.44619390851231e-05,0.00853743118443771
"RND3",1.19439072083333,11.5730626804167,5.76127618519187,4.51630935900689e-05,0.00853743118443771
"U94902",1.18878921858333,7.40729025329167,5.75760180888999,4.54594738637586e-05,0.00853743118443771
"ENST00000295410",-1.41313408425,8.166043371625,-5.74304626942593,4.66536317380356e-05,0.00853743118443771
"KIAA1822L",1.00482834883333,7.1951985225,5.67929775275063,5.22822132307501e-05,0.00874850137408104
"MME",1.23824279283333,7.65775716925,5.66404243327128,5.37313647753629e-05,0.00874850137408104
"DSCR1",1.31362337375,10.6858108175417,5.65917088369187,5.42029012228966e-05,0.00877183618123877
"THC2314201",2.68697067083333,9.06606025983333,5.62116890090409,5.80326323131525e-05,0.00892718765833606
"ENST00000310579",-1.27791223183333,8.85873908075,-5.61065568759846,5.9141176566669e-05,0.00892718765833606
"BC030813",-1.68881414591667,9.38590674545833,-5.58492288858228,6.19486278697704e-05,0.00892718765833606
"ENST00000307840",-1.19723240433333,7.52893341016667,-5.51697151443145,7.00497975526708e-05,0.00946342308502864
"NR4A3",2.15914903191667,9.52049976079167,5.49677426911817,7.26647904417959e-05,0.00962013322340461
"A_23_P44053",-1.17338800925,7.68806216395833,-5.48095105309003,7.47843600264183e-05,0.00972259261397853
"IGKC",-1.1931606,8.31000393941667,-5.47427702126141,7.5697569601198e-05,0.00975964681596856
"AF471454",-1.37891242716667,7.55116451575,-5.46681673411779,7.67321137446711e-05,0.00985214974493562
"NR4A2",1.4474335065,9.15351915683333,5.43464522315061,8.13648478663073e-05,0.0100268723539037
"U88892",1.13867478533333,7.34470810716667,5.42580718517261,8.26878261740442e-05,0.0100362349018746
"ENST00000259219",-1.47366263991667,8.06670761204167,-5.38883445229163,8.84696518919661e-05,0.0101063567043646
"KCNG1",-1.428900129,9.59009437891667,-5.37680355844907,9.04404667404392e-05,0.0101213797565435
"IGHG1",-1.5500090145,11.5420672910833,-5.34683478329282,9.55507645901129e-05,0.0103533155432116
"AXUD1",1.94390424066667,9.871381159,5.34195584037814,9.64107275125626e-05,0.0103656544127002
"TUBAL3",1.18050124358333,7.06123214370833,5.33359582969276,9.79030150004677e-05,0.0104537542340018
"ENST00000359488",-1.23124000116667,7.6620564895,-5.30674661648233,0.000102860135651795,0.010689197775828
"MAFF",1.3801282605,9.40384281733333,5.30381374783436,0.000103417206565268,0.0107112648079867
"ENST00000379913",-1.30509988266667,9.83817747341667,-5.25280988079004,0.000113622549346733,0.0112435664117888
"A_24_P490109",-1.25641352516667,8.05935025,-5.2484177218194,0.000114548951308671,0.0112992540160731
"THC2315555",1.22257668875,8.86413789979167,5.22415261606576,0.000119810269171896,0.0113845403171533
"M87790",-1.7786582475,11.31902643125,-5.16301194079964,0.000134209540212864,0.0119181739110781
"A_24_P930049",1.50555506125,6.70976411504167,5.14116292580738,0.000139781056056572,0.0119727756319591
"U94903",1.30506566833333,7.956813501,5.14100668868113,0.000139821749333355,0.0119727756319591
"ENST00000284767",1.21016988341667,9.356630289625,5.13910030663063,0.000140319273381855,0.0119727756319591
"SNAI1",1.25652773141667,8.927800063625,5.05537896914547,0.000164082433556569,0.0124960033712493
"IGJ",-1.40144884916667,8.13894148166667,-5.04743402583854,0.000166544398185415,0.0125167435787275
"BC032451",-1.30150395791667,7.46736796645833,-5.04443082833339,0.000167484963396049,0.0125167435787275
"Y11328",-1.21797362058333,7.331201667875,-4.97853993841479,0.000189566363077374,0.0132134954978307
"ZC3H12A",1.06457067008333,9.281523242125,4.93506834362493,0.000205766767306902,0.0135041211735317
"CSF3",2.01840946658333,7.91928216695833,4.93109167847564,0.000207318556404025,0.0135048263827796
"THC2439426",-1.027353153,7.72220082,-4.90954410663413,0.000215940018298558,0.0135620572108562
"SALL3",1.15838726308333,6.15030104954167,4.90819963506564,0.000216490099658364,0.0135620572108562
"AW136683",-1.23698828333333,6.91157743175,-4.87638216853428,0.000229939777046327,0.0138731820434631
"AREG",1.67283713541667,7.17099180879167,4.86936157890879,0.000233022104161332,0.0139673214458913
"APOLD1",1.564247208,10.78690251775,4.85770360158067,0.000238235119430793,0.0140592735363518
"M96686",1.017293353,6.26723601158333,4.84635656797218,0.000243424908613532,0.0141642298884638
"ENST00000295339",-1.2979708575,7.860016051,-4.82266092012941,0.000254642742197024,0.014475279474458
"SLC2A14",1.42588127525,10.662667468875,4.81299948669752,0.000259368634975062,0.014652913138082
"RNF122",1.43967584908333,11.073687401125,4.80544295191027,0.000263128003282279,0.0148114371702663
"NFIL3",1.10626279333334,12.2095844666667,4.79505209410581,0.000268389563134381,0.0149075475049986
"AY172962",-1.78700415216667,9.52376442583333,-4.75922507744209,0.000287379274259491,0.0152640150594716
"IL6",2.71115824441667,8.51763353245833,4.73926192885264,0.000298557036615709,0.0154099073782779
"ENST00000379879",-1.0892991165,6.93878861291667,-4.73577704601753,0.000300553828477625,0.0154360472040608
"SIX1",1.46429670833333,7.42177977475,4.65180052613665,0.000353074984890429,0.0165222077266798
"DUSP5",1.05550422591667,9.066999838125,4.63477715256878,0.000364828166344283,0.0166927700217818
"PLK3",1.16135778175,11.2124902445417,4.63401564161197,0.000365363249380652,0.0166927700217818
"ICAM1",1.38526972483333,9.50062576916667,4.60720288268172,0.000384728141083568,0.0171264653291527
"A_23_P435390",-1.66370657558333,8.32932786229167,-4.59935059765121,0.000390597112545188,0.0171663839901048
"FAM83D",2.05184629891667,7.252533161875,4.57183950022406,0.000411896982908603,0.0176616462842983
"ADAMTS1",1.14109214941667,11.3129148177917,4.54860502772264,0.000430815730863837,0.0179346669451333
"THBD",1.0767332625,13.1947247995833,4.54497401744409,0.000433852104818748,0.0179713795885741
"CDKN1A",1.31638960833334,11.065933326,4.54318484630691,0.0004353563594878,0.0179885542579852
"THC2284058",-1.02086612425,7.726978511125,-4.51499236980108,0.00045978067176289,0.0181759606018022
"ENST00000377226",-1.07438646483333,7.33760539316667,-4.47580245656021,0.000496094865375225,0.0187259176681205
"SERTAD1",1.24731153166667,12.44669038,4.44337580603467,0.000528364982018929,0.019023774844948
"EGR3",1.36659601983334,7.5379360045,4.40206089384093,0.000572628770385319,0.019600542860013
"COMP",1.81823518125,9.674500790125,4.38793501321259,0.000588621708993649,0.0197512459415234
"A_23_P57836",1.11401342666667,11.07861786625,4.38104989251367,0.000596582305653729,0.0198682944108048
"ATF3",2.33487925458333,12.4995879375417,4.32960280845186,0.00065967190572622,0.0207883625301472
"AJ319669",-1.0790472625,12.4088293945833,-4.30370879446206,0.000693974411689768,0.0212598741937983
"RGS16",1.71431697441667,10.9413902687917,4.28257928416283,0.000723316666483793,0.0214283871023484
"BC024745",1.03855045016667,8.98316149383333,4.2708267414406,0.000740184231051546,0.0216971739879563
"DPP6",-1.1511429135,7.296575841,-4.26180372623571,0.00075340727313895,0.0218478127259505
"A_32_P213948",1.0861701155,7.87055653075,4.20291692824041,0.000845854216764227,0.0229148177156087
"NR4A1",1.45494624183333,12.54181096975,4.16694210962932,0.000907964729406867,0.0236878925878507
"BU943730",1.21547091191667,9.63027990120833,4.13253663296677,0.00097172816780257,0.0243992053277914
"AK090670",-1.096266035,7.20727898091667,-4.1269456476177,0.000982513983796211,0.0244816956732284
"GADD45B",1.84134385166667,12.3820367825,4.09353137832373,0.00104957292961302,0.025399010957115
"ENST00000339446",1.24324839083334,16.0681775870833,4.02912749967773,0.0011923054930643,0.0269413173694696
"KRT17",1.00846954983333,7.81735798366667,4.01819026383157,0.00121844252884036,0.0272174308095814
"SLC2A3",1.07188368725,7.33365145654167,4.00278549819414,0.00125624918573686,0.0275517183017335
"NP",1.31174968333334,11.6274792308333,3.98983105022885,0.00128896592152861,0.0277746652309908
"PBEF1",1.18896476766667,10.21185366775,3.97305091955295,0.00133263800949332,0.0281302501569134
"THC2271582",1.1687563345,8.90174399966667,3.91172308659288,0.00150546607023653,0.0295887242477463
"THC2270231",1.08357522866667,9.28968727533333,3.90031561993342,0.00154004560562083,0.0298956683684318
"CTA-246H3.1",-1.10374908083333,10.4080823688333,-3.88446886313305,0.00158942562005393,0.0301689877008648
"IGLL1",-1.08559347258333,9.43875820045833,-3.87910291119782,0.00160650845520427,0.0303265071203566
"LDLR",1.131442625,11.234354093,3.86579741052006,0.00164967610819171,0.0307260159554663
"CEBPD",1.15416053583333,13.8692609245833,3.85337467635513,0.00169104241852464,0.0311425971525062
"EMP1",1.010839465,13.9776302041667,3.8280678394347,0.00177859760915792,0.0318199830792311
"SELE",1.81163484658333,10.4850280360417,3.6561964077192,0.0025081129620037,0.0379646844499391
"CH25H",1.80324930866667,9.34475874908333,3.59467623310251,0.00283732087032095,0.0403668654224416
"A_23_P158868",-1.07814720225,7.06373337745833,-3.56254567054966,0.00302623956631269,0.0417627676168231
"X57802",-1.28796089516667,7.50681643041667,-3.55859084455227,0.0030503519972509,0.0418424872121172
"ENST00000383706",1.32234542975,9.32971834254167,3.53454996467543,0.00320114603973893,0.0430775269583232
"AF035034",-1.01815130741667,7.91249234895833,-3.51294414315479,0.0033430552327895,0.0441777133477171
