"PATH","Nh","ES","NES","pvalue","leadingEdge","p.adjust"
"00071",13,0.540216686695379,1.94090953022023,0.000999000999000999,"ACADL/ACSL5/HADHB/CPT1A/ADH7/ECI2/ADH1A/ACADVL/ADH1C/HADH/ALDH3A2/ALDH9A1/CPT1B",0.0501998001998002
"03010",47,0.585250686604819,3.19483342569956,0.000999000999000999,"RPS23/RPS15A/RPL3/RPS27A/RPL15/RPL7A/RPL39/RPL9/RPS8/RPLP2/RPL22L1/RPL37A/RPS16/RPS5/RPL14/RPS18/RPL22/RPS29/UBA52/RPLP1/RPL19/RPS17/RPL10A/RSL24D1/RPL8/FAU/RPS24/RPL34/RPL41/RPL21",0.0501998001998002
"04510",71,-0.235891136664304,-2.00272334450704,0.000999000999000999,"BIRC2/CDC42/ACTG1/RHOA/MYL12B/ITGA10/PTEN/LAMB4/RAC1/ITGB5/PRKCB/ITGA2/PPP1CA/ELK1/CRK/CAPN2/RASGRF1/MYLK/RELN/VAV3/ITGB4/VEGFA/MAPK3/PIK3CA/SHC2/LAMB2/ILK/FLT4/THBS2/MAPK1",0.0501998001998002
"05215",34,-0.303997346461883,-1.90148104499671,0.000999000999000999,"LEF1/INS/IKBKG/CDK2/ARAF/RELA/PTEN/ATF4/RB1/CREB3/FGFR2/MAPK3/PIK3CA/MAPK1/E2F3/IGF1/AKT3/NFKB1/CREBBP/CREB3L2/PDPK1/PIK3R1/FGFR1/GRB2/MAP2K1/PDGFA/EGFR/HSP90B1/HSP90AA1/E2F1",0.0501998001998002
"04144",69,-0.210478645061919,-1.69059171976844,0.001998001998002,"CXCR2/AP2A1/CDC42/IL2RG/VPS4A/RHOA/EPN2/VPS28/CBLB/TGFB1/IL2RB/FOLR3/ARFGAP2/ARF6/TGFBR1/USP8/CHMP5/VPS37A/ARAP1/RABEP1/PIP5K1A/FGFR2/ERBB4/PSD/GRK4/CHMP6/SMURF1/TRAF6/ADRB2/CLTC",0.0573712002283431
"04662",27,-0.383960945182815,-2.20641027867097,0.001998001998002,"IKBKG/RELA/RAC1/PRKCB/FCGR2B/NFATC3/VAV3/MAPK3/PIK3CA/MAPK1/RAC2/AKT3/VAV1/NFKB1/NFATC2/PIK3R1/CD79B/GRB2/MAP2K1/RASGRP3/NFATC1/LYN/IFITM1/NFKBIA/SYK/NFATC4/NFAT5",0.0573712002283431
"05200",108,-0.181513927817145,-1.68847382924489,0.001998001998002,"PTCH2/FZD7/GLI3/BIRC2/PIAS3/CDC42/NFKB2/BMP4/CASP8/LEF1/FGF11/WNT5A/BAX/RARB/IKBKG/ETS1/RHOA/CDK2/ARAF/CTBP1/AXIN1/RELA/PTEN/LAMB4/CBLB/TGFB1/PAX8/FZD2/RB1/RAC1",0.0573712002283431
"04512",22,-0.362911957027789,-1.94215664496338,0.002997002997003,"ITGA10/LAMB4/ITGB5/ITGA2/RELN/ITGB4/LAMB2/THBS2/CD36/COL1A2/FN1/ITGAV/COL11A2/DAG1/CD44/ITGB3/ITGA11/SV2B/THBS4/LAMA3/ITGB1/SPP1",0.0752997002997003
"01100",361,0.191554181965281,1.5703524827296,0.003996003996004,"PLA2G10/ALG8/CYP11A1/DAD1/ALOX15B/ISYNA1/INPP5E/LALBA/MCEE/TH/PIGV/IDH3B/ACADL/NDUFAB1/ETNK1/PLCE1/AKR1B1/ALDOB/EARS2/AGL/CHPT1/AGPAT2/DPAGT1/ACSL5/PON3/DUT/SUCLG2/HADHB/MGLL/SLC33A1",0.0892440892440892
"04360",48,-0.225842599033926,-1.63900973223207,0.004995004995005,"CDC42/SEMA4A/SEMA4D/SEMA6C/EPHB4/EPHA5/SEMA3D/RHOA/PLXNB3/CFL1/SRGAP2/PLXNA3/EPHB3/RAC1/EFNA4/NCK1/ABL1/NFATC3/CXCL12/LIMK2/MAPK3/MAPK1/MET/FES/RAC2/ABLIM3/RGS3/EPHB2/LRRC4C/LIMK1",0.0912723639996367
"05218",23,-0.348267102496209,-1.88482032646042,0.004995004995005,"FGF11/ARAF/PTEN/RB1/MAPK3/PIK3CA/MAPK1/MET/HGF/E2F3/IGF1/AKT3/FGF7/PIK3R1/FGFR1/MAP2K1/CDH1/PDGFA/EGFR/CDKN2A/MITF/E2F1/FGF17",0.0912723639996367
"04810",82,-0.187771007967412,-1.55997393689117,0.00599400599400599,"ARPC3/SCIN/CDC42/PFN1/FGF11/INS/MYH14/ARHGEF1/ACTG1/RHOA/BDKRB1/ARAF/MYL12B/ITGA10/CFL1/CHRM1/PFN2/RAC1/ITGB5/ITGA2/PPP1CA/RRAS2/CD14/CRK/NCKAP1L/PIP5K1A/FGFR2/MYLK/VAV3/LIMK2",0.0944937415525651
"04012",34,-0.290797391690081,-1.77570493115662,0.00699300699300699,"CAMK2G/NRG1/NRG4/ARAF/CBLB/PRKCB/NCK1/ELK1/CRK/ABL1/ERBB4/MAPK3/PIK3CA/SHC2/RPS6KB2/MAPK1/AKT3/HBEGF/SHC1/SHC3/PIK3R1/GRB2/MAP2K1/CAMK2B/BTC/PAK2/AREG/EGFR/PAK4/MAPK10",0.0944937415525651
"05220",35,-0.266470708111861,-1.63837236111175,0.00699300699300699,"IKBKG/ARAF/CTBP1/RELA/CBLB/TGFB1/RB1/HDAC1/TGFBR1/CRK/ABL1/CTBP2/MAPK3/PIK3CA/SHC2/BCR/MAPK1/E2F3/AKT3/SHC1/NFKB1/SHC3/PIK3R1/GRB2/MAP2K1/CDKN2A/SMAD3/PTPN11/STAT5A/CBL",0.0944937415525651
"00480",17,0.486291463487932,1.93156888281166,0.00799200799200799,"MGST3/TXNDC12/GPX1/MGST1/GPX4/GSTM3/SRM/GSS/GSTA4/GCLM/RRM2B/GSTT1/MGST2/GSTM2/GSTK1/RRM1/GSR",0.0944937415525651
"00564",28,0.398804911722609,1.84045090621458,0.00799200799200799,"PLA2G10/GPD1/ETNK1/CHPT1/AGPAT2/LPCAT3/CDIPT/PCYT2/AGPAT4/LPCAT4/PLA2G15/LPCAT2/PLB1/JMJD7-PLA2G4B/CRLS1/DGKZ/CEPT1/PTDSS1/PLA2G12A/ADPRM/LYPLA1/PLA2G4B/PLD2/DGKI/LCLAT1/PLA2G3/ACHE/PLA2G4E",0.0944937415525651
"03013",49,0.331495847464524,1.86442446105976,0.00799200799200799,"EIF1/PABPC4/DDX39B/PAIP1/RAE1/NXF1/SAP18/NUP98/AAAS/PABPC1/SEC13/EIF4A2/PABPC4L/EIF1B/NUP133/TGS1/RPP30/EEF1A1/RPP14/GEMIN4/POM121C/SEH1L/XPOT/GEMIN2/PABPC3/NUP35/THOC6/EIF3H/POP7/POP4",0.0944937415525651
"05221",23,-0.312767617307222,-1.65642796138516,0.00999000999000999,"LEF1/IKBKG/ARAF/RELA/FLT3/MAPK3/PIK3CA/RPS6KB2/MAPK1/RARA/AKT3/NFKB1/PML/PIK3R1/STAT3/GRB2/MAP2K1/PPARD/RUNX1T1/CCNA1/STAT5A/ZBTB16/RUNX1",0.111555111555112
"04666",45,-0.232161520706892,-1.58347522684008,0.011988011988012,"ARPC3/SCIN/CDC42/LAT/CFL1/RAC1/PRKCB/ARF6/CRK/FCGR2B/FCGR2A/PIP5K1A/VAV3/LIMK2/MAPK3/PIK3CA/MARCKSL1/ARPC5/PLA2G4B/RPS6KB2/PLD2/MAPK1/HCK/RAC2/AKT3/VAV1/MARCKS/LIMK1/SPHK2/SPHK1",0.12047952047952
"05213",22,-0.323030776441779,-1.61997876779583,0.011988011988012,"LEF1/ARAF/AXIN1/PTEN/ELK1/MLH1/MAPK3/PIK3CA/ILK/MAPK1/AKT3/CTNNA1/APC/PDPK1/PIK3R1/APC2/GRB2/MAP2K1/FOXO3/CDH1/EGFR/ERBB2",0.12047952047952
"05217",16,0.442350027596258,1.71311652484044,0.012987012987013,"PTCH2/FZD7/GLI3/BMP4/LEF1/WNT5A/AXIN1/FZD2/BMP2/FZD1/FZD6/WNT2/APC/APC2/WNT3A/FZD8",0.12430426716141
"04520",30,-0.240263953197176,-1.47673871984592,0.013986013986014,"CDC42/LEF1/CSNK2B/ACTG1/RHOA/MAP3K7/RAC1/CTNND1/TGFBR1/SNAI2/MAPK3/ACP1/MAPK1/MET/SNAI1/RAC2/PTPN1/CREBBP/CTNNA1/TJP1/FGFR1/CDH1/IQGAP1/PTPRF/EGFR/SMAD3/TGFBR2/WASF3/ERBB2/SORBS1",0.127781309599491
"04270",37,-0.24264921300581,-1.54552058147886,0.014985014985015,"PLA2G10/CACNA1S/GNAS/CACNA1C/ADRA1D/KCNMB3/ARHGEF1/RHOA/ARAF/JMJD7-PLA2G4B/PLCB1/PRKCB/PPP1CA/PLA2G12A/ADCY9/MYLK/MAPK3/PLA2G4B/GNA12/MAPK1/PRKCH/MYH11/ARHGEF11/MAP2K1/PPP1R12B/PLA2G3/KCNMB4/PPP1R12A/PRKACA/PRKACG",0.130956000521218
"04310",57,-0.189479657022317,-1.40612860144951,0.018981018981019,"FZD7/SKP1/CAMK2G/CACYBP/NKD1/PPP2R5B/FRAT2/LEF1/CSNK2B/WNT5A/SFRP2/RHOA/SIAH1/CTBP1/AXIN1/MAP3K7/PLCB1/FZD2/RAC1/DKK1/PRKCB/FZD1/PPP2CA/FZD6/NFATC3/CTBP2/PPP2R5A/FRAT1/PPP2R5C/WNT2",0.158966033966034
"00380",12,-0.376066671742681,-1.53449463653939,0.020979020979021,"ASMT/HADH/ALDH3A2/CAT/ALDH9A1/WARS2/IL4I1/TPH1/IDO2/AFMID/CYP1B1/AANAT",0.168671328671329
"05223",20,-0.314346938498234,-1.58062786289608,0.021978021978022,"RARB/ARAF/RB1/PRKCB/RASSF1/RXRB/MAPK3/PIK3CA/MAPK1/E2F3/AKT3/PDPK1/PIK3R1/GRB2/MAP2K1/FOXO3/EGFR/CDKN2A/E2F1/ERBB2",0.169907016060862
"04621",28,-0.243201247661336,-1.37469304442564,0.022977022977023,"BIRC2/CASP8/IKBKG/CARD8/NOD1/RELA/MAP3K7/NLRP1/TAB2/MAPK14/MAPK3/MAPK11/TRAF6/MAPK1/TAB1/NFKB1/CCL5/BIRC3/CXCL2/CXCL1/HSP90B1/HSP90AA1/MAPK10/IL1B/CARD9/NFKBIA/MEFV/CASP5",0.171051171051171
"00563",13,0.443647273280046,1.59068363262807,0.024975024975025,"PIGV/PIGG/PIGY/PIGM/PIGZ/PIGC/PIGO/PIGT/PIGP/PIGK/PIGS/PGAP1/DPM2",0.17488962650253
"04370",30,-0.232771288822119,-1.41671030594003,0.026973026973027,"PLA2G10/CDC42/JMJD7-PLA2G4B/RAC1/PRKCB/PLA2G12A/NFATC3/MAPK14/VEGFA/MAPK3/PIK3CA/SHC2/MAPK11/PLA2G4B/MAPK1/RAC2/AKT3/SH2D2A/SPHK2/SPHK1/NFATC2/PTGS2/PIK3R1/MAP2K1/PLA2G3/NFATC1/NOS3/PLA2G4E/NFATC4/NFAT5",0.17488962650253
"05110",27,0.34707374837671,1.5918411057509,0.026973026973027,"KDELR1/SEC61B/GNAS/SEC61A2/SEC61G/ARF1/KCNQ1/ACTG1/TCIRG1/KDELR2/ATP6V1H/ATP6V0B/PRKCB/ADCY9/SEC61A1/ATP6V1E1/ATP6V1B1/ATP6V0C/ATP6V0D1/ATP6V1G2/ATP6V0A4/ATP6V0A1/ATP6V1G3/ATP6V0E2/TJP1/PRKACA/PRKACG",0.17488962650253
"05212",26,-0.25051505503377,-1.40760575203876,0.026973026973027,"CDC42/IKBKG/ARAF/RELA/TGFB1/RB1/RAC1/TGFBR1/VEGFA/MAPK3/PIK3CA/MAPK1/E2F3/RAC2/AKT3/NFKB1/PIK3R1/STAT3/MAP2K1/EGFR/CDKN2A/MAPK10/SMAD3/E2F1/TGFBR2/ERBB2",0.17488962650253
"04010",102,-0.130812275482532,-1.19567019458495,0.027972027972028,"ELK4/PLA2G10/CACNA1S/MAP2K5/MKNK2/CDC42/NFKB2/RASGRP4/CACNA1C/PPM1A/BDNF/FGF11/PTPRR/CACNA1B/IKBKG/CACNA1A/TAOK2/RELA/JMJD7-PLA2G4B/MAP3K7/DUSP10/CACNA1I/RPS6KA5/TGFB1/ATF4/RAC1/MAP3K4/TNFRSF1A/PRKCB/PLA2G12A",0.175699300699301
"04660",36,-0.211841173939581,-1.36141856513844,0.02997002997003,"CDC42/LAT/LCP2/IKBKG/RHOA/RELA/MAP3K7/CBLB/CD8A/CD247/NCK1/NFATC3/MAPK14/GRAP2/VAV3/MAPK3/PIK3CA/MAPK11/CD8B/MAPK1/AKT3/VAV1/NFKB1/NFATC2/PIK3R1/PTPRC/GRB2/MAP2K1/PAK2/ZAP70",0.182544727999273
"04060",86,-0.13326463945793,-1.15278624063443,0.032967032967033,"GDF5/CXCR2/CCL15/IL2RG/CCR2/CCL23/CCL21/IL15/LIF/TNFRSF25/IFNGR2/TNFRSF21/IL12RB2/IL5RA/CCL14/TNFSF4/CXCL6/ACVR1B/IL12RB1/TNFRSF19/TGFB1/IL2RB/CCL13/BMP2/TNFRSF1A/IL12A/TGFBR1/GH1/LEPR/LTBR",0.189324960753532
"04380",57,-0.162134706838252,-1.24451484735948,0.032967032967033,"NFKB2/TREM2/LCP2/SIRPG/SIRPB1/IFNGR2/IKBKG/IRF9/RELA/MAP3K7/TGFB1/RAC1/TNFRSF1A/LILRB5/TGFBR1/FCGR2B/FCGR2A/TAB2/JUND/MAPK14/TNFSF11/LILRB4/MAPK3/PIK3CA/MAPK11/LILRA3/MAP2K6/SOCS1/TRAF6/CYBA",0.189324960753532
"04146",27,0.336623701165371,1.55143807252403,0.034965034965035,"PAOX/PEX19/PEX11B/ACSL5/PEX6/SLC27A2/ECI2/PEX12/SCP2/PRDX1/MPV17L/PIPOX/AMACR/PEX2/HMGCL/MPV17/PEX3/HSD17B4/PEX7/CAT/GSTK1/CROT/PEX10/ABCD1/ECH1/PEX1/PEX26",0.195221445221445
"00510",23,0.336933320217475,1.49907348082666,0.035964035964036,"ALG8/DAD1/DPAGT1/ALG10B/DDOST/ALG9/MGAT2/MGAT1/B4GALT3/ALG10/ALG12/ALG6/RPN2/ALG14/ALG13/MAN1B1/ALG3/MOGS/MGAT5/ST6GAL2/DPM2/MAN1A1/DPM3",0.195372195372195
"00982",25,0.348679810474464,1.54033703827847,0.03996003996004,"MGST3/CYP2D6/MGST1/ADH7/GSTM3/CYP2C8/GSTA4/ADH1A/UGT1A6/FMO4/ADH1C/UGT1A7/CYP2E1/GSTT1/MGST2/GSTM2/ALDH1A3/GSTK1/FMO5/ALDH3B2/UGT2B7/CYP2C19/UGT2A1/UGT1A9/ALDH3B1",0.21109659571198
"04650",45,-0.181953694433599,-1.26444293071093,0.040959040959041,"LAT/HCST/LCP2/ICAM2/KLRD1/IFNGR2/FCER1G/ARAF/KLRC2/RAET1L/SH2D1A/RAC1/PRKCB/CD247/CD244/NFATC3/KLRC3/VAV3/MAPK3/PIK3CA/SHC2/KLRK1/MAPK1/TNFRSF10C/RAC2/VAV1/KIR3DL2/NCR1/SHC1/IFNAR1",0.21109659571198
"04910",44,-0.169413709265185,-1.15659216094546,0.048951048951049,"MKNK2/SH2B2/INS/RHOQ/PHKA1/ARAF/EXOC7/RHEB/CBLB/INPP5K/PPP1CA/ELK1/CRK/GYS2/TRIP10/PCK2/MAPK3/PIK3CA/SHC2/SOCS1/IRS2/RPS6KB2/PPP1R3C/MAPK1/PRKAR1A/PYGM/PTPN1/AKT3/SHC1/SHC3",0.225386858039919
"05214",22,-0.234866641404233,-1.23282623858565,0.048951048951049,"CAMK2G/ARAF/PTEN/RB1/PRKCB/MAPK3/PIK3CA/SHC2/MAPK1/E2F3/IGF1/AKT3/SHC1/SHC3/PIK3R1/GRB2/MAP2K1/CAMK2B/PDGFA/EGFR/CDKN2A/E2F1",0.225386858039919
"05219",15,-0.295841190015022,-1.28742101369286,0.050949050949051,"ARAF/RPS6KA5/RB1/RASSF1/VEGFA/MAPK3/MAPK1/E2F3/FGFR3/MAP2K1/CDH1/EGFR/CDKN2A/E2F1/ERBB2",0.225386858039919
"05310",13,0.403060802738111,1.45992379581588,0.050949050949051,"HLA-DPA1/HLA-DQA1/HLA-DQB1/FCER1G/FCER1A/HLA-DRB1/HLA-DMB/HLA-DQA2/HLA-DMA/CD40/HLA-DRA/HLA-DOA/IL9",0.225386858039919
"03018",22,0.339237539892257,1.47311413909174,0.0529470529470529,"LSM2/PABPC4/EXOSC2/PABPC1/PABPC4L/DCP1A/LSM5/ZCCHC7/HSPD1/PABPC3/CNOT4/EXOSC3/CNOT7/LSM4/CNOT1/CNOT8/BTG3/XRN2/BTG2/CNOT6/DHX36/TOB2",0.225386858039919
"04080",61,0.250219380406751,1.46899529171479,0.0529470529470529,"HTR2A/GRM8/S1PR3/TACR1/P2RX6/CHRNA7/ADRA1D/S1PR1/OPRM1/PTGER3/ADORA1/GPR50/GZMA/HRH1/TSHR/BDKRB1/F2RL3/GABRG2/HTR2B/CHRM1/LPAR3/GRIN2C/NR3C1/LPAR6/GIPR/GH1/GABRG3/AVPR2/P2RY10/CRHR1",0.225386858039919
"04145",64,-0.139043653171763,-1.128641630351,0.0529470529470529,"HLA-DPA1/SEC61B/SEC61A2/LAMP2/SEC61G/HLA-DQA1/VAMP3/HLA-DQB1/ACTG1/MBL2/TCIRG1/TUBA1C/ATP6V1H/ATP6V0B/PLA2R1/FCAR/TUBB/HLA-DRB1/HLA-DMB/RAC1/ITGB5/LAMP1/ITGA2/TUBB3/SEC61A1/CD14/ATP6V1E1/FCGR2B/ATP6V1B1/FCGR2A",0.225386858039919
"00230",36,0.28835791020716,1.4695269893301,0.0539460539460539,"PGM1/PDE6G/AMPD2/PDE9A/DGUOK/PAICS/NME2/NUDT9/AMPD1/IMPDH1/GMPR/ATIC/NME3/RRM2B/ENTPD1/PGM2/AK4/PNP/NME1-NME2/ADCY9/GMPR2/POLE2/ADPRM/DCK/ENTPD4/PDE6B/NTPCR/RRM1/POLR3H/ADSL",0.225386858039919
"00620",12,0.415110706269318,1.42829932375353,0.0549450549450549,"AKR1B1/ME2/ME1/LDHA/MDH2/MDH1/GLO1/HAGH/PCK2/ALDH3A2/ALDH9A1/GRHPR",0.225386858039919
"04020",58,0.256312271150652,1.50781498565463,0.0549450549450549,"CACNA1S/HTR2A/TACR1/CAMK2G/P2RX6/GNAS/CHRNA7/CACNA1C/ADRA1D/PLCE1/PTGER3/PHKA1/ATP2A1/CACNA1B/HRH1/CACNA1A/ATP2A2/BDKRB1/HTR2B/CHRM1/SLC25A5/GRIN2C/PLCB1/CACNA1I/GNAL/VDAC1/GNA14/PRKCB/CACNA1H/ADCY9",0.225386858039919
"00980",27,0.305049610661864,1.42905301514295,0.0589410589410589,"MGST3/EPHX1/CYP2F1/MGST1/ADH7/GSTM3/CYP2C8/GSTA4/ADH1A/UGT1A6/ADH1C/UGT1A7/CYP2E1/GSTT1/AKR1C2/MGST2/AKR1C4/GSTM2/ALDH1A3/GSTK1/ALDH3B2/UGT2B7/CYP2C19/UGT2A1/UGT1A9/ALDH3B1/CYP1B1",0.236234353881413
"04664",30,-0.198112958005059,-1.18577817609695,0.0599400599400599,"PLA2G10/LAT/LCP2/FCER1G/FCER1A/JMJD7-PLA2G4B/RAC1/PRKCB/PLA2G12A/MAPK14/VAV3/MAPK3/PIK3CA/MAPK11/MAP2K6/PLA2G4B/MAPK1/RAC2/AKT3/VAV1/PIK3R1/GRB2/MAP2K1/PLA2G3/MAPK10/GAB2/LYN/SYK/PRKCE/PLA2G4E",0.236234353881413
"04140",6,0.520280943709802,1.38768748198657,0.0629370629370629,"GABARAPL1/INS/GABARAPL2/ATG4A/ATG7/ATG4D",0.243275954814416
"00830",15,0.388437625916718,1.41502410170299,0.0679320679320679,"RDH5/CYP26A1/ADH7/CYP2C8/ADH1A/UGT1A6/ADH1C/UGT1A7/DHRS4L2/PNPLA4/UGT2B7/CYP2C19/UGT2A1/UGT1A9/DHRS3",0.257629163289541
"04062",71,-0.135363335207782,-1.07241667938743,0.0709290709290709,"CXCR2/GNG3/CCL15/CDC42/CCR2/CCL23/CCL21/GNG10/GNG5/IKBKG/RHOA/CCL14/CXCL6/RELA/PLCB1/CCL13/RAC1/PRKCB/GNG11/ADCY9/GNG8/CRK/CXCL9/GNB4/CCL18/CCL25/JAK3/CXCL12/VAV3/MAPK3",0.258170401027544
"04630",44,-0.162228018545596,-1.10951836845282,0.0709290709290709,"PIAS3/IL2RG/IL15/LIF/IFNGR2/IL12RB2/SPRY4/IL5RA/IRF9/IL12RB1/CBLB/IL2RB/IL12A/GH1/LEPR/CNTFR/IL20RB/JAK3/CSF3/PIK3CA/SPRY2/SOCS1/CSH1/AKT3/CTF1/IL2RA/PIAS4/CISH/IFNAR1/CREBBP",0.258170401027544
"05020",13,-0.293748003302134,-1.19562858604118,0.0719280719280719,"STIP1/BAX/ELK1/MAPK3/MAPK1/C9/NOTCH1/CCL5/MAP2K1/IL1B/PRKACA/NCAM1/PRKACG",0.258170401027544
"04141",63,0.240620150266026,1.43701432877113,0.0739260739260739,"SKP1/DAD1/SSR3/SEC61B/WFS1/SEC61A2/DNAJB12/UBE2D4/SEC61G/DERL2/EIF2AK1/DDOST/BAX/UBE2E3/SSR4/SEC13/UBE2D1/HERPUD1/PDIA6/PREB/UBE2E2/ATF4/TXNDC5/CRYAB/ERP29/PLAA/RPN2/DERL3/SEC61A1/SIL1",0.260686681739313
"05144",19,-0.230910327792393,-1.15886185237151,0.0799200799200799,"VCAM1/TGFB1/KLRB1/IL12A/CSF3/MYD88/HBA2/CD40/THBS2/CD36/KLRK1/MET/HGF/LRP1/CR1/TLR9/IL1B/TLR4/THBS4",0.27567347906331
"05211",23,-0.223446667688942,-1.17364681985628,0.0809190809190809,"CDC42/ETS1/ARAF/TGFB1/RAC1/CRK/VEGFA/MAPK3/PIK3CA/HIF1A/MAPK1/MET/HGF/AKT3/CREBBP/PIK3R1/GRB2/MAP2K1/PAK2/PAK4/PTPN11/EPAS1/RAP1A",0.27567347906331
"04110",46,-0.144434406823033,-1.02456652985124,0.0859140859140859,"SKP1/CDC16/CDC20/ANAPC2/ANAPC13/ORC2/CDK2/ORC4/E2F5/CHEK2/BUB1/E2F4/ANAPC10/TGFB1/PKMYT1/RB1/PRKDC/HDAC1/CDC23/ABL1/ORC3/ANAPC5/PTTG2/YWHAZ/YWHAE/MCM3/E2F3/GADD45G/CDC25B/MAD2L2",0.286385745402139
"03015",34,0.278474680395494,1.40105020151272,0.0869130869130869,"PABPC4/DDX39B/NXF1/SAP18/PPP2R5B/HBS1L/PABPC1/GSPT2/CSTF2T/PABPC4L/GSPT1/CSTF1/PPP2R2B/PABPC3/DAZAP1/PPP2CA/PCF11/FIP1L1/PPP2R2A/NUDT21/PPP2R5A/PPP2R5C/NCBP1/ALYREF/PPP2R3A/UPF2/CPSF7/CPSF6/UPF3B/SMG1",0.286385745402139
"05100",28,-0.193130922222267,-1.11434087510668,0.0889110889110889,"ARPC3/CDC42/ACTG1/RHOA/CBLB/RAC1/CRK/PIK3CA/SHC2/ILK/ARHGEF26/ARPC5/CLTC/MET/FN1/CD2AP/SHC1/BCAR1/MAD2L2/SHC3/CTNNA1/PIK3R1/CDH1/DNM1L/CBL/ITGB1/CLTA/ELMO1",0.288244014050466
"00650",8,0.445499181669395,1.32181877932203,0.0949050949050949,"ACSM3/HMGCL/ACSM2B/OXCT1/HADH/GAD1/HMGCS1/ALDH5A1",0.302792445649589
"04320",10,-0.311198327534373,-1.15651821722583,0.100899100899101,"ETS1/PIWIL1/MAPK3/MAPK1/NOTCH1/NOTCH2/GRB2/MAP2K1/EGFR/NOTCH4",0.316886238761239
"00565",13,0.360980869336719,1.29529751179966,0.103896103896104,"PLA2G10/CHPT1/LPCAT4/LPCAT2/PLB1/JMJD7-PLA2G4B/CEPT1/PLA2G12A/PLA2G4B/PLD2/PLA2G7/PLA2G3/PLA2G4E",0.321278721278721
"04115",20,0.315219748371357,1.32238352634996,0.107892107892108,"CASP8/ZMAT3/BAX/CDK2/EI24/SIAH1/CHEK2/IGFBP3/PTEN/SESN3/RRM2B/CCNG1/TP73/TP53AIP1/IGF1/GADD45G/CCNB3/ATR/CDKN2A/CCND3",0.328580510398692
"04966",12,-0.277119632181293,-1.0918214696039,0.10989010989011,"TCIRG1/ATP6V1E1/ATP6V1B1/ATP6V0C/ATP6V0D1/CA2/ATP6V1G2/ATP6V0A4/ATP6V0A1/ATP6V1G3/ATP6V0E2/SLC4A1",0.32967032967033
"03040",43,0.250260798956849,1.33952796885467,0.113886113886114,"LSM2/PHF5A/SRSF7/DDX39B/SRSF6/SF3A1/HNRNPC/CTNNBL1/SRSF3/SNRPA/SF3B2/LSM5/PCBP1/SNRPB/SF3B1/PRPF4/SRSF1/SNRPB2/SRSF5/SNRPC/SNRNP40/SRSF8/RBM25/BCAS2/AQR/SNRPG/PLRG1/LSM4/U2AF2/SRSF9",0.334665334665335
"04612",32,-0.174437931980641,-1.04236861132324,0.114885114885115,"HLA-DPA1/HLA-DQA1/KLRD1/HLA-DQB1/KLRC2/HLA-DRB1/HLA-DMB/CD8A/IFI30/NFYC/CTSB/KLRC4/CD74/HLA-DQA2/B2M/KLRC3/HLA-DMA/HLA-DRA/CD8B/TAPBP/HLA-DOA/PSME3/KIR3DL2/RFXAP/NFYA/HSP90AA1/PSME1/CTSS/KIR2DL3/CREB1",0.334665334665335
"05146",26,-0.178905331830334,-0.991941496377913,0.120879120879121,"GNAS/SERPINB6/RELA/PLCB1/LAMB4/TGFB1/GNAL/GNA14/PRKCB/IL12A/CD14/PIK3CA/LAMB2/COL1A2/C9/FN1/NFKB1/COL11A2/PIK3R1/CXCL1/IL1B/TLR4/PRKACA/LAMA3/PRKACG/GNA11",0.343868631368631
"00760",6,-0.370582460732984,-1.07876133226797,0.123876123876124,"PNP/NADK/NMNAT3/NADSYN1/NMNAT2/QPRT",0.343868631368631
"04530",40,0.247863337410443,1.28510030193654,0.124875124875125,"CLDN22/CDC42/VAPA/CSNK2B/MYH14/ACTG1/MPDZ/RHOA/CLDN8/MAGI3/MYL12B/CLDN15/CLDN19/CLDN18/PTEN/CLDN6/PPP2R2B/PRKCB/F11R/RRAS2/CLDN5/OCLN/PPP2CA/JAM2/PPP2R2A/PRKCH/MYH11/AKT3/PARD6B/EXOC4",0.343868631368631
"05416",28,-0.173701423544149,-0.997608386564706,0.127872127872128,"HLA-DPA1/CASP8/HLA-DQA1/HLA-DQB1/MYH14/ACTG1/CD55/HLA-DRB1/HLA-DMB/RAC1/SGCA/DMD/ABL1/CD86/HLA-DQA2/HLA-DMA/CD40/HLA-DRA/HLA-DOA/MYH11/RAC2/SGCD/DAG1/EIF4G1/MYH9/HLA-A/HLA-F/ABL2",0.343868631368631
"04720",20,-0.212605596546502,-1.0458505282528,0.128871128871129,"CAMK2G/CACNA1C/ARAF/GRIN2C/PLCB1/ATF4/PRKCB/PPP1CA/RAPGEF3/RPS6KA1/MAPK3/MAPK1/CREBBP/MAP2K1/CAMK2B/PPP1R12A/PRKACA/PRKACG/GRIN1/RAP1A",0.343868631368631
"04210",30,-0.169211078499388,-1.0146478597594,0.12987012987013,"BIRC2/CASP8/BAX/IKBKG/RIPK1/RELA/TNFRSF1A/EXOG/CAPN2/PIK3CA/MYD88/CASP6/NGF/IRAK4/TNFRSF10C/PRKAR1A/AKT3/IRAK2/IRAK3/NFKB1/AIFM1/BIRC3/PIK3R1/CSF2RB/IL1RAP/IL1B/PRKACA/PRKACG/NFKBIA/TNFRSF10A",0.343868631368631
"00531",5,0.496412965496149,1.22204479406577,0.131868131868132,"GUSB/HYAL1/IDUA/HEXB/IDS",0.343868631368631
"00590",15,0.335630594086906,1.27692733106508,0.132867132867133,"PLA2G10/ALOX15B/GPX1/CYP2C8/PLB1/JMJD7-PLA2G4B/ALOX12B/CYP2E1/PLA2G12A/PLA2G4B/ALOX12/CYP2C19/PTGS2/PLA2G3/PLA2G4E",0.343868631368631
"00640",6,0.469999582770114,1.22976211618783,0.133866133866134,"MCEE/SUCLG2/LDHA/HIBCH/ALDH3A2/ALDH9A1",0.343868631368631
"00052",8,0.415130019065665,1.23182974596328,0.135864135864136,"LALBA/AKR1B1/PGM1/GALK2/GALT/PGM2/HK1/GLA",0.343868631368631
"00534",7,-0.343642611683849,-1.0772966422525,0.136863136863137,"HS3ST3B1/HS2ST1/B3GALT6/EXT2/EXT1/HS6ST1/HS6ST2",0.343868631368631
"04120",55,0.218340535587452,1.26818604421889,0.147852147852148,"SKP1/SAE1/BIRC2/PIAS3/PPIL2/UBE2D4/CDC16/CDC20/ANAPC2/KLHL13/UBE2E3/UBE2D1/ANAPC13/SIAH1/TRIM32/FANCL/UBE2E2/ANAPC10/CBLB/HERC4/CUL4B/UBE2A/CDC23/UBOX5/UBE2G1/UBA7/ANAPC5/UBA6/SOCS1/SMURF1",0.355962219598583
"00360",8,-0.314944619483585,-1.03025917506211,0.148851148851149,"GOT1/PRDX6/PAH/ALDH1A3/ALDH3B2/IL4I1/AOC2/ALDH3B1",0.355962219598583
"05012",42,0.232597816432895,1.25658301467246,0.148851148851149,"COX7A2/TH/NDUFAB1/UBB/GPR37/NDUFB1/UQCRB/COX7A2L/NDUFB4/NDUFV1/SLC25A5/SDHD/COX6C/SLC18A1/VDAC1/UQCR11/NDUFA9/COX7C/UBE2G1/UQCRFS1/VDAC2/NDUFA5/HTRA2/UQCRQ/UBA7/NDUFC1/NDUFA11/COX5B/NDUFA2/COX4I2",0.355962219598583
"04514",53,-0.113763230837807,-0.835513122560495,0.153846153846154,"CLDN22/HLA-DPA1/CD99/VCAM1/HLA-DQA1/ICAM2/HLA-DQB1/CLDN8/CLDN15/CLDN19/CLDN18/CLDN6/HLA-DRB1/HLA-DMB/CD8A/F11R/CD34/CLDN5/OCLN/CD276/MPZ/ICAM3/CD86/JAM2/HLA-DQA2/ESAM/MAG/HLA-DMA/CD40/HLA-DRA",0.355962219598583
"05016",53,0.218051806927356,1.25452028669631,0.154845154845155,"AP2A1/COX7A2/NDUFAB1/CASP8/GPX1/BDNF/NDUFB1/BAX/UQCRB/DNAI2/COX7A2L/NDUFB4/NDUFV1/TBP/SLC25A5/SDHD/PLCB1/COX6C/DCTN1/DCTN4/HTT/VDAC1/UQCR11/NDUFA9/HDAC1/COX7C/UQCRFS1/DNALI1/VDAC2/NDUFA5",0.355962219598583
"00040",11,0.368266040097717,1.21331611776681,0.155844155844156,"AKR1B1/CRYL1/GUSB/UGT1A6/UGT1A7/UGDH/ALDH3A2/RPE/UGT2B7/UGT2A1/UGT1A9",0.355962219598583
"04260",25,0.272136592622378,1.23102863032201,0.155844155844156,"CACNA1S/COX7A2/CACNA1C/ATP1B4/UQCRB/COX7A2L/ATP2A2/ATP1B3/COX6C/UQCR11/TPM4/COX7C/UQCRFS1/UQCRQ/ATP1A2/COX5B/COX4I2/COX6A1/COX6B1/COX5A/CACNB2/CACNB4/SLC9A1/CACNG1/ATP1B1",0.355962219598583
"04340",18,0.302639651587602,1.21613548667753,0.155844155844156,"PTCH2/GLI3/BMP4/WNT5A/BMP8A/GAS1/BMP6/BMP2/ZIC2/CSNK1G3/WNT2/BMP5/FBXW11/WNT3A/CSNK1A1/PRKACA/PRKACG/IHH",0.355962219598583
"04962",17,-0.214970894360688,-0.996570717368574,0.158841158841159,"GNAS/VAMP2/DYNLL1/DCTN1/DCTN4/AQP3/ADCY9/AVPR2/DCTN6/CREB3/DYNC2LI1/CREB3L2/STX4/PRKACA/PRKACG/CREB1/DYNC1LI2",0.357466709115061
"04672",18,0.302149569264125,1.21293733130554,0.160839160839161,"HLA-DPA1/IL15/HLA-DQA1/HLA-DQB1/TGFB1/HLA-DRB1/HLA-DMB/LTBR/CD86/CCL25/HLA-DQA2/CXCL12/TNFSF13/HLA-DMA/CD40/HLA-DRA/HLA-DOA/CCL27",0.357466709115061
"04972",29,0.263720074792102,1.24280764892207,0.161838161838162,"PLA2G10/GNAS/ATP1B4/KCNQ1/ATP2A1/RHOA/ATP2A2/ATP1B3/JMJD7-PLA2G4B/PLCB1/CELA3B/RAC1/SLC4A4/PRKCB/PLA2G12A/ADCY9/SCTR/ATP1A2/ATP2A3/CTRB1/PLA2G4B/CA2/SLC9A1/ATP2B2/ATP1B1/PLA2G3/AMY2A/RAP1A/PLA2G4E",0.357466709115061
"00250",9,-0.28728106073007,-0.995778319669622,0.166833166833167,"ASNS/GOT1/GAD1/ALDH5A1/GLUD2/ALDH4A1/ADSL/IL4I1/GLUL",0.361011329096435
"04722",47,-0.118830721388664,-0.821649710786908,0.167832167832168,"MAP2K5/CDC42/CAMK2G/SH2B2/BDNF/BAX/RHOA/RELA/RPS6KA5/ATF4/RAC1/SH2B1/TP73/CRK/RPS6KA1/ABL1/MAPK14/MAPK3/PIK3CA/SHC2/MAPK11/IRS2/TRAF6/YWHAZ/NTF3/YWHAE/NGF/IRAK4/MAPK1/AKT3",0.361011329096435
"03022",16,-0.193913923937011,-0.908420014321402,0.168831168831169,"TAF6/TAF1L/TAF7/TAF11/TBP/GTF2H3/TAF6L/TAF9/GTF2IRD1/STON1/TAF13/GTF2F1/GTF2H1/TAF9B/GTF2I/TAF5L",0.361011329096435
"05340",11,0.346224353337692,1.16305815786363,0.173826173826174,"UNG/IL2RG/IKBKG/IGLL1/CD8A/JAK3/CD40/CD8B/RFXAP/PTPRC/ZAP70",0.36777958883222
"05210",21,-0.164135402475763,-0.84772334536117,0.184815184815185,"LEF1/BAX/RHOA/ARAF/AXIN1/TGFB1/RAC1/TGFBR1/MLH1/MAPK3/PIK3CA/MAPK1/RAC2/AKT3/APC/PIK3R1/APC2/MAP2K1/MAPK10/SMAD3/TGFBR2",0.383526473526474
"04620",41,-0.116644082287701,-0.781592482343162,0.185814185814186,"LY96/CASP8/IKBKG/RIPK1/RELA/MAP3K7/RAC1/TICAM2/IL12A/CD14/CXCL9/CD86/TAB2/MAPK14/TLR5/MAPK3/PIK3CA/TLR6/MAPK11/TIRAP/TBK1/MYD88/MAP2K6/CD40/TRAF6/TLR1/IRAK4/MAPK1/TAB1/AKT3",0.383526473526474
"05120",34,-0.135435361160145,-0.836423389111445,0.18981018981019,"CXCR2/CDC42/IKBKG/TCIRG1/NOD1/RELA/ATP6V1H/ATP6V0B/RAC1/F11R/ATP6V1E1/ATP6V1B1/JAM2/MAPK14/ATP6V0C/MAPK11/ATP6V0D1/MET/ATP6V1G2/HBEGF/ATP6V0A4/ATP6V0A1/NFKB1/CCL5/ATP6V1G3/ATP6V0E2/TJP1/CXCL1/EGFR/MAPK10",0.383526473526474
"04742",13,0.323814054269322,1.15743600783979,0.190809190809191,"GNG3/GNAS/CACNA1B/CACNA1A/TAS2R40/TAS2R20/KCNB1/SCNN1G/SCNN1A/ASIC2/PRKACA/PRKACG/TAS2R10",0.383526473526474
"05142",39,-0.115912440627409,-0.758400830124077,0.190809190809191,"ACE/GNAS/CASP8/IFNGR2/IKBKG/RELA/PLCB1/TGFB1/PPP2R2B/GNAL/TNFRSF1A/GNA14/CD247/IL12A/TGFBR1/PPP2CA/MAPK14/PPP2R2A/MAPK3/PIK3CA/TLR6/MAPK11/MYD88/TRAF6/IRAK4/MAPK1/GNAO1/AKT3/NFKB1/CCL5",0.383526473526474
"00280",12,0.334937837436899,1.14978038675115,0.194805194805195,"MCEE/HADHB/HMGCL/HIBADH/OXCT1/HADH/HIBCH/ALDH3A2/HMGCS1/BCAT2/ALDH9A1/IL4I1",0.387681625305388
"05010",53,0.207672646223374,1.18872967779102,0.197802197802198,"CACNA1S/COX7A2/CACNA1C/NDUFAB1/CASP8/BACE1/NDUFB1/UQCRB/ATP2A1/COX7A2L/ATP2A2/NDUFB4/NDUFV1/NAE1/CDK5R1/GAPDH/SDHD/GRIN2C/PLCB1/COX6C/TNFRSF1A/UQCR11/NDUFA9/COX7C/UQCRFS1/NDUFA5/CAPN2/UQCRQ/NDUFC1/BACE2",0.388462005284435
"04912",36,0.23016389753943,1.1756494300061,0.1998001998002,"PLA2G10/CACNA1S/CDC42/CAMK2G/GNAS/CACNA1C/GNRH1/JMJD7-PLA2G4B/PLCB1/ATF4/MAP3K4/PRKCB/PLA2G12A/ADCY9/ELK1/MAPK14/MAPK3/MAPK11/MAP2K6/PLA2G4B/PLD2/MAPK1/GNRH2/HBEGF/MAP3K1/GRB2/MAP2K1/PLA2G3/CAMK2B/EGFR",0.388462005284435
"00190",42,0.213286969488709,1.16222738127202,0.205794205794206,"COX7A2/NDUFAB1/NDUFB1/UQCRB/COX7A2L/TCIRG1/NDUFB4/NDUFV1/COX11/SDHD/ATP6V1H/ATP6V0B/COX6C/UQCR11/NDUFA9/COX7C/UQCRFS1/ATP6V1E1/NDUFA5/COX15/ATP6V1B1/UQCRQ/NDUFC1/NDUFA11/ATP6V0C/COX5B/NDUFA2/COX4I2/COX6A1/NDUFB3",0.388462005284435
"00601",7,0.394137326272303,1.10300306409017,0.205794205794206,"ST3GAL3/B4GALT3/FUT7/ST8SIA1/B3GNT5/ST3GAL4/GCNT2",0.388462005284435
"04914",33,-0.129937041501989,-0.798842548346834,0.205794205794206,"CDC16/INS/ANAPC2/ANAPC13/CDK2/ARAF/BUB1/ANAPC10/PKMYT1/ADCY9/CDC23/RPS6KA1/MAPK14/MAPK3/ANAPC5/PIK3CA/MAPK11/SPDYA/MAPK1/IGF1/AKT3/CDC25B/MAD2L2/CCNB3/CDC27/PIK3R1/MAP2K1/CCNA1/HSP90AA1/MAPK10",0.388462005284435
"00020",9,0.356450322771441,1.12141083947227,0.206793206793207,"IDH3B/SUCLG2/MDH2/SDHD/MDH1/PCK2/DLST/ACLY/SDHC",0.388462005284435
"04640",27,-0.145887311664681,-0.81678723207947,0.211788211788212,"CD37/CD1E/CD33/IL5RA/CD55/HLA-DRB1/CD8A/ITGA2/CD9/CD34/CD14/CD5/FLT3/CSF3/HLA-DRA/CD8B/CD36/IL2RA/CR1/CSF2RA/CSF1R/CD44/THPO/TFRC/IL4R/ITGB3/IL1B",0.394161394161394
"00053",8,-0.259738134206219,-0.866072706728631,0.217782217782218,"UGT1A6/UGT1A7/UGDH/ALDH3A2/ALDH9A1/UGT2B7/UGT2A1/UGT1A9",0.401598401598402
"03320",25,0.256442719655661,1.13376377753749,0.222777222777223,"ACADL/ACSL5/FABP4/SLC27A2/CPT1A/DBI/ME1/SCP2/PLTP/CYP27A1/AQP7/RXRB/PCK2/GK/ILK/NR1H3/CD36/FABP1/LPL/CPT1B/SCD5/FABP6/PDPK1/PPARD/SORBS1",0.407025407025407
"04330",21,-0.142626677813535,-0.719813275669564,0.224775224775225,"NUMBL/CTBP1/DLL1/DTX1/NUMB/HDAC1/HES1/NCOR2/PTCRA/RBPJ/CTBP2/PSENEN/NOTCH1/RBPJL/NOTCH2/DLL3/CREBBP/MFNG/DTX4/NOTCH4/APH1A",0.407025407025407
"00670",5,-0.331565971550546,-0.876166592167614,0.232767232767233,"MTHFD2/ATIC/ALDH1L1/AMT/MTHFD1L",0.415814274221354
"04142",51,0.204035720500351,1.14540548924721,0.233766233766234,"NPC2/LAMP2/GUSB/LAPTM4A/SMPD1/HYAL1/CD164/CTNS/TCIRG1/SLC11A2/PLA2G15/ARSA/IDUA/CLN3/ATP6V1H/DNASE2/ATP6V0B/CTSA/CLN5/TPP1/AP4B1/LAMP1/GGA2/CTSB/ABCA2/AP4M1/SUMF1/HEXB/ATP6V0C/NAPSA",0.415814274221354
"00100",6,0.406740837696335,1.06694455907629,0.23976023976024,"DHCR7/SOAT2/SQLE/MSMO1/FDFT1/CYP51A1",0.420159672260513
"05410",25,0.251326592268714,1.12167806299645,0.242757242757243,"CACNA1S/ACE/CACNA1C/EMD/ACTG1/ATP2A2/ITGA10/TGFB1/ITGB5/ITGA2/SGCA/TPM4/DMD/ITGB4/CACNB2/IGF1/CACNB4/ITGAV/CACNG1/SGCD/DAG1/ITGB3/ITGA11/ITGB1/LMNA",0.420159672260513
"00140",19,-0.156413247949586,-0.744498794740218,0.244755244755245,"CYP11A1/HSD11B2/UGT1A6/UGT1A7/CYP7B1/CYP19A1/CYP21A2/AKR1C2/AKR1C4/HSD17B1/CYP11B1/UGT2B7/UGT2A1/UGT1A9/HSD17B2/CYP17A1/CYP11B2/AKR1D1/CYP1B1",0.420159672260513
"00260",10,-0.226588081204977,-0.815554282801861,0.246753246753247,"CTH/PIPOX/SARDH/AMT/GATM/PSPH/CBS/GAMT/AOC2/ALAS1",0.420159672260513
"03060",11,0.32037800081572,1.05826427708164,0.246753246753247,"SEC61B/SEC61A2/SEC61G/SEC11A/SRP54/SRP9/SEC61A1/SRPRB/SRP72/OXA1L/SEC63",0.420159672260513
"02010",15,0.281493648699206,1.06839834195405,0.248751248751249,"ABCC5/ABCC6/ABCB8/ABCB11/ABCA6/ABCB6/ABCC4/ABCA2/ABCB10/ABCA9/ABCG1/ABCC9/ABCC3/ABCD1/ABCC11",0.420159672260513
"00330",13,-0.194430794430794,-0.795365907656321,0.25974025974026,"SRM/OAT/GOT1/P4HA3/ALDH18A1/GATM/ALDH3A2/GLUD2/ALDH4A1/ALDH9A1/GAMT/GLUL/NOS3",0.431224513191726
"04964",12,0.306423715790698,1.05282382799112,0.260739260739261,"SLC38A3/ATP1B4/ATP1B3/MDH1/SLC4A4/AQP1/ATP1A2/PCK2/GLUD2/CA2/SLC9A3/ATP1B1",0.431224513191726
"05150",17,0.264599856522355,1.04911475419805,0.261738261738262,"HLA-DPA1/HLA-DQA1/HLA-DQB1/MBL2/FCAR/HLA-DRB1/HLA-DMB/FCGR2B/FCGR2A/HLA-DQA2/HLA-DMA/HLA-DRA/HLA-DOA/C4B/PTAFR/CFB/FCGR3A",0.431224513191726
"00310",9,-0.238336880013095,-0.840267678021695,0.264735264735265,"EHMT2/PIPOX/HADH/SETDB2/ALDH3A2/ALDH9A1/DLST/SETD2/ASH1L",0.432616164323481
"04950",7,0.362098387680032,1.00639613647672,0.274725274725275,"FOXA3/INS/MNX1/HES1/HHEX/NEUROG3/HNF4A",0.443364635364635
"00591",10,0.313066597294481,1.02574291360393,0.275724275724276,"PLA2G10/CYP2C8/PLB1/JMJD7-PLA2G4B/CYP2E1/PLA2G12A/PLA2G4B/CYP2C19/PLA2G3/PLA2G4E",0.443364635364635
"00600",17,-0.13328769397971,-0.620270133324996,0.281718281718282,"NEU2/SMPD1/ARSA/ACER1/KDSR/DEGS2/ASAH1/SPTLC1/SGMS1/SGPP1/GAL3ST1/ENPP7/SPHK2/SPHK1/SMPD4/GLA/UGCG",0.449407735122021
"00910",8,-0.226513911620295,-0.741641212544334,0.294705294705295,"CTH/ASNS/CA5B/AMT/GLUD2/CA2/CA13/GLUL",0.460479370253806
"00860",14,0.280464622382475,1.03023884704124,0.295704295704296,"EARS2/GUSB/FTL/BLVRA/UGT1A6/UGT1A7/UROD/COX15/UGT2B7/UGT2A1/UGT1A9/HMOX2/UROS/ALAS1",0.460479370253806
"04150",16,-0.141737157566116,-0.634682191115844,0.297702297702298,"STRADA/INS/RHEB/CAB39L/RPS6KA1/VEGFA/MAPK3/PIK3CA/HIF1A/RPS6KB2/MAPK1/IGF1/AKT3/PDPK1/PIK3R1/RPS6",0.460479370253806
"00120",9,-0.214765100671141,-0.757865455898167,0.298701298701299,"SCP2/AMACR/CYP27A1/CYP7B1/HSD17B4/AKR1C4/CYP39A1/HSD3B7/AKR1D1",0.460479370253806
"04610",18,0.246653475098583,1.01379607731927,0.301698301698302,"F3/FGA/MBL2/TFPI/BDKRB1/CD55/PROS1/CD46/C9/F2/SERPIND1/C4B/F11/CR1/CFB/PLAUR/THBD/PLAT",0.460479370253806
"03008",22,0.229848057761141,1.00900647562636,0.303696303696304,"NXF1/NOL6/CSNK2B/NOP10/UTP6/RPP30/RCL1/TCOF1/WDR36/POP7/TAF9/POP4/SBDS/FCF1/NOB1/WDR75/EIF6/WDR3/XRN2/RIOK1/MDN1/UTP14C",0.460479370253806
"00562",21,0.24591991205055,1.04767304196942,0.304695304695305,"ISYNA1/INPP5E/PLCE1/CDIPT/MINPP1/PTEN/PLCB1/INPP4A/INPP5K/INPP5A/IPPK/PIP5K1A/PIK3CA/IMPA1/PI4K2B/PIKFYVE/PIP4K2A/PI4KA/ITPKB/PIP5K1C/PIK3C2A",0.460479370253806
"00604",6,0.375020278027056,0.967226163431633,0.30969030969031,"SLC33A1/ST3GAL5/ST8SIA1/HEXB/B4GALNT1/ST3GAL1",0.464069264069264
"05130",21,0.231413923022774,0.99260576798061,0.311688311688312,"ARPC3/LY96/CDC42/ACTG1/RHOA/TUBA1C/TUBB/TUBB3/NCK1/CD14/OCLN/ABL1/TLR5/TUBA4A/ARPC5/TUBB2A/YWHAZ/CDH1/TLR4/ITGB1/ROCK1",0.464069264069264
"04130",12,0.28810603421718,0.995326736242709,0.315684315684316,"VAMP1/VAMP3/VAMP2/BET1/BNIP1/STX16/SNAP25/STX6/BET1L/STX4/GOSR1/VAMP5",0.464622968272603
"04977",8,0.332298689989699,0.968287672305796,0.316683316683317,"SLC5A6/SLC19A1/PLB1/BTD/FOLH1/LMBRD1/TCN2/SLC19A3",0.464622968272603
"03440",6,0.363383920486502,0.949009415165538,0.31968031968032,"RPA2/XRCC3/XRCC2/RAD51D/BLM/TOP3B",0.465621335186553
"03420",11,0.292305687984851,0.969620566017364,0.322677322677323,"RFC3/ERCC3/RPA2/GTF2H5/CUL4B/GTF2H3/POLE2/RFC1/CETN2/GTF2H1/ERCC1",0.466605337108934
"04975",11,0.278340714963535,0.947155743454926,0.334665334665335,"PLA2G10/AGPAT2/JMJD7-PLA2G4B/NPC1L1/PLA2G12A/MOGAT3/PLA2G4B/CD36/FABP1/PLA2G3/PLA2G4E",0.480483801912373
"03030",10,0.288014496572841,0.941214756278604,0.341658341658342,"RFC3/RNASEH2C/RPA2/DNA2/POLE2/RFC1/RNASEH2B/MCM3/RNASEH1/MCM4",0.484687726067036
"00010",18,0.237977953418446,0.965702690229906,0.345654345654346,"ALDOB/PGM1/ADH7/LDHA/ADH1A/GAPDH/ADH1C/PGK1/PGM2/AKR1A1/PCK2/ALDH3A2/ALDH1A3/ALDH9A1/ALDH3B2/HK1/FBP1/ALDH3B1",0.484687726067036
"04114",38,0.200675491317329,1.01514755767216,0.346653346653347,"SKP1/CAMK2G/PPP2R5B/CDC16/INS/CDC20/ANAPC2/ANAPC13/CDK2/BUB1/ANAPC10/PKMYT1/PPP1CA/ADCY9/CDC23/RPS6KA1/PPP2CA/REC8/MAPK3/ANAPC5/PPP2R5A/PTTG2/SPDYA/PPP2R5C/FBXO5/YWHAZ/YWHAE/MAPK1/AURKA/IGF1",0.484687726067036
"00592",7,0.321759447149637,0.895737604520838,0.34965034965035,"PLA2G10/PLB1/JMJD7-PLA2G4B/PLA2G12A/PLA2G4B/PLA2G3/PLA2G4E",0.484687726067036
"03050",13,0.26335489481031,0.935089161069777,0.34965034965035,"PSMB5/PSMA1/PSMC5/PSMB11/PSMB2/PSMA5/PSMB3/PSMB4/PSMD6/PSMA3/PSME3/PSMD1/PSME1",0.484687726067036
"05322",19,0.228334595429133,0.946670893668485,0.355644355644356,"HLA-DPA1/HLA-DQA1/HLA-DQB1/SNRPB/HLA-DRB1/HLA-DMB/FCGR2B/FCGR2A/CD86/HLA-DQA2/TRIM21/HLA-DMA/CD40/HLA-DRA/SNRPD3/HLA-DOA/C9/C4B/FCGR3A",0.487655201940916
"05160",45,0.182018047892845,0.989090701642491,0.356643356643357,"CLDN22/PIAS3/EIF2AK1/IKBKG/IFIT1/CLDN8/IRF9/RIPK1/ARAF/CLDN15/CLDN19/CLDN18/RELA/CLDN6/OAS2/PPP2R2B/TNFRSF1A/CLDN5/OCLN/PPP2CA/MAPK14/PPP2R2A/EIF3E/MAPK3/PIK3CA/RNASEL/MAPK11/TBK1/NR1H3/TRAF6",0.487655201940916
"00270",11,0.274531912516908,0.922497648795233,0.361638361638362,"APIP/SRM/LDHA/CTH/GOT1/AHCY/CDO1/CBS/DNMT3A/IL4I1/DNMT1",0.490543014032947
"04710",6,0.329202858531873,0.889412321873669,0.363636363636364,"SKP1/RORA/RORC/FBXW11/PER2/CRY2",0.490543014032947
"05014",13,0.253030670909639,0.901366963658289,0.375624375624376,"GPX1/BAX/GRIN2C/RAC1/TNFRSF1A/ALS2/MAPK14/DERL1/MAPK11/MAP2K6/CAT/NEFM/GRIN1",0.503336663336663
"00500",18,0.221598906176324,0.913492714742447,0.383616383616384,"AGL/GUSB/PGM1/AMY1A/UGT1A6/UGT1A7/UGDH/GBE1/PGM2/GYS2/UXS1/PYGM/UGT2B7/UGT2A1/UGT1A9/HK1/AMY1C/AMY2A",0.51064167620459
"00030",7,0.296776508995547,0.848706215885508,0.386613386613387,"ALDOB/PGM1/PGM2/DERA/RPE/TKTL1/FBP1",0.511245333613755
"04930",15,0.238218391727925,0.897816676654391,0.394605394605395,"CACNA1C/INS/CACNA1B/CACNA1A/MAPK3/PIK3CA/SOCS1/IRS2/MAPK1/CACNA1G/PIK3R1/HK1/KCNJ11/MAPK10/PRKCE",0.514305049788921
"05320",14,0.25077930347796,0.913728059356763,0.394605394605395,"HLA-DPA1/HLA-DQA1/HLA-DQB1/TSHR/HLA-DRB1/HLA-DMB/CD86/HLA-DQA2/HLA-DMA/CD40/HLA-DRA/HLA-DOA/HLA-A/HLA-F",0.514305049788921
"00630",7,0.309790368194671,0.860942185991612,0.396603396603397,"MCEE/MDH2/MDH1/GRHPR/HYI/PGP/AFMID",0.514305049788921
"00770",8,0.277941052403567,0.81950133464963,0.406593406593407,"PANK2/PPCS/VNN2/PANK1/DPYD/BCAT2/PANK3/COASY",0.523879966187659
"00520",17,0.222476993827619,0.870959890627372,0.414585414585415,"CHI3L1/PGM1/GALK2/GALT/UGDH/CYB5R1/PGM2/CHIA/GNPDA2/NPL/HEXB/UXS1/FPGT/GNE/GMPPB/HK1/NANS",0.527415622352331
"00533",5,0.339900707338104,0.848889550700936,0.414585414585415,"ST3GAL3/B4GALT3/CHST2/ST3GAL1/CHST1",0.527415622352331
"04744",5,0.340697946673082,0.842769675771763,0.41958041958042,"PDE6G/SLC24A1/PDE6B/RGS9/GUCA1B",0.528352897102897
"05414",29,0.188837415484914,0.904657440751079,0.420579420579421,"CACNA1S/GNAS/CACNA1C/EMD/ACTG1/ATP2A2/ITGA10/TGFB1/ITGB5/ITGA2/SGCA/TPM4/DMD/ADCY9/ITGB4/PLN/CACNB2/IGF1/CACNB4/ITGAV/CACNG1/SGCD/DAG1/ITGB3/PRKACA/ITGA11/ITGB1/PRKACG/LMNA",0.528352897102897
"05332",16,0.229515425861594,0.869491335881018,0.426573426573427,"HLA-DPA1/HLA-DQA1/KLRD1/HLA-DQB1/HLA-DRB1/HLA-DMB/CD86/HLA-DQA2/HLA-DMA/HLA-DRA/HLA-DOA/KIR3DL2/IL1B/KIR2DL3/HLA-A/HLA-F",0.530947580027335
"00532",5,0.31410095280792,0.786508893743199,0.42957042957043,"CHST12/CSGALNACT1/B3GALT6/CHST14/CHST15",0.530947580027335
"04916",26,0.198362156153366,0.890043178852802,0.430569430569431,"FZD7/CAMK2G/GNAS/LEF1/WNT5A/PLCB1/FZD2/PRKCB/ADCY9/FZD1/FZD6/CREB3/MAPK3/WNT2/MAPK1/GNAO1/CREBBP/CREB3L2/MAP2K1/CAMK2B/WNT3A/PRKACA/MITF/FZD8/PRKACG/CREB1",0.530947580027335
"00561",16,0.219454660222908,0.848988434881991,0.441558441558442,"AKR1B1/AGPAT2/MGLL/AGPAT4/DGKZ/AGK/AKR1A1/PNLIPRP3/ALDH3A2/GK/MOGAT3/ALDH9A1/DGKI/LPL/LCLAT1/GLA",0.540332394877849
"05145",52,0.165134555210017,0.926120650187767,0.443556443556444,"PLA2G10/LY96/HLA-DPA1/BIRC2/CASP8/HLA-DQA1/HLA-DQB1/IFNGR2/IKBKG/RELA/JMJD7-PLA2G4B/MAP3K7/LAMB4/TGFB1/HLA-DRB1/HLA-DMB/TNFRSF1A/PLA2G12A/IL12A/TAB2/MAPK14/HLA-DQA2/MAPK3/PIK3CA/MAPK11/MYD88/LAMB2/MAP2K6/HLA-DMA/CD40",0.540332394877849
"00512",10,0.251071600249566,0.808602713859468,0.44955044955045,"B3GNT6/GALNT9/GALNT10/C1GALT1/B4GALT5/GALNT14/GALNT5/ST3GAL1/GALNTL6/GCNT4",0.5418013938724
"00051",11,0.240719778083428,0.808126767961601,0.453546453546454,"AKR1B1/ALDOB/SORD/KHK/MTMR1/FPGT/MTMR2/GMPPB/PFKFB2/HK1/FBP1",0.5418013938724
"00350",14,0.225543287147156,0.825089125845657,0.453546453546454,"TH/ADH7/LCMT2/ADH1A/ADH1C/GOT1/TRMT11/ALDH1A3/HEMK1/ALDH3B2/IL4I1/AOC2/ALDH3B1/HGD",0.5418013938724
"00970",7,0.268199174931454,0.761603789864172,0.455544455544456,"EARS2/PARS2/IARS2/VARS2/HARS2/WARS2/YARS2",0.5418013938724
"04670",43,0.169555685337324,0.904944894286778,0.462537462537463,"CLDN22/CDC42/CD99/VCAM1/ACTG1/SIPA1/RHOA/CLDN8/MYL12B/CLDN15/CLDN19/CLDN18/CLDN6/RAC1/PRKCB/F11R/CTNND1/RAPGEF3/CLDN5/OCLN/JAM2/MAPK14/CXCL12/ESAM/VAV3/PIK3CA/MAPK11/CYBA/RAC2/ARHGAP5",0.544858650121808
"05412",25,0.188405532625466,0.842809008701505,0.463536463536464,"CACNA1S/CACNA1C/EMD/LEF1/ACTG1/ATP2A2/ITGA10/ITGB5/ITGA2/SGCA/DMD/ITGB4/PKP2/GJA1/CACNB2/CACNB4/ITGAV/CACNG1/SGCD/CTNNA1/DAG1/ITGB3/ITGA11/ITGB1/LMNA",0.544858650121808
"00410",7,0.262886346560368,0.750956903111157,0.480519480519481,"SRM/DPYD/HIBCH/GAD1/ALDH3A2/ALDH9A1/AOC2",0.559942914228629
"04940",19,0.192619616651062,0.787818499499512,0.482517482517482,"HLA-DPA1/HLA-DQA1/INS/HLA-DQB1/HSPD1/HLA-DRB1/HLA-DMB/IL12A/CD86/GAD1/HLA-DQA2/CPE/HLA-DMA/HLA-DRA/HLA-DOA/ICA1/IL1B/HLA-A/HLA-F",0.559942914228629
"04920",19,0.192802473712831,0.806072383555872,0.486513486513487,"CAMKK2/ACSL5/CPT1A/IKBKG/RELA/ADIPOR1/TNFRSF1A/LEPR/RXRB/PCK2/IRS2/CD36/AKT3/CPT1B/NFKB1/STAT3/MAPK10/PTPN11/NFKBIA",0.559942914228629
"03410",13,0.216665270466753,0.772467286118292,0.487512487512487,"UNG/APEX1/OGG1/POLE2/PARP4/MPG/NEIL3/POLB/APEX2/MUTYH/PARP3/PARP2/NEIL2",0.559942914228629
"04976",25,0.178185927534139,0.803061617307671,0.495504495504495,"SLC22A1/GNAS/EPHX1/ATP1B4/KCNN2/ABCB11/ATP1B3/SLC4A4/AQP1/ADCY9/ABCC4/SCTR/ATP1A2/CA2/SLC9A3/NR0B2/ABCC3/SLC22A8/SLC9A1/ATP1B1/SLC10A1/LDLR/SLC51B/PRKACA/PRKACG",0.564960463265548
"00514",13,0.223439014937912,0.786804849733107,0.497502497502497,"ST3GAL3/B4GALT3/UGT1A6/UGT1A7/CHST10/FUT7/POFUT2/UGT2B7/UGT2A1/UGT1A9/ST6GAL2/MFNG/POMT1",0.564960463265548
"04974",21,0.192886623258844,0.804158533274192,0.513486513486514,"ATP1B4/SLC1A5/KCNQ1/PRCP/SLC3A2/ATP1B3/CELA3B/SLC7A7/COL15A1/COL17A1/ATP1A2/XPNPEP2/CTRB1/SLC3A1/SLC9A3/COL1A2/KCNJ13/SLC6A19/COL11A2/ATP1B1/ELN",0.579835894442636
"04622",20,0.182239295846432,0.751165668234276,0.521478521478521,"CASP8/IKBKG/AZI2/RIPK1/RELA/MAP3K7/RNF125/TANK/IL12A/MAPK14/MAPK11/TBK1/TRAF6/DDX3X/NFKB1/MAP3K1/PIN1/MAPK10/NFKBIA/OTUD5",0.585570853727278
"04971",19,0.186295863638395,0.762107899723322,0.525474525474525,"CAMK2G/GNAS/ATP1B4/KCNQ1/ATP1B3/PLCB1/PRKCB/ADCY9/ATP1A2/MYLK/CA2/SLC9A4/SLC9A1/ATP1B1/CAMK2B/PRKACA/KCNE2/PRKACG/MYLK2",0.58584821771635
"04350",37,0.159596620951249,0.801804270007094,0.528471528471528,"GDF5/SKP1/BMP4/BMP8A/RHOA/E2F5/FST/E2F4/DCN/BMP6/TGFB1/BMP2/ID3/TGFBR1/NODAL/PPP2CA/ID1/MAPK3/SMURF1/THBS2/RPS6KB2/MAPK1/PITX2/BMP5/AMHR2/CREBBP/ACVR1C/SMURF2/GDF6/SMAD5",0.58584821771635
"05330",14,0.200979648271875,0.739660001435129,0.53046953046953,"HLA-DPA1/HLA-DQA1/HLA-DQB1/HLA-DRB1/HLA-DMB/IL12A/CD86/HLA-DQA2/HLA-DMA/CD40/HLA-DRA/HLA-DOA/HLA-A/HLA-F",0.58584821771635
"05131",26,0.172958737433689,0.781342319002247,0.534465534465534,"ARPC3/CDC42/PFN1/ACTG1/IKBKG/NOD1/RELA/PFN2/RAC1/CRK/ABL1/MAPK14/MAPK3/MAPK11/ARPC5/PFN4/MAPK1/NFKB1/MAD2L2/FBXW11/CD44/MAPK10/ITGB1/NFKBIA/ROCK1/ELMO1",0.587035914904767
"00983",15,0.192156017672091,0.714632282162301,0.54045954045954,"GUSB/UGT1A6/NAT1/UGT1A7/IMPDH1/TK2/DPYD/NAT2/TK1/UMPS/UGT2B7/UGT2A1/UGT1A9/UCKL1/UPP1",0.588287388287388
"04540",23,0.180298983449851,0.779365604588105,0.541458541458541,"HTR2A/MAP2K5/GNAS/HTR2B/TUBA1C/PLCB1/TUBB/PRKCB/TUBB3/ADCY9/MAPK3/TUBA4A/GJA1/TUBB2A/MAPK1/TJP1/GRB2/MAP2K1/PDGFA/EGFR/PRKACA/PRKACG/GNA11",0.588287388287388
"00340",9,0.224897617932484,0.700768587851368,0.55044955044955,"LCMT2/TRMT11/UROC1/ALDH3A2/ALDH1A3/HEMK1/ALDH9A1/ALDH3B2/ALDH3B1",0.592733469738817
"00603",6,0.25194891505712,0.664460227814713,0.551448551448551,"A4GALT/B3GALNT1/ST8SIA1/HEXB/ST3GAL1/GLA",0.592733469738817
"04623",12,0.198861344712084,0.680798021371204,0.556443556443556,"IKBKG/RIPK1/ZBP1/RELA/TBK1/TREX1/POLR3H/NFKB1/CCL5/ADAR/IL1B/NFKBIA",0.594921036410398
"04973",14,0.18177358103005,0.659244226571068,0.577422577422577,"SLC2A5/ATP1B4/AMY1A/ATP1B3/SLC37A4/PRKCB/ATP1A2/PIK3CA/AKT3/ATP1B1/PIK3R1/HK1/AMY1C/AMY2A",0.614084328370043
"00062",5,0.214305259080575,0.525249544327711,0.588411588411588,"HADHB/HADH/MECR/PPT1/PPT2",0.622477522477522
"00240",23,0.160201602768934,0.694820094250403,0.596403596403596,"DUT/CMPK1/NME2/NME3/RRM2B/TK2/ENTPD1/PNP/NME1-NME2/DPYD/POLE2/AK3/DCK/ENTPD4/TK1/RRM1/UMPS/POLR3H/CTPS1/UCKL1/DHODH/UPP1/NME1",0.627628915587031
"04960",18,0.164754098360656,0.662908846159018,0.612387612387612,"ATP1B4/INS/HSD11B2/ATP1B3/PRKCB/SGK1/ATP1A2/MAPK3/PIK3CA/IRS2/MAPK1/IGF1/SCNN1G/SCNN1A/NEDD4L/ATP1B1/PDPK1/PIK3R1",0.639852375603671
"04730",21,0.150560850908439,0.643494829909506,0.614385614385614,"PLA2G10/GNAS/CACNA1A/ARAF/JMJD7-PLA2G4B/PLCB1/PRKCB/PLA2G12A/CRHR1/PPP2CA/MAPK3/PLA2G4B/GNA12/MAPK1/GNAO1/IGF1/MAP2K1/PLA2G3/LYN/GNA11/PLA2G4E",0.639852375603671
"04070",23,0.14776119061505,0.64230471019785,0.619380619380619,"INPP5E/PLCE1/CDIPT/PTEN/PLCB1/INPP4A/INPP5K/DGKZ/PRKCB/INPP5A/IPPK/PIP5K1A/PIK3CA/IMPA1/PI4K2B/PIKFYVE/DGKI/PIP4K2A/PI4KA/ITPKB/PIK3R1/PIP5K1C/PIK3C2A",0.640497963574887
"05216",7,0.145639011618393,0.405719157376192,0.621378621378621,"LEF1/PAX8/RXRB/MAPK3/MAPK1/MAP2K1/CDH1",0.640497963574887
"05222",27,0.137777589792003,0.653737665856521,0.643356643356643,"BIRC2/PIAS3/RARB/IKBKG/CDK2/RELA/PTEN/LAMB4/RB1/ITGA2/RXRB/PIK3CA/LAMB2/TRAF6/E2F3/FN1/ITGAV/AKT3/PIAS4/NFKB1/BIRC3/PTGS2/PIK3R1/LAMA3/E2F1/ITGB1/NFKBIA",0.657439007692815
"05143",11,0.152656218106314,0.509652194277125,0.644355644355644,"VCAM1/HPR/PLCB1/PRKCB/IL12A/F2RL1/MYD88/HBA2/IDO2/TLR9/IL1B",0.657439007692815
"04970",24,0.14284882018055,0.627526531534921,0.649350649350649,"GNAS/ADRA1D/ATP1B4/VAMP2/AMY1A/ATP1B3/PLCB1/PRKCB/ADCY9/ATP1A2/LYZ/ADRB2/MUC7/SLC9A1/CST1/ATP2B2/DMBT1/ATP1B1/PRB1/PRH2/PRKACA/AMY1C/AQP5/PRKACG",0.659189295552932
"04740",38,0.122534671282693,0.6253875079814,0.672327672327672,"CAMK2G/OR1D5/OR2H2/OR52I1/OR10A4/OR1J4/OR2L13/OR51B6/OR10G2/OR2F1/GNAL/OR2A7/OR6T1/OR51B5/OR52N4/OR2B6/OR2A4/OR10H3/OR7D2/OR2A14/OR4K17/CNGA3/OR2T6/OR51E2/OR2AT4/OR6C76/OR5AC2/OR9Q1/OR5AS1/OR51F1",0.679084734361116
"05323",37,0.124351024639755,0.634494775344752,0.686313686313686,"HLA-DPA1/IL15/HLA-DQA1/HLA-DQB1/TCIRG1/CXCL6/ATP6V1H/ATP6V0B/TGFB1/HLA-DRB1/HLA-DMB/ATP6V1E1/ATP6V1B1/CD86/TNFSF11/ATP6V0C/HLA-DQA2/CXCL12/VEGFA/ATP6V0D1/TNFSF13/HLA-DMA/HLA-DRA/HLA-DOA/ATP6V1G2/ATP6V0A4/ATP6V0A1/CCL5/ATP6V1G3/TNFRSF11A",0.689745254745255
"05140",36,0.095782492539348,0.486966972103718,0.73026973026973,"HLA-DPA1/HLA-DQA1/HLA-DQB1/IFNGR2/RELA/MAP3K7/TGFB1/HLA-DRB1/HLA-DMB/PRKCB/IL12A/ELK1/FCGR2A/TAB2/MAPK14/HLA-DQA2/MAPK3/MAPK11/MYD88/HLA-DMA/MARCKSL1/TRAF6/HLA-DRA/CYBA/IRAK4/MAPK1/HLA-DOA/TAB1/NFKB1/CR1",0.73026973026973
