"TERM_ID","Count","M","N","n","pvalue","geneID","p.adjust","TERM"
"GO:0006413",4,54,18870,68,4.25808680348841e-05,"EIF2S3/EIF4A1/EIF4E/EIF4H",0.0269962703341165,"translational initiation"
"GO:0031581",2,6,18870,68,0.000190151569647456,"COL17A1/LAMA3",0.0598221271641237,"hemidesmosome assembly"
"GO:0019953",2,9,18870,68,0.000453182516405312,"SELENOP/EIF4H",0.0598221271641237,"sexual reproduction"
"GO:1904851",2,10,18870,68,0.000565159463656649,"TCP1/CCT3",0.0598221271641237,"positive regulation of establishment of protein localization to telomere"
"GO:0019372",2,11,18870,68,0.000689142893999622,"ALOX12/HPGD",0.0598221271641237,"lipoxygenase pathway"
"GO:1904871",2,11,18870,68,0.000689142893999622,"TCP1/CCT3",0.0598221271641237,"positive regulation of protein localization to Cajal body"
"GO:0010718",3,53,18870,68,0.000921681593326892,"BMP4/SMAD2/TGFB3",0.0598221271641237,"positive regulation of epithelial to mesenchymal transition"
"GO:0030218",3,53,18870,68,0.000921681593326892,"BMP4/FECH/RCOR1",0.0598221271641237,"erythrocyte differentiation"
"GO:1902902",2,13,18870,68,0.000972787931014123,"FEZ2/FEZ1",0.0598221271641237,"negative regulation of autophagosome assembly"
"GO:0050821",5,217,18870,68,0.00111178317988725,"CCNH/CTNND1/TCP1/CCT3/PHB2",0.0598221271641237,"protein stabilization"
"GO:0045778",2,14,18870,68,0.00113228000941559,"BMP4/TOB2",0.0598221271641237,"positive regulation of ossification"
"GO:0062009",2,14,18870,68,0.00113228000941559,"SMAD2/TGFB3",0.0598221271641237,"secondary palate development"
"GO:1904874",2,15,18870,68,0.0013034395103469,"TCP1/CCT3",0.0635677422738412,"positive regulation of telomerase RNA localization to Cajal body"
"GO:0003184",2,17,18870,68,0.00168042655601271,"BMP4/SMAD2",0.0704097430163313,"pulmonary valve morphogenesis"
"GO:0009791",3,70,18870,68,0.00206174487537564,"BMP4/SMAD2/SELENOP",0.0704097430163313,"post-embryonic development"
"GO:0035994",2,19,18870,68,0.00210308496933303,"DMD/RAF1",0.0704097430163313,"response to muscle stretch"
"GO:0006607",2,20,18870,68,0.002331335300301,"KPNB1/KPNA2",0.0704097430163313,"NLS-bearing protein import into nucleus"
"GO:0031016",2,23,18870,68,0.00308279401162461,"SMAD2/MET",0.0704097430163313,"pancreas development"
"GO:0071549",2,24,18870,68,0.00335524730711887,"EIF4E/FECH",0.0704097430163313,"cellular response to dexamethasone stimulus"
"GO:0006123",2,25,18870,68,0.00363855076292122,"COX4I1/NDUFA4",0.0704097430163313,"mitochondrial electron transport, cytochrome c to oxygen"
"GO:0007190",2,25,18870,68,0.00363855076292122,"ADORA3/RAF1",0.0704097430163313,"activation of adenylate cyclase activity"
"GO:0008285",6,416,18870,68,0.00383130792895682,"ADORA3/BMP4/SMAD2/RAF1/TGFB3/TOB2",0.0704097430163313,"negative regulation of cell population proliferation"
"GO:0032967",2,26,18870,68,0.00393262498666052,"BMP4/TGFB3",0.0704097430163313,"positive regulation of collagen biosynthetic process"
"GO:0060391",2,26,18870,68,0.00393262498666052,"BMP4/TGFB3",0.0704097430163313,"positive regulation of SMAD protein signal transduction"
"GO:0098609",4,179,18870,68,0.00397593680813279,"CTNND1/ITGA2B/LAMA3/LPP",0.0704097430163313,"cell-cell adhesion"
"GO:0042476",2,30,18870,68,0.00521505625582628,"BMP4/TGFB3",0.0704097430163313,"odontogenesis"
"GO:0048701",2,30,18870,68,0.00521505625582628,"BMP4/SMAD2",0.0704097430163313,"embryonic cranial skeleton morphogenesis"
"GO:0001662",2,31,18870,68,0.0055618079494562,"EIF4E/HTR2C",0.0704097430163313,"behavioral fear response"
"GO:0006606",3,100,18870,68,0.00564033819628251,"KPNB1/KPNA2/PHB2",0.0704097430163313,"protein import into nucleus"
"GO:0007179",3,100,18870,68,0.00564033819628251,"HPGD/SMAD2/TGFB3",0.0704097430163313,"transforming growth factor beta receptor signaling pathway"
"GO:0061436",2,33,18870,68,0.00628614411139866,"ALOX12/MET",0.0704097430163313,"establishment of skin barrier"
"GO:0032212",2,34,18870,68,0.00666357595206428,"TCP1/CCT3",0.0704097430163313,"positive regulation of telomere maintenance via telomerase"
"GO:0001657",2,35,18870,68,0.00705108255141302,"BMP4/SMAD2",0.0704097430163313,"ureteric bud development"
"GO:0007339",2,35,18870,68,0.00705108255141302,"TCP1/CCT3",0.0704097430163313,"binding of sperm to zona pellucida"
"GO:0001887",1,2,18870,68,0.00719441154016365,"SELENOP",0.0704097430163313,"selenium compound metabolic process"
"GO:0003129",1,2,18870,68,0.00719441154016365,"BMP4",0.0704097430163313,"heart induction"
"GO:0006431",1,2,18870,68,0.00719441154016365,"MARS1",0.0704097430163313,"methionyl-tRNA aminoacylation"
"GO:0010453",1,2,18870,68,0.00719441154016365,"BMP4",0.0704097430163313,"regulation of cell fate commitment"
"GO:0010999",1,2,18870,68,0.00719441154016365,"FECH",0.0704097430163313,"regulation of eIF2 alpha phosphorylation by heme"
"GO:0031291",1,2,18870,68,0.00719441154016365,"KPNB1",0.0704097430163313,"Ran protein signal transduction"
"GO:0033030",1,2,18870,68,0.00719441154016365,"ITPKB",0.0704097430163313,"negative regulation of neutrophil apoptotic process"
"GO:0033696",1,2,18870,68,0.00719441154016365,"TRIP12",0.0704097430163313,"heterochromatin boundary formation"
"GO:0035990",1,2,18870,68,0.00719441154016365,"BMP4",0.0704097430163313,"tendon cell differentiation"
"GO:0042704",1,2,18870,68,0.00719441154016365,"TGFB3",0.0704097430163313,"uterine wall breakdown"
"GO:0046501",1,2,18870,68,0.00719441154016365,"FECH",0.0704097430163313,"protoporphyrinogen IX metabolic process"
"GO:0048340",1,2,18870,68,0.00719441154016365,"SMAD2",0.0704097430163313,"paraxial mesoderm morphogenesis"
"GO:0060260",1,2,18870,68,0.00719441154016365,"CDK4",0.0704097430163313,"regulation of transcription initiation by RNA polymerase II"
"GO:0061047",1,2,18870,68,0.00719441154016365,"BMP4",0.0704097430163313,"positive regulation of branching involved in lung morphogenesis"
"GO:0071550",1,2,18870,68,0.00719441154016365,"RAF1",0.0704097430163313,"death-inducing signaling complex assembly"
"GO:0075506",1,2,18870,68,0.00719441154016365,"KPNA2",0.0704097430163313,"entry of viral genome into host nucleus through nuclear pore complex via importin"
"GO:0086001",1,2,18870,68,0.00719441154016365,"DMD",0.0704097430163313,"cardiac muscle cell action potential"
"GO:0090191",1,2,18870,68,0.00719441154016365,"BMP4",0.0704097430163313,"negative regulation of branching involved in ureteric bud morphogenesis"
"GO:0099180",1,2,18870,68,0.00719441154016365,"SLC30A3",0.0704097430163313,"zinc ion import into synaptic vesicle"
"GO:1900208",1,2,18870,68,0.00719441154016365,"PHB2",0.0704097430163313,"regulation of cardiolipin metabolic process"
"GO:1900224",1,2,18870,68,0.00719441154016365,"SMAD2",0.0704097430163313,"positive regulation of nodal signaling pathway involved in determination of lateral mesoderm left/right asymmetry"
"GO:1902686",1,2,18870,68,0.00719441154016365,"PPIF",0.0704097430163313,"mitochondrial outer membrane permeabilization involved in programmed cell death"
"GO:1904959",1,2,18870,68,0.00719441154016365,"PHB2",0.0704097430163313,"regulation of cytochrome-c oxidase activity"
"GO:2000636",1,2,18870,68,0.00719441154016365,"BMP4",0.0704097430163313,"positive regulation of primary miRNA processing"
"GO:0003180",2,36,18870,68,0.00744858859883908,"BMP4/SMAD2",0.0704097430163313,"aortic valve morphogenesis"
"GO:0007165",10,1160,18870,68,0.00832299002260294,"ADORA3/CDK4/DPYSL2/ITPKB/MET/RAF1/YWHAZ/FEZ2/PDAP1/ITGB3BP",0.0704097430163313,"signal transduction"
"GO:0048286",2,40,18870,68,0.00913711494852421,"BMP4/TGFB3",0.0704097430163313,"lung alveolus development"
"GO:0045333",2,41,18870,68,0.00958350244317694,"COX4I1/NDUFA4",0.0704097430163313,"cellular respiration"
"GO:0060395",2,41,18870,68,0.00958350244317694,"BMP4/SMAD2",0.0704097430163313,"SMAD protein signal transduction"
"GO:0030513",2,42,18870,68,0.010039445816496,"BMP4/SMAD2",0.0704097430163313,"positive regulation of BMP signaling pathway"
"GO:1904706",2,42,18870,68,0.010039445816496,"BMP4/TGFB3",0.0704097430163313,"negative regulation of vascular associated smooth muscle cell proliferation"
"GO:0061077",2,43,18870,68,0.0105048725057923,"TCP1/CCT3",0.0704097430163313,"chaperone-mediated protein folding"
"GO:0006404",1,3,18870,68,0.0107724685687447,"KPNB1",0.0704097430163313,"RNA import into nucleus"
"GO:0007208",1,3,18870,68,0.0107724685687447,"HTR2C",0.0704097430163313,"phospholipase C-activating serotonin receptor signaling pathway"
"GO:0007352",1,3,18870,68,0.0107724685687447,"SMAD2",0.0704097430163313,"zygotic specification of dorsal/ventral axis"
"GO:0007500",1,3,18870,68,0.0107724685687447,"BMP4",0.0704097430163313,"mesodermal cell fate determination"
"GO:0010159",1,3,18870,68,0.0107724685687447,"BMP4",0.0704097430163313,"specification of animal organ position"
"GO:0010513",1,3,18870,68,0.0107724685687447,"HTR2C",0.0704097430163313,"positive regulation of phosphatidylinositol biosynthetic process"
"GO:0014809",1,3,18870,68,0.0107724685687447,"DMD",0.0704097430163313,"regulation of skeletal muscle contraction by regulation of release of sequestered calcium ion"
"GO:0017085",1,3,18870,68,0.0107724685687447,"FECH",0.0704097430163313,"response to insecticide"
"GO:0031644",1,3,18870,68,0.0107724685687447,"HTR2C",0.0704097430163313,"regulation of nervous system process"
"GO:0035993",1,3,18870,68,0.0107724685687447,"BMP4",0.0704097430163313,"deltoid tuberosity development"
"GO:0051654",1,3,18870,68,0.0107724685687447,"FEZ1",0.0704097430163313,"establishment of mitochondrion localization"
"GO:0060235",1,3,18870,68,0.0107724685687447,"BMP4",0.0704097430163313,"lens induction in camera-type eye"
"GO:0060364",1,3,18870,68,0.0107724685687447,"TGFB3",0.0704097430163313,"frontal suture morphogenesis"
"GO:0060438",1,3,18870,68,0.0107724685687447,"BMP4",0.0704097430163313,"trachea development"
"GO:0060453",1,3,18870,68,0.0107724685687447,"SGK1",0.0704097430163313,"regulation of gastric acid secretion"
"GO:0060684",1,3,18870,68,0.0107724685687447,"BMP4",0.0704097430163313,"epithelial-mesenchymal cell signaling"
"GO:0060762",1,3,18870,68,0.0107724685687447,"PHB2",0.0704097430163313,"regulation of branching involved in mammary gland duct morphogenesis"
"GO:0070495",1,3,18870,68,0.0107724685687447,"MET",0.0704097430163313,"negative regulation of thrombin-activated receptor signaling pathway"
"GO:0070541",1,3,18870,68,0.0107724685687447,"FECH",0.0704097430163313,"response to platinum ion"
"GO:0072104",1,3,18870,68,0.0107724685687447,"BMP4",0.0704097430163313,"glomerular capillary formation"
"GO:0072125",1,3,18870,68,0.0107724685687447,"BMP4",0.0704097430163313,"negative regulation of glomerular mesangial cell proliferation"
"GO:0072179",1,3,18870,68,0.0107724685687447,"BMP4",0.0704097430163313,"nephric duct formation"
"GO:0099578",1,3,18870,68,0.0107724685687447,"EIF4E",0.0704097430163313,"regulation of translation at postsynapse, modulating synaptic transmission"
"GO:1902445",1,3,18870,68,0.0107724685687447,"PPIF",0.0704097430163313,"regulation of mitochondrial membrane permeability involved in programmed necrotic cell death"
"GO:1904059",1,3,18870,68,0.0107724685687447,"ZFHX3",0.0704097430163313,"regulation of locomotor rhythm"
"GO:1904637",1,3,18870,68,0.0107724685687447,"CDK4",0.0704097430163313,"cellular response to ionomycin"
"GO:1904960",1,3,18870,68,0.0107724685687447,"NDUFA4",0.0704097430163313,"positive regulation of cytochrome-c oxidase activity"
"GO:1905075",1,3,18870,68,0.0107724685687447,"TGFB3",0.0704097430163313,"positive regulation of tight junction disassembly"
"GO:1905098",1,3,18870,68,0.0107724685687447,"MET",0.0704097430163313,"negative regulation of guanyl-nucleotide exchange factor activity"
"GO:1905312",1,3,18870,68,0.0107724685687447,"BMP4",0.0704097430163313,"positive regulation of cardiac neural crest cell migration involved in outflow tract morphogenesis"
"GO:2001303",1,3,18870,68,0.0107724685687447,"ALOX12",0.0704097430163313,"lipoxin A4 biosynthetic process"
"GO:0006091",2,47,18870,68,0.012459974620687,"COX4I1/FECH",0.0751254333266817,"generation of precursor metabolites and energy"
"GO:0045995",2,47,18870,68,0.012459974620687,"LAMA3/TRIP12",0.0751254333266817,"regulation of embryonic development"
"GO:0050918",2,49,18870,68,0.0134925671039862,"BMP4/MET",0.0751254333266817,"positive chemotaxis"
"GO:0045786",2,50,18870,68,0.0140223774010521,"BMP4/HPGD",0.0751254333266817,"negative regulation of cell cycle"
"GO:0006290",1,4,18870,68,0.014337819294209,"DDB2",0.0751254333266817,"pyrimidine dimer repair"
"GO:0006610",1,4,18870,68,0.014337819294209,"KPNB1",0.0751254333266817,"ribosomal protein import into nucleus"
"GO:0007079",1,4,18870,68,0.014337819294209,"KPNB1",0.0751254333266817,"mitotic chromosome movement towards spindle pole"
"GO:0010656",1,4,18870,68,0.014337819294209,"ALOX12",0.0751254333266817,"negative regulation of muscle cell apoptotic process"
"GO:0014819",1,4,18870,68,0.014337819294209,"DMD",0.0751254333266817,"regulation of skeletal muscle contraction"
"GO:0030728",1,4,18870,68,0.014337819294209,"HPGD",0.0751254333266817,"ovulation"
"GO:0031536",1,4,18870,68,0.014337819294209,"PHB2",0.0751254333266817,"positive regulation of exit from mitosis"
"GO:0032957",1,4,18870,68,0.014337819294209,"ITPKB",0.0751254333266817,"inositol trisphosphate metabolic process"
"GO:0033600",1,4,18870,68,0.014337819294209,"PHB2",0.0751254333266817,"negative regulation of mammary gland epithelial cell proliferation"
"GO:0042306",1,4,18870,68,0.014337819294209,"BMP4",0.0751254333266817,"regulation of protein import into nucleus"
"GO:0043043",1,4,18870,68,0.014337819294209,"DMD",0.0751254333266817,"peptide biosynthetic process"
"GO:0051597",1,4,18870,68,0.014337819294209,"FECH",0.0751254333266817,"response to methylmercury"
"GO:0060502",1,4,18870,68,0.014337819294209,"BMP4",0.0751254333266817,"epithelial cell proliferation involved in lung morphogenesis"
"GO:0060513",1,4,18870,68,0.014337819294209,"BMP4",0.0751254333266817,"prostatic bud formation"
"GO:0060686",1,4,18870,68,0.014337819294209,"BMP4",0.0751254333266817,"negative regulation of prostatic bud formation"
"GO:0060744",1,4,18870,68,0.014337819294209,"PHB2",0.0751254333266817,"mammary gland branching involved in thelarche"
"GO:0071709",1,4,18870,68,0.014337819294209,"SPTBN1",0.0751254333266817,"membrane assembly"
"GO:0090168",1,4,18870,68,0.014337819294209,"YWHAZ",0.0751254333266817,"Golgi reassembly"
"GO:0098739",1,4,18870,68,0.014337819294209,"SLC6A6",0.0751254333266817,"import across plasma membrane"
"GO:1904238",1,4,18870,68,0.014337819294209,"BMP4",0.0751254333266817,"pericyte cell differentiation"
"GO:0045892",6,553,18870,68,0.0145577909096438,"BMP4/FABP4/SMAD2/TOB2/PHB2/RCOR1",0.0756527822681489,"negative regulation of DNA-templated transcription"
"GO:0002183",1,5,18870,68,0.0178905081677376,"EIF4A1",0.0827925706448588,"cytoplasmic translational initiation"
"GO:0014061",1,5,18870,68,0.0178905081677376,"ADORA3",0.0827925706448588,"regulation of norepinephrine secretion"
"GO:0032690",1,5,18870,68,0.0178905081677376,"IL1R2",0.0827925706448588,"negative regulation of interleukin-1 alpha production"
"GO:0033088",1,5,18870,68,0.0178905081677376,"BMP4",0.0827925706448588,"negative regulation of immature T cell proliferation in thymus"
"GO:0036305",1,5,18870,68,0.0178905081677376,"BMP4",0.0827925706448588,"ameloblast differentiation"
"GO:0040001",1,5,18870,68,0.0178905081677376,"KPNB1",0.0827925706448588,"establishment of mitotic spindle localization"
"GO:0051150",1,5,18870,68,0.0178905081677376,"BMP4",0.0827925706448588,"regulation of smooth muscle cell differentiation"
"GO:0060442",1,5,18870,68,0.0178905081677376,"BMP4",0.0827925706448588,"branching involved in prostate gland morphogenesis"
"GO:0060687",1,5,18870,68,0.0178905081677376,"BMP4",0.0827925706448588,"regulation of branching involved in prostate gland morphogenesis"
"GO:0071705",1,5,18870,68,0.0178905081677376,"SLC6A6",0.0827925706448588,"nitrogen compound transport"
"GO:0090324",1,5,18870,68,0.0178905081677376,"PPIF",0.0827925706448588,"negative regulation of oxidative phosphorylation"
"GO:0090666",1,5,18870,68,0.0178905081677376,"TCP1",0.0827925706448588,"scaRNA localization to Cajal body"
"GO:0097070",1,5,18870,68,0.0178905081677376,"HPGD",0.0827925706448588,"ductus arteriosus closure"
"GO:1990051",1,5,18870,68,0.0178905081677376,"PHB2",0.0827925706448588,"activation of protein kinase C activity"
"GO:2000651",1,5,18870,68,0.0178905081677376,"DMD",0.0827925706448588,"positive regulation of sodium ion transmembrane transporter activity"
"GO:0006457",3,157,18870,68,0.0190926524121198,"TCP1/CCT3/PPIF",0.0877155190527822,"protein folding"
"GO:0000018",1,6,18870,68,0.0214305794873554,"KPNA2",0.0899800489733994,"regulation of DNA recombination"
"GO:0002320",1,6,18870,68,0.0214305794873554,"BMP4",0.0899800489733994,"lymphoid progenitor cell differentiation"
"GO:0021978",1,6,18870,68,0.0214305794873554,"BMP4",0.0899800489733994,"telencephalon regionalization"
"GO:0032914",1,6,18870,68,0.0214305794873554,"LUM",0.0899800489733994,"positive regulation of transforming growth factor beta1 production"
"GO:0033085",1,6,18870,68,0.0214305794873554,"BMP4",0.0899800489733994,"negative regulation of T cell differentiation in thymus"
"GO:0034616",1,6,18870,68,0.0214305794873554,"TGFB3",0.0899800489733994,"response to laminar fluid shear stress"
"GO:0045843",1,6,18870,68,0.0214305794873554,"BMP4",0.0899800489733994,"negative regulation of striated muscle tissue development"
"GO:0051939",1,6,18870,68,0.0214305794873554,"SLC6A6",0.0899800489733994,"gamma-aminobutyric acid import"
"GO:0060363",1,6,18870,68,0.0214305794873554,"BMP4",0.0899800489733994,"cranial suture morphogenesis"
"GO:0060390",1,6,18870,68,0.0214305794873554,"SPTBN1",0.0899800489733994,"regulation of SMAD protein signal transduction"
"GO:0061469",1,6,18870,68,0.0214305794873554,"CDK4",0.0899800489733994,"regulation of type B pancreatic cell proliferation"
"GO:1901299",1,6,18870,68,0.0214305794873554,"MET",0.0899800489733994,"negative regulation of hydrogen peroxide-mediated programmed cell death"
"GO:1903902",1,6,18870,68,0.0214305794873554,"KPNA2",0.0899800489733994,"positive regulation of viral life cycle"
"GO:0000082",2,67,18870,68,0.0243380679191351,"CDK4/EIF4E",0.0958995216400989,"G1/S transition of mitotic cell cycle"
"GO:0002043",1,7,18870,68,0.0249580773984485,"BMP4",0.0958995216400989,"blood vessel endothelial cell proliferation involved in sprouting angiogenesis"
"GO:0007435",1,7,18870,68,0.0249580773984485,"TGFB3",0.0958995216400989,"salivary gland morphogenesis"
"GO:0032328",1,7,18870,68,0.0249580773984485,"SLC6A6",0.0958995216400989,"alanine transport"
"GO:0032411",1,7,18870,68,0.0249580773984485,"SGK1",0.0958995216400989,"positive regulation of transporter activity"
"GO:0034440",1,7,18870,68,0.0249580773984485,"ALOX12",0.0958995216400989,"lipid oxidation"
"GO:0039529",1,7,18870,68,0.0249580773984485,"PHB2",0.0958995216400989,"RIG-I signaling pathway"
"GO:0042487",1,7,18870,68,0.0249580773984485,"BMP4",0.0958995216400989,"regulation of odontogenesis of dentin-containing tooth"
"GO:0060440",1,7,18870,68,0.0249580773984485,"BMP4",0.0958995216400989,"trachea formation"
"GO:0060449",1,7,18870,68,0.0249580773984485,"BMP4",0.0958995216400989,"bud elongation involved in lung branching"
"GO:0071895",1,7,18870,68,0.0249580773984485,"SMAD2",0.0958995216400989,"odontoblast differentiation"
"GO:0072197",1,7,18870,68,0.0249580773984485,"BMP4",0.0958995216400989,"ureter morphogenesis"
"GO:0099536",1,7,18870,68,0.0249580773984485,"DMD",0.0958995216400989,"synaptic signaling"
"GO:2000660",1,7,18870,68,0.0249580773984485,"IL1R2",0.0958995216400989,"negative regulation of interleukin-1-mediated signaling pathway"
"GO:0032922",2,70,18870,68,0.0264012565458932,"ZFHX3/TOP1",0.099734315452899,"circadian regulation of gene expression"
"GO:0003149",1,8,18870,68,0.0284730458942819,"BMP4",0.099734315452899,"membranous septum morphogenesis"
"GO:0003163",1,8,18870,68,0.0284730458942819,"BMP4",0.099734315452899,"sinoatrial node development"
"GO:0015734",1,8,18870,68,0.0284730458942819,"SLC6A6",0.099734315452899,"taurine transport"
"GO:0032098",1,8,18870,68,0.0284730458942819,"HTR2C",0.099734315452899,"regulation of appetite"
"GO:0040016",1,8,18870,68,0.0284730458942819,"TOP1",0.099734315452899,"embryonic cleavage"
"GO:0045606",1,8,18870,68,0.0284730458942819,"BMP4",0.099734315452899,"positive regulation of epidermal cell differentiation"
"GO:0045839",1,8,18870,68,0.0284730458942819,"BMP4",0.099734315452899,"negative regulation of mitotic nuclear division"
"GO:0048012",1,8,18870,68,0.0284730458942819,"MET",0.099734315452899,"hepatocyte growth factor receptor signaling pathway"
"GO:0051220",1,8,18870,68,0.0284730458942819,"CTNND1",0.099734315452899,"cytoplasmic sequestering of protein"
"GO:0051683",1,8,18870,68,0.0284730458942819,"YWHAZ",0.099734315452899,"establishment of Golgi localization"
"GO:0060426",1,8,18870,68,0.0284730458942819,"BMP4",0.099734315452899,"lung vasculature development"
"GO:0071559",1,8,18870,68,0.0284730458942819,"ZFHX3",0.099734315452899,"response to transforming growth factor beta"
"GO:1902083",1,8,18870,68,0.0284730458942819,"DMD",0.099734315452899,"negative regulation of peptidyl-cysteine S-nitrosylation"
"GO:1904045",1,8,18870,68,0.0284730458942819,"SGK1",0.099734315452899,"cellular response to aldosterone"
"GO:2000623",1,8,18870,68,0.0284730458942819,"PABPC1",0.099734315452899,"negative regulation of nuclear-transcribed mRNA catabolic process, nonsense-mediated decay"
"GO:0007565",2,76,18870,68,0.0307312198765099,"HPGD/TGFB3",0.101871785274731,"female pregnancy"
"GO:0001731",1,9,18870,68,0.0319755288165167,"EIF2S3",0.101871785274731,"formation of translation preinitiation complex"
"GO:0001973",1,9,18870,68,0.0319755288165167,"ADORA3",0.101871785274731,"G protein-coupled adenosine receptor signaling pathway"
"GO:0002003",1,9,18870,68,0.0319755288165167,"CPA3",0.101871785274731,"angiotensin maturation"
"GO:0003279",1,9,18870,68,0.0319755288165167,"BMP4",0.101871785274731,"cardiac septum development"
"GO:0006265",1,9,18870,68,0.0319755288165167,"TOP1",0.101871785274731,"DNA topological change"
"GO:0007021",1,9,18870,68,0.0319755288165167,"TCP1",0.101871785274731,"tubulin complex assembly"
"GO:0030953",1,9,18870,68,0.0319755288165167,"KPNB1",0.101871785274731,"astral microtubule organization"
"GO:0035726",1,9,18870,68,0.0319755288165167,"ITPKB",0.101871785274731,"common myeloid progenitor cell proliferation"
"GO:0048617",1,9,18870,68,0.0319755288165167,"SMAD2",0.101871785274731,"embryonic foregut morphogenesis"
"GO:0048702",1,9,18870,68,0.0319755288165167,"TGFB3",0.101871785274731,"embryonic neurocranium morphogenesis"
"GO:0051122",1,9,18870,68,0.0319755288165167,"ALOX12",0.101871785274731,"hepoxilin biosynthetic process"
"GO:0051901",1,9,18870,68,0.0319755288165167,"DCN",0.101871785274731,"positive regulation of mitochondrial depolarization"
"GO:0060039",1,9,18870,68,0.0319755288165167,"SMAD2",0.101871785274731,"pericardium development"
"GO:0061626",1,9,18870,68,0.0319755288165167,"BMP4",0.101871785274731,"pharyngeal arch artery morphogenesis"
"GO:0071243",1,9,18870,68,0.0319755288165167,"PPIF",0.101871785274731,"cellular response to arsenic-containing substance"
"GO:0090128",1,9,18870,68,0.0319755288165167,"YWHAZ",0.101871785274731,"regulation of synapse maturation"
"GO:1900152",1,9,18870,68,0.0319755288165167,"PABPC1",0.101871785274731,"negative regulation of nuclear-transcribed mRNA catabolic process, deadenylation-dependent decay"
"GO:0007005",2,80,18870,68,0.0337633661930421,"MARCKS/PHB2",0.102205324038766,"mitochondrion organization"
"GO:0008544",2,81,18870,68,0.034539040788151,"COL17A1/LAMA3",0.102205324038766,"epidermis development"
"GO:0007626",2,82,18870,68,0.0353216525496751,"HTR2C/SELENOP",0.102205324038766,"locomotory behavior"
"GO:0001886",1,10,18870,68,0.0354655698557232,"MET",0.102205324038766,"endothelial cell morphogenesis"
"GO:0001961",1,10,18870,68,0.0354655698557232,"AGPAT1",0.102205324038766,"positive regulation of cytokine-mediated signaling pathway"
"GO:0002262",1,10,18870,68,0.0354655698557232,"ITPKB",0.102205324038766,"myeloid cell homeostasis"
"GO:0003197",1,10,18870,68,0.0354655698557232,"BMP4",0.102205324038766,"endocardial cushion development"
"GO:0005980",1,10,18870,68,0.0354655698557232,"AGL",0.102205324038766,"glycogen catabolic process"
"GO:0007567",1,10,18870,68,0.0354655698557232,"HPGD",0.102205324038766,"parturition"
"GO:0023035",1,10,18870,68,0.0354655698557232,"PHB2",0.102205324038766,"CD40 signaling pathway"
"GO:0033598",1,10,18870,68,0.0354655698557232,"PHB2",0.102205324038766,"mammary gland epithelial cell proliferation"
"GO:0034080",1,10,18870,68,0.0354655698557232,"ITGB3BP",0.102205324038766,"CENP-A containing chromatin assembly"
"GO:0038092",1,10,18870,68,0.0354655698557232,"SMAD2",0.102205324038766,"nodal signaling pathway"
"GO:0046638",1,10,18870,68,0.0354655698557232,"ITPKB",0.102205324038766,"positive regulation of alpha-beta T cell differentiation"
"GO:0060272",1,10,18870,68,0.0354655698557232,"BMP4",0.102205324038766,"embryonic skeletal joint morphogenesis"
"GO:0070244",1,10,18870,68,0.0354655698557232,"BMP4",0.102205324038766,"negative regulation of thymocyte apoptotic process"
"GO:0070493",1,10,18870,68,0.0354655698557232,"HPGD",0.102205324038766,"thrombin-activated receptor signaling pathway"
"GO:0070723",1,10,18870,68,0.0354655698557232,"SMAD2",0.102205324038766,"response to cholesterol"
"GO:0090331",1,10,18870,68,0.0354655698557232,"ALOX12",0.102205324038766,"negative regulation of platelet aggregation"
"GO:1901838",1,10,18870,68,0.0354655698557232,"MARS1",0.102205324038766,"positive regulation of transcription of nucleolar large rRNA by RNA polymerase I"
"GO:1904628",1,10,18870,68,0.0354655698557232,"CDK4",0.102205324038766,"cellular response to phorbol 13-acetate 12-myristate"
"GO:0001823",1,11,18870,68,0.0389432125518956,"BMP4",0.105063815991072,"mesonephros development"
"GO:0003139",1,11,18870,68,0.0389432125518956,"BMP4",0.105063815991072,"secondary heart field specification"
"GO:0006308",1,11,18870,68,0.0389432125518956,"ISG20",0.105063815991072,"DNA catabolic process"
"GO:0012501",1,11,18870,68,0.0389432125518956,"TOP1",0.105063815991072,"programmed cell death"
"GO:0021904",1,11,18870,68,0.0389432125518956,"BMP4",0.105063815991072,"dorsal/ventral neural tube patterning"
"GO:0032780",1,11,18870,68,0.0389432125518956,"PPIF",0.105063815991072,"negative regulation of ATP-dependent activity"
"GO:0032958",1,11,18870,68,0.0389432125518956,"ITPKB",0.105063815991072,"inositol phosphate biosynthetic process"
"GO:0045059",1,11,18870,68,0.0389432125518956,"ITPKB",0.105063815991072,"positive thymic T cell selection"
"GO:0045654",1,11,18870,68,0.0389432125518956,"RCOR1",0.105063815991072,"positive regulation of megakaryocyte differentiation"
"GO:0051693",1,11,18870,68,0.0389432125518956,"SPTBN1",0.105063815991072,"actin filament capping"
"GO:0070914",1,11,18870,68,0.0389432125518956,"DDB2",0.105063815991072,"UV-damage excision repair"
"GO:0070934",1,11,18870,68,0.0389432125518956,"PABPC1",0.105063815991072,"CRD-mediated mRNA stabilization"
"GO:0098761",1,11,18870,68,0.0389432125518956,"STIP1",0.105063815991072,"cellular response to interleukin-7"
"GO:1901385",1,11,18870,68,0.0389432125518956,"DMD",0.105063815991072,"regulation of voltage-gated calcium channel activity"
"GO:2001028",1,11,18870,68,0.0389432125518956,"MET",0.105063815991072,"positive regulation of endothelial cell chemotaxis"
"GO:0071277",2,87,18870,68,0.0393367340870712,"ITPKB/PPIF",0.105675802589844,"cellular response to calcium ion"
"GO:0007059",2,88,18870,68,0.0401597524363904,"TOP1/ITGB3BP",0.10743157402815,"chromosome segregation"
"GO:0010389",1,12,18870,68,0.0424085002949611,"CDK4",0.111103261103328,"regulation of G2/M transition of mitotic cell cycle"
"GO:0010936",1,12,18870,68,0.0424085002949611,"TGFB3",0.111103261103328,"negative regulation of macrophage cytokine production"
"GO:0034379",1,12,18870,68,0.0424085002949611,"FECH",0.111103261103328,"very-low-density lipoprotein particle assembly"
"GO:0035773",1,12,18870,68,0.0424085002949611,"RAF1",0.111103261103328,"insulin secretion involved in cellular response to glucose stimulus"
"GO:0046902",1,12,18870,68,0.0424085002949611,"PPIF",0.111103261103328,"regulation of mitochondrial membrane permeability"
"GO:0070374",3,216,18870,68,0.0430780798606142,"BMP4/HTR2C/PHB2",0.111831446116285,"positive regulation of ERK1 and ERK2 cascade"
"GO:0007399",4,373,18870,68,0.0455691016557611,"DPYSL2/MET/FEZ2/FEZ1",0.111831446116285,"nervous system development"
"GO:0001706",1,13,18870,68,0.0458614763252903,"SMAD2",0.111831446116285,"endoderm formation"
"GO:0003014",1,13,18870,68,0.0458614763252903,"BMP4",0.111831446116285,"renal system process"
"GO:0003323",1,13,18870,68,0.0458614763252903,"BMP4",0.111831446116285,"type B pancreatic cell development"
"GO:0009303",1,13,18870,68,0.0458614763252903,"MARS1",0.111831446116285,"rRNA transcription"
"GO:0016024",1,13,18870,68,0.0458614763252903,"AGPAT1",0.111831446116285,"CDP-diacylglycerol biosynthetic process"
"GO:0019395",1,13,18870,68,0.0458614763252903,"ALOX12",0.111831446116285,"fatty acid oxidation"
"GO:0046685",1,13,18870,68,0.0458614763252903,"FECH",0.111831446116285,"response to arsenic-containing substance"
"GO:0050790",1,13,18870,68,0.0458614763252903,"SGK1",0.111831446116285,"regulation of catalytic activity"
"GO:0051168",1,13,18870,68,0.0458614763252903,"EIF4E",0.111831446116285,"nuclear export"
"GO:0051764",1,13,18870,68,0.0458614763252903,"MARCKS",0.111831446116285,"actin crosslink formation"
"GO:0060213",1,13,18870,68,0.0458614763252903,"PABPC1",0.111831446116285,"positive regulation of nuclear-transcribed mRNA poly(A) tail shortening"
"GO:0060333",1,13,18870,68,0.0458614763252903,"RAF1",0.111831446116285,"type II interferon-mediated signaling pathway"
"GO:0070294",1,13,18870,68,0.0458614763252903,"SGK1",0.111831446116285,"renal sodium ion absorption"
"GO:0071285",1,13,18870,68,0.0458614763252903,"FABP4",0.111831446116285,"cellular response to lithium ion"
"GO:0089718",1,13,18870,68,0.0458614763252903,"SLC6A6",0.111831446116285,"amino acid import across plasma membrane"
"GO:1902808",1,13,18870,68,0.0458614763252903,"PHB2",0.111831446116285,"positive regulation of cell cycle G1/S phase transition"
"GO:0006468",4,377,18870,68,0.0470658587640357,"CDK4/RAF1/SGK1/YWHAZ",0.114328561135627,"protein phosphorylation"
"GO:0006915",5,550,18870,68,0.0480822109646769,"MARCKS/RAF1/SGK1/YARS1/ITGB3BP",0.115341640175222,"apoptotic process"
"GO:0007517",2,98,18870,68,0.0487401627797883,"ZFHX3/DMD",0.115341640175222,"muscle organ development"
"GO:0045471",2,98,18870,68,0.0487401627797883,"FECH/HPGD",0.115341640175222,"response to ethanol"
"GO:0010955",1,14,18870,68,0.0493021837342036,"IL1R2",0.115341640175222,"negative regulation of protein processing"
"GO:0031053",1,14,18870,68,0.0493021837342036,"SMAD2",0.115341640175222,"primary miRNA processing"
"GO:0032228",1,14,18870,68,0.0493021837342036,"PLCL1",0.115341640175222,"regulation of synaptic transmission, GABAergic"
"GO:0042491",1,14,18870,68,0.0493021837342036,"BMP4",0.115341640175222,"inner ear auditory receptor cell differentiation"
"GO:0043068",1,14,18870,68,0.0493021837342036,"BMP4",0.115341640175222,"positive regulation of programmed cell death"
"GO:0048011",1,14,18870,68,0.0493021837342036,"RAF1",0.115341640175222,"neurotrophin TRK receptor signaling pathway"
"GO:0060425",1,14,18870,68,0.0493021837342036,"BMP4",0.115341640175222,"lung morphogenesis"
"GO:0009410",3,231,18870,68,0.0507937431254002,"CDK4/FECH/TOP1",0.118394239490822,"response to xenobiotic stimulus"
"GO:0030334",2,102,18870,68,0.0523429745775142,"LAMA3/SGK1",0.118550503207374,"regulation of cell migration"
"GO:0002687",1,15,18870,68,0.0527306654644788,"ITGA2B",0.118550503207374,"positive regulation of leukocyte migration"
"GO:0006957",1,15,18870,68,0.0527306654644788,"CFD",0.118550503207374,"complement activation, alternative pathway"
"GO:0021537",1,15,18870,68,0.0527306654644788,"BMP4",0.118550503207374,"telencephalon development"
"GO:0033147",1,15,18870,68,0.0527306654644788,"PHB2",0.118550503207374,"negative regulation of intracellular estrogen receptor signaling pathway"
"GO:0040008",1,15,18870,68,0.0527306654644788,"SELENOP",0.118550503207374,"regulation of growth"
"GO:0048745",1,15,18870,68,0.0527306654644788,"BMP4",0.118550503207374,"smooth muscle tissue development"
"GO:1900153",1,15,18870,68,0.0527306654644788,"PABPC1",0.118550503207374,"positive regulation of nuclear-transcribed mRNA catabolic process, deadenylation-dependent decay"
"GO:2000145",1,15,18870,68,0.0527306654644788,"RAF1",0.118550503207374,"regulation of cell motility"
"GO:2000767",1,15,18870,68,0.0527306654644788,"PABPC1",0.118550503207374,"positive regulation of cytoplasmic translation"
"GO:0007160",2,104,18870,68,0.0541792401633125,"COL17A1/ITGA2B",0.121376813652085,"cell-matrix adhesion"
"GO:0010288",1,16,18870,68,0.0561469643108546,"FECH",0.123173617207896,"response to lead ion"
"GO:0015909",1,16,18870,68,0.0561469643108546,"FABP4",0.123173617207896,"long-chain fatty acid transport"
"GO:0051090",1,16,18870,68,0.0561469643108546,"SGK1",0.123173617207896,"regulation of DNA-binding transcription factor activity"
"GO:0055001",1,16,18870,68,0.0561469643108546,"DMD",0.123173617207896,"muscle cell development"
"GO:0070266",1,16,18870,68,0.0561469643108546,"PPIF",0.123173617207896,"necroptotic process"
"GO:0098664",1,16,18870,68,0.0561469643108546,"HTR2C",0.123173617207896,"G protein-coupled serotonin receptor signaling pathway"
"GO:0008637",1,17,18870,68,0.0595511229205324,"PPIF",0.125433262231288,"apoptotic mitochondrial changes"
"GO:0009416",1,17,18870,68,0.0595511229205324,"FECH",0.125433262231288,"response to light stimulus"
"GO:0030224",1,17,18870,68,0.0595511229205324,"BMP4",0.125433262231288,"monocyte differentiation"
"GO:0044342",1,17,18870,68,0.0595511229205324,"RAF1",0.125433262231288,"type B pancreatic cell proliferation"
"GO:0045638",1,17,18870,68,0.0595511229205324,"ITPKB",0.125433262231288,"negative regulation of myeloid cell differentiation"
"GO:0045910",1,17,18870,68,0.0595511229205324,"H1-10",0.125433262231288,"negative regulation of DNA recombination"
"GO:0050872",1,17,18870,68,0.0595511229205324,"FABP4",0.125433262231288,"white fat cell differentiation"
"GO:0060314",1,17,18870,68,0.0595511229205324,"DMD",0.125433262231288,"regulation of ryanodine-sensitive calcium-release channel activity"
"GO:0060441",1,17,18870,68,0.0595511229205324,"BMP4",0.125433262231288,"epithelial tube branching involved in lung morphogenesis"
"GO:0060749",1,17,18870,68,0.0595511229205324,"PHB2",0.125433262231288,"mammary gland alveolus development"
"GO:0061036",1,17,18870,68,0.0595511229205324,"BMP4",0.125433262231288,"positive regulation of cartilage development"
"GO:1900747",1,17,18870,68,0.0595511229205324,"DCN",0.125433262231288,"negative regulation of vascular endothelial growth factor signaling pathway"
"GO:0045944",8,1182,18870,68,0.0614587686661362,"ZFHX3/BMP4/DCN/LUM/SMAD2/MET/RAF1/TGFB3",0.128728962984488,"positive regulation of transcription by RNA polymerase II"
"GO:0009617",2,113,18870,68,0.062717273066747,"CFD/FABP4",0.128728962984488,"response to bacterium"
"GO:0006418",1,18,18870,68,0.0629431837936772,"MARS1",0.128728962984488,"tRNA aminoacylation for protein translation"
"GO:0007009",1,18,18870,68,0.0629431837936772,"SPTBN1",0.128728962984488,"plasma membrane organization"
"GO:0007062",1,18,18870,68,0.0629431837936772,"PHB2",0.128728962984488,"sister chromatid cohesion"
"GO:0045104",1,18,18870,68,0.0629431837936772,"RAF1",0.128728962984488,"intermediate filament cytoskeleton organization"
"GO:0045603",1,18,18870,68,0.0629431837936772,"BMP4",0.128728962984488,"positive regulation of endothelial cell differentiation"
"GO:0046579",1,18,18870,68,0.0629431837936772,"ITPKB",0.128728962984488,"positive regulation of Ras protein signal transduction"
"GO:0051145",1,18,18870,68,0.0629431837936772,"BMP4",0.128728962984488,"smooth muscle cell differentiation"
"GO:0000165",2,114,18870,68,0.0636926969659046,"ITPKB/RAF1",0.12942682652687,"MAPK cascade"
"GO:0001822",2,114,18870,68,0.0636926969659046,"BMP4/HPGD",0.12942682652687,"kidney development"
"GO:0003203",1,19,18870,68,0.0663231892839186,"SMAD2",0.133488577796839,"endocardial cushion morphogenesis"
"GO:0007292",1,19,18870,68,0.0663231892839186,"TOB2",0.133488577796839,"female gamete generation"
"GO:0030261",1,19,18870,68,0.0663231892839186,"H1-10",0.133488577796839,"chromosome condensation"
"GO:0000423",1,20,18870,68,0.069691181598846,"PHB2",0.1367932171321,"mitophagy"
"GO:0005978",1,20,18870,68,0.069691181598846,"AGL",0.1367932171321,"glycogen biosynthetic process"
"GO:0010880",1,20,18870,68,0.069691181598846,"DMD",0.1367932171321,"regulation of release of sequestered calcium ion into cytosol by sarcoplasmic reticulum"
"GO:0032924",1,20,18870,68,0.069691181598846,"SMAD2",0.1367932171321,"activin receptor signaling pathway"
"GO:0035265",1,20,18870,68,0.069691181598846,"SMAD2",0.1367932171321,"organ growth"
"GO:0090201",1,20,18870,68,0.069691181598846,"PPIF",0.1367932171321,"negative regulation of release of cytochrome c from mitochondria"
"GO:0099072",1,20,18870,68,0.069691181598846,"CTNND1",0.1367932171321,"regulation of postsynaptic membrane neurotransmitter receptor levels"
"GO:0140861",1,20,18870,68,0.069691181598846,"TRIP12",0.1367932171321,"DNA repair-dependent chromatin remodeling"
"GO:0006693",1,21,18870,68,0.0730472028005056,"HPGD",0.13865846280096,"prostaglandin metabolic process"
"GO:0007492",1,21,18870,68,0.0730472028005056,"BMP4",0.13865846280096,"endoderm development"
"GO:0009948",1,21,18870,68,0.0730472028005056,"BMP4",0.13865846280096,"anterior/posterior axis specification"
"GO:0035024",1,21,18870,68,0.0730472028005056,"MET",0.13865846280096,"negative regulation of Rho protein signal transduction"
"GO:0043651",1,21,18870,68,0.0730472028005056,"ALOX12",0.13865846280096,"linoleic acid metabolic process"
"GO:0048754",1,21,18870,68,0.0730472028005056,"MET",0.13865846280096,"branching morphogenesis of an epithelial tube"
"GO:0055007",1,21,18870,68,0.0730472028005056,"BMP4",0.13865846280096,"cardiac muscle cell differentiation"
"GO:0060324",1,21,18870,68,0.0730472028005056,"RAF1",0.13865846280096,"face development"
"GO:0070584",1,21,18870,68,0.0730472028005056,"FEZ1",0.13865846280096,"mitochondrion morphogenesis"
"GO:0090141",1,21,18870,68,0.0730472028005056,"DCN",0.13865846280096,"positive regulation of mitochondrial fission"
"GO:1903076",1,21,18870,68,0.0730472028005056,"SPTBN1",0.13865846280096,"regulation of protein localization to plasma membrane"
"GO:0006974",3,273,18870,68,0.0756608787076729,"DDB2/SGK1/TRIP12",0.14202956277694,"DNA damage response"
"GO:0010881",1,22,18870,68,0.0763912948058936,"DMD",0.14202956277694,"regulation of cardiac muscle contraction by regulation of the release of sequestered calcium ion"
"GO:0023019",1,22,18870,68,0.0763912948058936,"SMAD2",0.14202956277694,"signal transduction involved in regulation of gene expression"
"GO:0030520",1,22,18870,68,0.0763912948058936,"PHB2",0.14202956277694,"intracellular estrogen receptor signaling pathway"
"GO:0030879",1,22,18870,68,0.0763912948058936,"TGFB3",0.14202956277694,"mammary gland development"
"GO:0032331",1,22,18870,68,0.0763912948058936,"BMP4",0.14202956277694,"negative regulation of chondrocyte differentiation"
"GO:1900181",1,22,18870,68,0.0763912948058936,"YWHAZ",0.14202956277694,"negative regulation of protein localization to nucleus"
"GO:0006259",1,23,18870,68,0.0797234993874513,"KPNA2",0.144827216652275,"DNA metabolic process"
"GO:0006809",1,23,18870,68,0.0797234993874513,"CYB5R3",0.144827216652275,"nitric oxide biosynthetic process"
"GO:0017015",1,23,18870,68,0.0797234993874513,"SMAD2",0.144827216652275,"regulation of transforming growth factor beta receptor signaling pathway"
"GO:0019934",1,23,18870,68,0.0797234993874513,"HTR2C",0.144827216652275,"cGMP-mediated signaling"
"GO:0036120",1,23,18870,68,0.0797234993874513,"MARS1",0.144827216652275,"cellular response to platelet-derived growth factor stimulus"
"GO:0048589",1,23,18870,68,0.0797234993874513,"EIF4H",0.144827216652275,"developmental growth"
"GO:0048663",1,23,18870,68,0.0797234993874513,"BMP4",0.144827216652275,"neuron fate commitment"
"GO:0071577",1,23,18870,68,0.0797234993874513,"SLC30A3",0.144827216652275,"zinc ion transmembrane transport"
"GO:0000209",2,132,18870,68,0.0820881892525075,"DDB2/TRIP12",0.145040788104772,"protein polyubiquitination"
"GO:0016310",3,283,18870,68,0.0822500154754136,"ITPKB/MET/TOP1",0.145040788104772,"phosphorylation"
"GO:0003148",1,24,18870,68,0.0830438581735526,"BMP4",0.145040788104772,"outflow tract septum morphogenesis"
"GO:0006783",1,24,18870,68,0.0830438581735526,"FECH",0.145040788104772,"heme biosynthetic process"
"GO:0006956",1,24,18870,68,0.0830438581735526,"CFD",0.145040788104772,"complement activation"
"GO:0010596",1,24,18870,68,0.0830438581735526,"DCN",0.145040788104772,"negative regulation of endothelial cell migration"
"GO:0021983",1,24,18870,68,0.0830438581735526,"BMP4",0.145040788104772,"pituitary gland development"
"GO:0030325",1,24,18870,68,0.0830438581735526,"SMAD2",0.145040788104772,"adrenal gland development"
"GO:0035023",1,24,18870,68,0.0830438581735526,"RAF1",0.145040788104772,"regulation of Rho protein signal transduction"
"GO:0042554",1,24,18870,68,0.0830438581735526,"ALOX12",0.145040788104772,"superoxide anion generation"
"GO:0045216",1,24,18870,68,0.0830438581735526,"TGFB3",0.145040788104772,"cell-cell junction organization"
"GO:0045662",1,24,18870,68,0.0830438581735526,"BMP4",0.145040788104772,"negative regulation of myoblast differentiation"
"GO:0046716",1,24,18870,68,0.0830438581735526,"DMD",0.145040788104772,"muscle cell cellular homeostasis"
"GO:0071353",1,24,18870,68,0.0830438581735526,"CDK4",0.145040788104772,"cellular response to interleukin-4"
"GO:0042127",2,135,18870,68,0.0852977672749649,"SGK1/TGFB3",0.147567195739793,"regulation of cell population proliferation"
"GO:0007369",1,25,18870,68,0.0863524126489958,"SMAD2",0.147567195739793,"gastrulation"
"GO:0010033",1,25,18870,68,0.0863524126489958,"CDK4",0.147567195739793,"response to organic substance"
"GO:0048565",1,25,18870,68,0.0863524126489958,"TGFB3",0.147567195739793,"digestive tract development"
"GO:0060586",1,25,18870,68,0.0863524126489958,"FECH",0.147567195739793,"multicellular organismal-level iron ion homeostasis"
"GO:0060976",1,25,18870,68,0.0863524126489958,"BMP4",0.147567195739793,"coronary vasculature development"
"GO:1902894",1,25,18870,68,0.0863524126489958,"BMP4",0.147567195739793,"negative regulation of miRNA transcription"
"GO:2001243",1,25,18870,68,0.0863524126489958,"PPIF",0.147567195739793,"negative regulation of intrinsic apoptotic signaling pathway"
"GO:0007417",2,137,18870,68,0.0874585769918982,"MARCKS/SPTBN1",0.149055746808773,"central nervous system development"
"GO:0000413",1,26,18870,68,0.0896492041554892,"PPIF",0.15116381764516,"protein peptidyl-prolyl isomerization"
"GO:0010043",1,26,18870,68,0.0896492041554892,"SLC30A3",0.15116381764516,"response to zinc ion"
"GO:0031116",1,26,18870,68,0.0896492041554892,"MET",0.15116381764516,"positive regulation of microtubule polymerization"
"GO:1904753",1,26,18870,68,0.0896492041554892,"BMP4",0.15116381764516,"negative regulation of vascular associated smooth muscle cell migration"
"GO:0007010",2,141,18870,68,0.0918292681066308,"DMD/DPYSL2",0.154429060953857,"cytoskeleton organization"
"GO:0002639",1,27,18870,68,0.092934273892139,"PHB2",0.154646534508179,"positive regulation of immunoglobulin production"
"GO:0015908",1,27,18870,68,0.092934273892139,"FABP4",0.154646534508179,"fatty acid transport"
"GO:0031047",1,27,18870,68,0.092934273892139,"PABPC1",0.154646534508179,"regulatory ncRNA-mediated gene silencing"
"GO:0033137",1,27,18870,68,0.092934273892139,"DMD",0.154646534508179,"negative regulation of peptidyl-serine phosphorylation"
"GO:0043066",4,481,18870,68,0.0953562366339454,"RAF1/YWHAZ/PPIF/PHB2",0.157611520125842,"negative regulation of apoptotic process"
"GO:0043065",3,302,18870,68,0.0954258363118255,"BMP4/HPGD/TGFB3",0.157611520125842,"positive regulation of apoptotic process"
"GO:0007202",1,28,18870,68,0.0962076629159319,"PHB2",0.157611520125842,"activation of phospholipase C activity"
"GO:0035116",1,28,18870,68,0.0962076629159319,"BMP4",0.157611520125842,"embryonic hindlimb morphogenesis"
"GO:0044331",1,28,18870,68,0.0962076629159319,"CTNND1",0.157611520125842,"cell-cell adhesion mediated by cadherin"
"GO:1902042",1,28,18870,68,0.0962076629159319,"RAF1",0.157611520125842,"negative regulation of extrinsic apoptotic signaling pathway via death domain receptors"
"GO:0007214",1,29,18870,68,0.0994694121422199,"PLCL1",0.16046719414292,"gamma-aminobutyric acid signaling pathway"
"GO:0010971",1,29,18870,68,0.0994694121422199,"CDK4",0.16046719414292,"positive regulation of G2/M transition of mitotic cell cycle"
"GO:0043001",1,29,18870,68,0.0994694121422199,"SPTBN1",0.16046719414292,"Golgi to plasma membrane protein transport"
"GO:0045070",1,29,18870,68,0.0994694121422199,"PABPC1",0.16046719414292,"positive regulation of viral genome replication"
"GO:0045664",1,29,18870,68,0.0994694121422199,"ZFHX3",0.16046719414292,"regulation of neuron differentiation"
"GO:0045671",1,29,18870,68,0.0994694121422199,"TOB2",0.16046719414292,"negative regulation of osteoclast differentiation"
"GO:0030182",2,150,18870,68,0.101890301668544,"EIF4E/MET",0.162404495079442,"neuron differentiation"
"GO:0001656",1,30,18870,68,0.102719562345199,"BMP4",0.162404495079442,"metanephros development"
"GO:0006378",1,30,18870,68,0.102719562345199,"PABPC1",0.162404495079442,"mRNA polyadenylation"
"GO:0006446",1,30,18870,68,0.102719562345199,"EIF4H",0.162404495079442,"regulation of translational initiation"
"GO:0007631",1,30,18870,68,0.102719562345199,"HTR2C",0.162404495079442,"feeding behavior"
"GO:0021915",1,30,18870,68,0.102719562345199,"MARCKS",0.162404495079442,"neural tube development"
"GO:0030878",1,30,18870,68,0.102719562345199,"RAF1",0.162404495079442,"thyroid gland development"
"GO:0099171",1,30,18870,68,0.102719562345199,"ADORA3",0.162404495079442,"presynaptic modulation of chemical synaptic transmission"
"GO:0006401",1,31,18870,68,0.10595815415839,"ISG20",0.164248092265084,"RNA catabolic process"
"GO:0006654",1,31,18870,68,0.10595815415839,"AGPAT1",0.164248092265084,"phosphatidic acid biosynthetic process"
"GO:0035987",1,31,18870,68,0.10595815415839,"LAMA3",0.164248092265084,"endodermal cell differentiation"
"GO:0048009",1,31,18870,68,0.10595815415839,"RAF1",0.164248092265084,"insulin-like growth factor receptor signaling pathway"
"GO:0051491",1,31,18870,68,0.10595815415839,"TGFB3",0.164248092265084,"positive regulation of filopodium assembly"
"GO:0060325",1,31,18870,68,0.10595815415839,"TGFB3",0.164248092265084,"face morphogenesis"
"GO:0070372",1,31,18870,68,0.10595815415839,"YWHAZ",0.164248092265084,"regulation of ERK1 and ERK2 cascade"
"GO:1900745",1,31,18870,68,0.10595815415839,"BMP4",0.164248092265084,"positive regulation of p38MAPK cascade"
"GO:0001958",1,32,18870,68,0.109185228075118,"BMP4",0.166402487018329,"endochondral ossification"
"GO:0006139",1,32,18870,68,0.109185228075118,"DPYSL2",0.166402487018329,"nucleobase-containing compound metabolic process"
"GO:0008015",1,32,18870,68,0.109185228075118,"CYB5R3",0.166402487018329,"blood circulation"
"GO:0016239",1,32,18870,68,0.109185228075118,"DCN",0.166402487018329,"positive regulation of macroautophagy"
"GO:0030225",1,32,18870,68,0.109185228075118,"BMP4",0.166402487018329,"macrophage differentiation"
"GO:0045931",1,32,18870,68,0.109185228075118,"EIF4E",0.166402487018329,"positive regulation of mitotic cell cycle"
"GO:0071773",1,32,18870,68,0.109185228075118,"BMP4",0.166402487018329,"cellular response to BMP stimulus"
"GO:0043410",2,157,18870,68,0.109917688806787,"RAF1/TGFB3",0.167117061639096,"positive regulation of MAPK cascade"
"GO:0018105",2,159,18870,68,0.112241594019044,"SGK1/TOP1",0.167675582825073,"peptidyl-serine phosphorylation"
"GO:0001707",1,33,18870,68,0.112400824448984,"SMAD2",0.167675582825073,"mesoderm formation"
"GO:0002027",1,33,18870,68,0.112400824448984,"DMD",0.167675582825073,"regulation of heart rate"
"GO:0008016",1,33,18870,68,0.112400824448984,"ADORA3",0.167675582825073,"regulation of heart contraction"
"GO:0032570",1,33,18870,68,0.112400824448984,"TGFB3",0.167675582825073,"response to progesterone"
"GO:0035633",1,33,18870,68,0.112400824448984,"DMD",0.167675582825073,"maintenance of blood-brain barrier"
"GO:0050873",1,33,18870,68,0.112400824448984,"FABP4",0.167675582825073,"brown fat cell differentiation"
"GO:0051497",1,33,18870,68,0.112400824448984,"MET",0.167675582825073,"negative regulation of stress fiber assembly"
"GO:0006865",1,34,18870,68,0.115604983494346,"SLC6A6",0.170054662495163,"amino acid transport"
"GO:0019369",1,34,18870,68,0.115604983494346,"ALOX12",0.170054662495163,"arachidonic acid metabolic process"
"GO:0032743",1,34,18870,68,0.115604983494346,"SPTBN1",0.170054662495163,"positive regulation of interleukin-2 production"
"GO:0045824",1,34,18870,68,0.115604983494346,"YWHAZ",0.170054662495163,"negative regulation of innate immune response"
"GO:0051017",1,34,18870,68,0.115604983494346,"MARCKS",0.170054662495163,"actin filament bundle assembly"
"GO:0051973",1,34,18870,68,0.115604983494346,"TCP1",0.170054662495163,"positive regulation of telomerase activity"
"GO:0000184",1,35,18870,68,0.118797745286785,"PABPC1",0.172351877601422,"nuclear-transcribed mRNA catabolic process, nonsense-mediated decay"
"GO:0010498",1,35,18870,68,0.118797745286785,"PSMA5",0.172351877601422,"proteasomal protein catabolic process"
"GO:0030010",1,35,18870,68,0.118797745286785,"FEZ1",0.172351877601422,"establishment of cell polarity"
"GO:0042113",1,35,18870,68,0.118797745286785,"PHB2",0.172351877601422,"B cell activation"
"GO:0048255",1,35,18870,68,0.118797745286785,"PABPC1",0.172351877601422,"mRNA stabilization"
"GO:0071526",1,35,18870,68,0.118797745286785,"MET",0.172351877601422,"semaphorin-plexin signaling pathway"
"GO:0006695",1,36,18870,68,0.121979149763583,"CYB5R3",0.175362315079618,"cholesterol biosynthetic process"
"GO:0031333",1,36,18870,68,0.121979149763583,"RAF1",0.175362315079618,"negative regulation of protein-containing complex assembly"
"GO:0045184",1,36,18870,68,0.121979149763583,"KPNB1",0.175362315079618,"establishment of protein localization"
"GO:0045595",1,36,18870,68,0.121979149763583,"RAF1",0.175362315079618,"regulation of cell differentiation"
"GO:2001237",1,37,18870,68,0.12514923672419,"BMP4",0.179246507231638,"negative regulation of extrinsic apoptotic signaling pathway"
"GO:0007411",2,170,18870,68,0.125246376504125,"FEZ2/FEZ1",0.179246507231638,"axon guidance"
"GO:0007281",1,38,18870,68,0.128308045830692,"BMP4",0.180771780125909,"germ cell development"
"GO:0007616",1,38,18870,68,0.128308045830692,"SGK1",0.180771780125909,"long-term memory"
"GO:0019827",1,38,18870,68,0.128308045830692,"EIF4E",0.180771780125909,"stem cell population maintenance"
"GO:0030073",1,38,18870,68,0.128308045830692,"SMAD2",0.180771780125909,"insulin secretion"
"GO:0042594",1,38,18870,68,0.128308045830692,"YARS1",0.180771780125909,"response to starvation"
"GO:0090307",1,38,18870,68,0.128308045830692,"KPNB1",0.180771780125909,"mitotic spindle assembly"
"GO:1900182",1,38,18870,68,0.128308045830692,"BMP4",0.180771780125909,"positive regulation of protein localization to nucleus"
"GO:0006629",2,173,18870,68,0.128854647564072,"ALOX12/PLCL1",0.181139349347277,"lipid metabolic process"
"GO:0006836",1,39,18870,68,0.131455616608279,"SLC6A6",0.183979825451764,"neurotransmitter transport"
"GO:0033627",1,39,18870,68,0.131455616608279,"ITGA2B",0.183979825451764,"cell adhesion mediated by integrin"
"GO:0008625",1,40,18870,68,0.134591988445709,"RAF1",0.187954450825065,"extrinsic apoptotic signaling pathway via death domain receptors"
"GO:1900016",1,41,18870,68,0.137717200595772,"IL1R2",0.191475230652893,"negative regulation of cytokine production involved in inflammatory response"
"GO:1901796",1,41,18870,68,0.137717200595772,"SGK1",0.191475230652893,"regulation of signal transduction by p53 class mediator"
"GO:0006367",1,42,18870,68,0.140831292175754,"CCNH",0.19284457719099,"transcription initiation at RNA polymerase II promoter"
"GO:0007080",1,42,18870,68,0.140831292175754,"KPNB1",0.19284457719099,"mitotic metaphase chromosome alignment"
"GO:0009411",1,42,18870,68,0.140831292175754,"DDB2",0.19284457719099,"response to UV"
"GO:0030501",1,42,18870,68,0.140831292175754,"BMP4",0.19284457719099,"positive regulation of bone mineralization"
"GO:0043154",1,42,18870,68,0.140831292175754,"RAF1",0.19284457719099,"negative regulation of cysteine-type endopeptidase activity involved in apoptotic process"
"GO:0060048",1,42,18870,68,0.140831292175754,"DMD",0.19284457719099,"cardiac muscle contraction"
"GO:0071364",1,42,18870,68,0.140831292175754,"MARS1",0.19284457719099,"cellular response to epidermal growth factor stimulus"
"GO:0001658",1,43,18870,68,0.143934302167896,"BMP4",0.195405455191534,"branching involved in ureteric bud morphogenesis"
"GO:0006289",1,43,18870,68,0.143934302167896,"DDB2",0.195405455191534,"nucleotide-excision repair"
"GO:0007043",1,43,18870,68,0.143934302167896,"CTNND1",0.195405455191534,"cell-cell junction assembly"
"GO:0045071",1,43,18870,68,0.143934302167896,"ISG20",0.195405455191534,"negative regulation of viral genome replication"
"GO:0003007",1,44,18870,68,0.147026269419853,"BMP4",0.198329052791886,"heart morphogenesis"
"GO:0030316",1,44,18870,68,0.147026269419853,"TOB2",0.198329052791886,"osteoclast differentiation"
"GO:0048839",1,44,18870,68,0.147026269419853,"TGFB3",0.198329052791886,"inner ear development"
"GO:0006635",1,45,18870,68,0.15010723264515,"ECH1",0.202055170906635,"fatty acid beta-oxidation"
"GO:0006120",1,46,18870,68,0.153177230423643,"NDUFA4",0.205750771374131,"mitochondrial electron transport, NADH to ubiquinone"
"GO:0010468",2,195,18870,68,0.156007373171661,"CDK4/TOB2",0.206792933114922,"regulation of gene expression"
"GO:0001932",1,47,18870,68,0.156236301201968,"ITPKB",0.206792933114922,"regulation of protein phosphorylation"
"GO:0048538",1,47,18870,68,0.156236301201968,"RAF1",0.206792933114922,"thymus development"
"GO:0051384",1,47,18870,68,0.156236301201968,"AGL",0.206792933114922,"response to glucocorticoid"
"GO:0051781",1,47,18870,68,0.156236301201968,"TGFB3",0.206792933114922,"positive regulation of cell division"
"GO:0120163",1,47,18870,68,0.156236301201968,"PLCL1",0.206792933114922,"negative regulation of cold-induced thermogenesis"
"GO:1904262",1,47,18870,68,0.156236301201968,"YWHAZ",0.206792933114922,"negative regulation of TORC1 signaling"
"GO:0042981",2,196,18870,68,0.157267289082368,"RAF1/SGK1",0.207361775583243,"regulation of apoptotic process"
"GO:0035556",3,380,18870,68,0.157320211444069,"SMAD2/PLCL1/SGK1",0.207361775583243,"intracellular signal transduction"
"GO:0050714",1,48,18870,68,0.159284483293998,"TGFB3",0.209081495669554,"positive regulation of protein secretion"
"GO:0140374",1,48,18870,68,0.159284483293998,"PHB2",0.209081495669554,"antiviral innate immune response"
"GO:0000079",1,49,18870,68,0.162321814881289,"CCNH",0.212189753886057,"regulation of cyclin-dependent protein serine/threonine kinase activity"
"GO:0046854",1,49,18870,68,0.162321814881289,"ITPKB",0.212189753886057,"phosphatidylinositol phosphate biosynthetic process"
"GO:0001701",2,201,18870,68,0.163596050936802,"SMAD2/TGFB3",0.213415424473112,"in utero embryonic development"
"GO:0006644",1,50,18870,68,0.165348334013539,"AGPAT1",0.213940497478742,"phospholipid metabolic process"
"GO:0007519",1,50,18870,68,0.165348334013539,"DMD",0.213940497478742,"skeletal muscle tissue development"
"GO:0042149",1,50,18870,68,0.165348334013539,"YWHAZ",0.213940497478742,"cellular response to glucose starvation"
"GO:0042733",1,50,18870,68,0.165348334013539,"BMP4",0.213940497478742,"embryonic digit morphogenesis"
"GO:0048146",1,51,18870,68,0.168364078609027,"CDK4",0.215642072400248,"positive regulation of fibroblast proliferation"
"GO:0048661",1,51,18870,68,0.168364078609027,"BMP4",0.215642072400248,"positive regulation of smooth muscle cell proliferation"
"GO:0048666",1,51,18870,68,0.168364078609027,"DMD",0.215642072400248,"neuron development"
"GO:0051496",1,51,18870,68,0.168364078609027,"TGFB3",0.215642072400248,"positive regulation of stress fiber assembly"
"GO:2000045",1,51,18870,68,0.168364078609027,"CCNH",0.215642072400248,"regulation of G1/S transition of mitotic cell cycle"
"GO:0002062",1,52,18870,68,0.171369086455065,"BMP4",0.218168676330344,"chondrocyte differentiation"
"GO:0007584",1,52,18870,68,0.171369086455065,"AGL",0.218168676330344,"response to nutrient"
"GO:1904707",1,52,18870,68,0.171369086455065,"HPGD",0.218168676330344,"positive regulation of vascular associated smooth muscle cell proliferation"
"GO:0032092",1,53,18870,68,0.174363395208442,"BMP4",0.220651482159985,"positive regulation of protein binding"
"GO:0043627",1,53,18870,68,0.174363395208442,"TGFB3",0.220651482159985,"response to estrogen"
"GO:0051209",1,53,18870,68,0.174363395208442,"HTR2C",0.220651482159985,"release of sequestered calcium ion into cytosol"
"GO:0043161",2,211,18870,68,0.176387791243346,"PSMA5/TRIP12",0.222649554215805,"proteasome-mediated ubiquitin-dependent protein catabolic process"
"GO:0007187",1,54,18870,68,0.17734704239587,"HTR2C",0.222649554215805,"G protein-coupled receptor signaling pathway, coupled to cyclic nucleotide second messenger"
"GO:0030155",1,54,18870,68,0.17734704239587,"LAMA3",0.222649554215805,"regulation of cell adhesion"
"GO:0033674",1,54,18870,68,0.17734704239587,"MET",0.222649554215805,"positive regulation of kinase activity"
"GO:0034644",1,55,18870,68,0.180320065414422,"DDB2",0.223286956001452,"cellular response to UV"
"GO:0035019",1,55,18870,68,0.180320065414422,"RAF1",0.223286956001452,"somatic stem cell population maintenance"
"GO:0045165",1,55,18870,68,0.180320065414422,"SMAD2",0.223286956001452,"cell fate commitment"
"GO:0045597",1,55,18870,68,0.180320065414422,"SLC6A6",0.223286956001452,"positive regulation of cell differentiation"
"GO:0045600",1,55,18870,68,0.180320065414422,"HTR2C",0.223286956001452,"positive regulation of fat cell differentiation"
"GO:0050680",1,55,18870,68,0.180320065414422,"BMP4",0.223286956001452,"negative regulation of epithelial cell proliferation"
"GO:1903078",1,55,18870,68,0.180320065414422,"SPTBN1",0.223286956001452,"positive regulation of protein localization to plasma membrane"
"GO:0048812",1,57,18870,68,0.186234387887661,"SGK1",0.229713233308905,"neuron projection morphogenesis"
"GO:0071363",1,57,18870,68,0.186234387887661,"FEZ1",0.229713233308905,"cellular response to growth factor stimulus"
"GO:0010507",1,58,18870,68,0.189175761492277,"MET",0.231539445533019,"negative regulation of autophagy"
"GO:0022008",1,58,18870,68,0.189175761492277,"MARCKS",0.231539445533019,"neurogenesis"
"GO:0042475",1,58,18870,68,0.189175761492277,"BMP4",0.231539445533019,"odontogenesis of dentin-containing tooth"
"GO:0045785",1,58,18870,68,0.189175761492277,"ZFHX3",0.231539445533019,"positive regulation of cell adhesion"
"GO:0030199",1,59,18870,68,0.19210665922875,"LUM",0.234673645377703,"collagen fibril organization"
"GO:0009749",1,60,18870,68,0.195027117852558,"SMAD2",0.237326665486606,"response to glucose"
"GO:0045665",1,60,18870,68,0.195027117852558,"EIF4E",0.237326665486606,"negative regulation of neuron differentiation"
"GO:0006366",2,227,18870,68,0.197166998154052,"BMP4/CCNH",0.239471028409328,"transcription by RNA polymerase II"
"GO:0000281",1,62,18870,68,0.200836864149459,"SPTBN1",0.242997274562514,"mitotic cytokinesis"
"GO:0009611",1,62,18870,68,0.200836864149459,"ADORA3",0.242997274562514,"response to wounding"
"GO:0002931",1,63,18870,68,0.203726224700174,"PPIF",0.244625807689224,"response to ischemia"
"GO:0007623",1,63,18870,68,0.203726224700174,"TOP1",0.244625807689224,"circadian rhythm"
"GO:0051865",1,63,18870,68,0.203726224700174,"DDB2",0.244625807689224,"protein autoubiquitination"
"GO:0060291",1,63,18870,68,0.203726224700174,"MPP2",0.244625807689224,"long-term synaptic potentiation"
"GO:0016477",2,236,18870,68,0.208989985566625,"MET/PHB2",0.250106554759144,"cell migration"
"GO:0050679",1,65,18870,68,0.209474101856633,"BMP4",0.250106554759144,"positive regulation of epithelial cell proliferation"
"GO:0070301",1,65,18870,68,0.209474101856633,"PPIF",0.250106554759144,"cellular response to hydrogen peroxide"
"GO:0001819",1,66,18870,68,0.212332690586957,"AGPAT1",0.25162416043389,"positive regulation of cytokine production"
"GO:0006417",1,66,18870,68,0.212332690586957,"EIF4E",0.25162416043389,"regulation of translation"
"GO:0006814",1,66,18870,68,0.212332690586957,"SGK1",0.25162416043389,"sodium ion transport"
"GO:0006909",1,66,18870,68,0.212332690586957,"MET",0.25162416043389,"phagocytosis"
"GO:0008286",1,67,18870,68,0.215181093960712,"RAF1",0.254049932162182,"insulin receptor signaling pathway"
"GO:0071300",1,67,18870,68,0.215181093960712,"PHB2",0.254049932162182,"cellular response to retinoic acid"
"GO:0060079",1,68,18870,68,0.218019347729296,"MPP2",0.256922428365007,"excitatory postsynaptic potential"
"GO:0006281",2,244,18870,68,0.219562471194959,"DDB2/TRIP12",0.258260865932475,"DNA repair"
"GO:0002244",1,69,18870,68,0.22084748752051,"BMP4",0.2588120278891,"hematopoietic progenitor cell differentiation"
"GO:1901224",1,69,18870,68,0.22084748752051,"PHB2",0.2588120278891,"positive regulation of non-canonical NF-kappaB signal transduction"
"GO:0021766",1,70,18870,68,0.223665548838983,"FEZ1",0.261630918752611,"hippocampus development"
"GO:0001938",1,71,18870,68,0.226473567066586,"BMP4",0.263941620441573,"positive regulation of endothelial cell proliferation"
"GO:0042060",1,71,18870,68,0.226473567066586,"RAF1",0.263941620441573,"wound healing"
"GO:0008217",1,72,18870,68,0.229271577462856,"SGK1",0.266712257085231,"regulation of blood pressure"
"GO:0001558",1,73,18870,68,0.232059615165405,"SGK1",0.269461164862394,"regulation of cell growth"
"GO:0045669",1,74,18870,68,0.234837715190343,"BMP4",0.272188503529575,"positive regulation of osteoblast differentiation"
"GO:0045893",4,689,18870,68,0.236458351726017,"ZFHX3/BMP4/SMAD2/TGFB3",0.273566779186669,"positive regulation of DNA-templated transcription"
"GO:0001889",1,76,18870,68,0.240364241666767,"MET",0.275571300572749,"liver development"
"GO:0006351",1,76,18870,68,0.240364241666767,"SMAD2",0.275571300572749,"DNA-templated transcription"
"GO:0030509",1,76,18870,68,0.240364241666767,"BMP4",0.275571300572749,"BMP signaling pathway"
"GO:0032355",1,76,18870,68,0.240364241666767,"HPGD",0.275571300572749,"response to estradiol"
"GO:0043433",1,76,18870,68,0.240364241666767,"PHB2",0.275571300572749,"negative regulation of DNA-binding transcription factor activity"
"GO:0008203",1,77,18870,68,0.243112737546658,"FECH",0.27821927004437,"cholesterol metabolic process"
"GO:0001843",1,78,18870,68,0.245851434606564,"BMP4",0.27983807816977,"neural tube closure"
"GO:0030324",1,78,18870,68,0.245851434606564,"SMAD2",0.27983807816977,"lung development"
"GO:0050804",1,78,18870,68,0.245851434606564,"SLC6A6",0.27983807816977,"modulation of chemical synaptic transmission"
"GO:0007275",1,79,18870,68,0.248580367261244,"MET",0.282437191476038,"multicellular organism development"
"GO:0010508",1,81,18870,68,0.25400907641914,"DCN",0.287574561517383,"positive regulation of autophagy"
"GO:0016485",1,81,18870,68,0.25400907641914,"IL1R2",0.287574561517383,"protein processing"
"GO:0008284",3,486,18870,68,0.255369901474226,"BMP4/CDK4/TGFB3",0.288599853002957,"positive regulation of cell population proliferation"
"GO:0032088",1,82,18870,68,0.256708921158269,"ADORA3",0.289596896822674,"negative regulation of NF-kappaB transcription factor activity"
"GO:0034976",1,83,18870,68,0.259399137964807,"MARCKS",0.292111995505662,"response to endoplasmic reticulum stress"
"GO:0150104",1,84,18870,68,0.262079760662332,"SLC6A6",0.29460739053177,"transport across blood-brain barrier"
"GO:0033138",1,85,18870,68,0.26475082295739,"RAF1",0.296558342323295,"positive regulation of peptidyl-serine phosphorylation"
"GO:0045666",1,85,18870,68,0.26475082295739,"BMP4",0.296558342323295,"positive regulation of neuron differentiation"
"GO:0017148",1,88,18870,68,0.272706982746145,"EIF4E",0.304931617391633,"negative regulation of translation"
"GO:0007166",2,288,18870,68,0.278272753002101,"ITPKB/MET",0.310607263034035,"cell surface receptor signaling pathway"
"GO:0006260",1,91,18870,68,0.280578301196955,"TOP1",0.312081829752403,"DNA replication"
"GO:0009952",1,91,18870,68,0.280578301196955,"SMAD2",0.312081829752403,"anterior/posterior pattern specification"
"GO:0007200",1,92,18870,68,0.283183374710912,"HTR2C",0.314427775073062,"phospholipase C-activating G protein-coupled receptor signaling pathway"
"GO:0007229",1,94,18870,68,0.288365669663036,"ITGA2B",0.319622088402736,"integrin-mediated signaling pathway"
"GO:0010629",2,296,18870,68,0.288969619225252,"BMP4/RCOR1",0.319732528078202,"negative regulation of gene expression"
"GO:0042632",1,100,18870,68,0.303692076026672,"FABP4",0.33485352382767,"cholesterol homeostasis"
"GO:0051091",1,100,18870,68,0.303692076026672,"PHB2",0.33485352382767,"positive regulation of DNA-binding transcription factor activity"
"GO:0120162",1,101,18870,68,0.306214662005904,"FABP4",0.337048777277332,"positive regulation of cold-induced thermogenesis"
"GO:0007169",1,104,18870,68,0.313728517008024,"MET",0.34412435948631,"transmembrane receptor protein tyrosine kinase signaling pathway"
"GO:0050729",1,104,18870,68,0.313728517008024,"FABP4",0.34412435948631,"positive regulation of inflammatory response"
"GO:0006874",1,105,18870,68,0.31621527288799,"HTR2C",0.346252993110511,"intracellular calcium ion homeostasis"
"GO:0009615",1,107,18870,68,0.321162179164687,"ISG20",0.349857081770466,"response to virus"
"GO:0009887",1,107,18870,68,0.321162179164687,"DCN",0.349857081770466,"animal organ morphogenesis"
"GO:0030512",1,107,18870,68,0.321162179164687,"TGFB3",0.349857081770466,"negative regulation of transforming growth factor beta receptor signaling pathway"
"GO:0006979",1,111,18870,68,0.330950440458115,"SELENOP",0.359901508148276,"response to oxidative stress"
"GO:0035725",1,113,18870,68,0.335792289133901,"SLC6A6",0.364541628957009,"sodium ion transmembrane transport"
"GO:0006364",1,115,18870,68,0.340599609424437,"ISG20",0.368498553541115,"rRNA processing"
"GO:0010976",1,115,18870,68,0.340599609424437,"FEZ1",0.368498553541115,"positive regulation of neuron projection development"
"GO:0006334",1,118,18870,68,0.347746379324433,"H1-10",0.375589786186866,"nucleosome assembly"
"GO:0051260",1,121,18870,68,0.354816817412459,"MPP2",0.382574595645406,"protein homooligomerization"
"GO:0071456",1,122,18870,68,0.357156806554064,"PHB2",0.38434345139246,"cellular response to hypoxia"
"GO:0030154",3,591,18870,68,0.358977834652692,"DPYSL2/SMAD2/RAF1",0.38434345139246,"cell differentiation"
"GO:0001649",1,123,18870,68,0.359488433242474,"BMP4",0.38434345139246,"osteoblast differentiation"
"GO:0008104",1,123,18870,68,0.359488433242474,"DMD",0.38434345139246,"protein localization"
"GO:0016525",1,123,18870,68,0.359488433242474,"DCN",0.38434345139246,"negative regulation of angiogenesis"
"GO:0051301",2,350,18870,68,0.360419891751943,"CDK4/ITGB3BP",0.384690591533219,"cell division"
"GO:0009653",1,134,18870,68,0.384592752357934,"SMAD2",0.40842848407861,"anatomical structure morphogenesis"
"GO:0032496",1,134,18870,68,0.384592752357934,"HPGD",0.40842848407861,"response to lipopolysaccharide"
"GO:0071356",1,134,18870,68,0.384592752357934,"FABP4",0.40842848407861,"cellular response to tumor necrosis factor"
"GO:0007015",1,135,18870,68,0.386826297022732,"MARCKS",0.410113498850187,"actin filament organization"
"GO:0090090",1,137,18870,68,0.391269451723636,"CTNND1",0.414131606665751,"negative regulation of canonical Wnt signaling pathway"
"GO:0065003",1,138,18870,68,0.393479117942756,"DMD",0.415084460525304,"protein-containing complex assembly"
"GO:1902600",1,138,18870,68,0.393479117942756,"COX4I1",0.415084460525304,"proton transmembrane transport"
"GO:0019221",1,140,18870,68,0.397874767845564,"IL1R2",0.418329357900643,"cytokine-mediated signaling pathway"
"GO:0043524",1,140,18870,68,0.397874767845564,"TGFB3",0.418329357900643,"negative regulation of neuron apoptotic process"
"GO:0030198",1,155,18870,68,0.429856645467046,"COL17A1",0.451207141102826,"extracellular matrix organization"
"GO:0016055",1,156,18870,68,0.431928232328293,"CTNND1",0.45263223024155,"Wnt signaling pathway"
"GO:0072659",1,158,18870,68,0.436049182077823,"SPTBN1",0.456196669038514,"protein localization to plasma membrane"
"GO:0001666",1,162,18870,68,0.444202914947532,"TGFB3",0.46396152895673,"response to hypoxia"
"GO:0051897",1,171,18870,68,0.462126514689073,"DCN",0.481888503804066,"positive regulation of phosphatidylinositol 3-kinase/protein kinase B signal transduction"
"GO:0006897",1,174,18870,68,0.46797353725549,"DPYSL2",0.487184273596027,"endocytosis"
"GO:0006508",2,441,18870,68,0.474164360809923,"CPA3/CFD",0.492820007792608,"proteolysis"
"GO:0030336",1,178,18870,68,0.475672247853208,"ADORA3",0.493578077150465,"negative regulation of cell migration"
"GO:0006325",1,185,18870,68,0.488881738991746,"RCOR1",0.505629726787548,"chromatin organization"
"GO:0007420",1,185,18870,68,0.488881738991746,"SELENOP",0.505629726787548,"brain development"
"GO:0071222",1,187,18870,68,0.492595276581482,"CDK4",0.508640725330065,"cellular response to lipopolysaccharide"
"GO:0000398",1,189,18870,68,0.49628222734067,"PABPC1",0.511614523795097,"mRNA splicing, via spliceosome"
"GO:0006511",1,201,18870,68,0.517856019198215,"TRIP12",0.532988175603357,"ubiquitin-dependent protein catabolic process"
"GO:0007155",2,482,18870,68,0.521452488933137,"FEZ1/ITGB3BP",0.53495287699613,"cell adhesion"
"GO:0010628",2,482,18870,68,0.521452488933137,"BMP4/SMAD2",0.53495287699613,"positive regulation of gene expression"
"GO:0001934",1,205,18870,68,0.524842939252124,"BMP4",0.537561265728346,"positive regulation of protein phosphorylation"
"GO:0030036",1,206,18870,68,0.526574023105906,"SPTBN1",0.538464404272814,"actin cytoskeleton organization"
"GO:0007601",1,207,18870,68,0.528298892717393,"LUM",0.53935828982742,"visual perception"
"GO:0007268",1,219,18870,68,0.548520540360611,"HTR2C",0.559102930206796,"chemical synaptic transmission"
"GO:0051726",1,227,18870,68,0.561524584197039,"CDK4",0.571439143468575,"regulation of cell cycle"
"GO:0051607",1,228,18870,68,0.563123915220726,"ISG20",0.572148336939006,"defense response to virus"
"GO:0001525",1,245,18870,68,0.589449482418072,"ITGA2B",0.597937554964892,"angiogenesis"
"GO:0006355",2,553,18870,68,0.596530223952255,"ZFHX3/ITGB3BP",0.604153613395735,"regulation of DNA-templated transcription"
"GO:0007049",1,286,18870,68,0.646680687941054,"CCNH",0.653900408540077,"cell cycle"
"GO:0000122",3,969,18870,68,0.685437940830489,"ZFHX3/BMP4/YWHAZ",0.691986710965812,"negative regulation of transcription by RNA polymerase II"
"GO:0006338",1,323,18870,68,0.691535472037103,"TOP1",0.697032574358542,"chromatin remodeling"
"GO:0006954",1,403,18870,68,0.770218193567968,"ADORA3",0.775108467812844,"inflammatory response"
"GO:0006955",1,420,18870,68,0.784191967506214,"IL1R2",0.787920296987226,"immune response"
"GO:0045087",1,492,18870,68,0.834657450459887,"ISG20",0.837298771505646,"innate immune response"
"GO:0008150",1,568,18870,68,0.875324476535204,"LPP",0.876707295613459,"biological_process"
"GO:0006357",3,1483,18870,68,0.910961650989058,"ZFHX3/CCNH/RCOR1",0.910961650989058,"regulation of transcription by RNA polymerase II"
