"Rat_Gene_Symbol","baseMean","log2FoldChange","lfcSE","stat","pvalue","padj","Rat_Gene_Symbol_exact","HID","Human_Ortholog_Symbol"
"Spag5",754.295905034448,6.53904778790173,0.787335177698258,8.28532163631442,1.17790317663218e-16,1.45694843917634e-12,"Spag5",4718,"SPAG5"
"Dsg1",475.473153859038,4.97663404304472,0.829558693984957,7.23205459816441,4.75740847049903e-13,2.94221926858013e-09,"Dsg1",1463,"DSG1"
"Dsel",459.544321450399,3.23911834223195,0.519344868798446,6.2329691236466,4.57676406393461e-10,1.88699982356024e-06,"Dsel",12964,"DSEL"
"Ago4",482.036031265735,3.77882219216822,0.853769555300157,5.98884168271891,2.11340757928951e-09,4.22150243055736e-06,"Ago4",NA,NA
"Asprv1",196.36295566199,3.86712639162667,0.852723234220166,6.03469792475127,1.5926032160607e-09,4.22150243055736e-06,"Asprv1",NA,NA
"Fam124a",148.163114687065,-4.97655734967466,0.795178300985412,-5.96886622281389,2.38907890806868e-09,4.22150243055736e-06,"Fam124a",86241,"FAM124A"
"Plagl1",210.549982278064,4.75935580622518,0.823540237114483,5.9787247067501,2.2489123782686e-09,4.22150243055736e-06,"Plagl1",31401,"PLAGL1"
"Serpinb2",2514.06022763356,4.06707266598735,0.695379880356986,5.900739581875,3.61875710775764e-09,5.59505083323178e-06,"Serpinb2",20571,"SERPINB2"
"Dcbld1",160.207182957313,-4.08652411512793,0.847441175505874,-5.86875925419632,4.3906842920418e-09,5.88131116328804e-06,"Dcbld1",12010,"DCBLD1"
"Kremen1",142.628413023748,-4.20309357846751,0.844360372291912,-5.85553110713954,4.75488007380389e-09,5.88131116328804e-06,"Kremen1",12935,"KREMEN1"
"Xk",193.849515333079,-4.53871806311377,0.82472323899772,-5.71944718594353,1.06871185987859e-08,1.20171790862166e-05,"Xk",36393,"XK"
"Pitx1",2112.05400246259,2.56106248381761,0.450378930989899,5.68647643465778,1.29687271854582e-08,1.31871476608276e-05,"Pitx1",20584,"PITX1"
"Wnk2",169.110939736555,-4.43187504852082,0.799201178785633,-5.67511088050415,1.38598851637771e-08,1.31871476608276e-05,"Wnk2",19155,"WNK2"
"Dusp27",188.131096980559,-4.41856184836704,0.833308101910073,-5.56208838986325,2.66565209121116e-08,2.35510362258506e-05,"Dusp27",NA,NA
"Sh3gl2",269.985352286374,-2.92503775922356,0.862961107554477,-5.54621000105994,2.91928177823476e-08,2.40723975433238e-05,"Sh3gl2",20652,"SH3GL2"
"Art3",165.045177867504,-4.28737017949755,0.840019253651192,-5.50806340210305,3.62802747700698e-08,2.49305954794996e-05,"Art3",911,"ART3"
"Ffar4",125.212582437066,-3.73643988581507,0.854013996396019,-5.51451144153523,3.497501550723e-08,2.49305954794996e-05,"Ffar4",18769,"FFAR4"
"Lrrc17",230.650346656615,-4.10557206477947,0.84304490997695,-5.51084180013629,3.57121594317844e-08,2.49305954794996e-05,"Lrrc17",55929,"LRRC17"
"Siglec15",119.730925691996,-3.74595518956606,0.853749807350737,-5.49054835025168,4.00687780026148e-08,2.60847744797022e-05,"Siglec15",52643,"SIGLEC15"
"Zswim5",105.246346147909,3.27972038412726,0.860724319468724,5.27919215563059,1.29754676876577e-07,8.02467799143188e-05,"Zswim5",18958,"ZSWIM5"
"Bbs10",113.442682403925,4.14025177925806,0.825182347222325,5.26233186869509,1.42239718598531e-07,8.37791942545351e-05,"Bbs10",49781,"BBS10"
"Hpse2",163.74004919364,-3.98276770933063,0.776207166307755,-5.22049367085053,1.7844680593216e-07,0.000100327661026131,"Hpse2",19680,"HPSE2"
"Lilrb4",164.964517845088,3.90033982213765,0.766087481767962,5.16436031077183,2.4126256943798e-07,0.000129746813972973,"Lilrb4",86756,"LILRB4"
"Scn7a",167.003634763947,-3.79948798909405,0.847501730422881,-5.10893319225311,3.23982875776874e-07,0.000166972674603506,"Scn7a",55706,"SCN7A"
"She",190.229650608067,-2.55141449238243,0.861524699959191,-5.05644251128411,4.27149553988445e-07,0.000211336513331323,"She",18186,"SHE"
"Pdk4",119.848234993462,-3.73407189412699,0.852150012213769,-5.01560763438946,5.28661183753927e-07,0.000251500391609705,"Pdk4",129720,"PDK4"
"Ednra",120.753659016518,-3.63420775860641,0.853788618276403,-4.97768407002459,6.43495763848497e-07,0.000294792559371928,"Ednra",1478,"EDNRA"
"Extl3",178.818128375607,-3.77192413184358,0.838963240756301,-4.96880295239307,6.7367484775814e-07,0.000297595863997158,"Extl3",1103,"EXTL3"
"Acot1",88.1547344586493,-3.92570097868907,0.821707620846268,-4.88213941386984,1.04941018073175e-06,0.0004326718175157,"Acot1",NA,NA
"Ulk3",96.6735655861847,-2.94576843718397,0.86284338344459,-4.88372561141674,1.04099913078962e-06,0.0004326718175157,"Ulk3",68482,"ULK3"
"Lnx1",105.842271279665,-2.81474218322779,0.862991829055374,-4.85890908126324,1.18034317429867e-06,0.00047095692654517,"Lnx1",7819,"LNX1"
"Lrrc48",99.7591073142587,2.62911486460806,0.862236202330827,4.83505499957179,1.33108827248755e-06,0.000514507213824952,"Lrrc48",NA,NA
"Spidr",182.308157744232,-3.42722566006257,0.854338331331583,-4.78815578063854,1.68320970360694e-06,0.000630897600724672,"Spidr",51693,"SPIDR"
"Tmem190",85.0256507382582,-2.8875441458297,0.862961809954423,-4.76558652667177,1.88305064330431e-06,0.000685042747265617,"Tmem190",44548,"TMEM190"
"Fpgt",136.007702027109,-3.43931965275274,0.855865556371419,-4.73457475687482,2.1951485212719e-06,0.000775765487417489,"Fpgt",2847,"FPGT"
"Scn5a",121.770313017147,-3.13819245891605,0.861318837237395,-4.70719559737897,2.51147905443619e-06,0.000862902345120033,"Scn5a",22738,"SCN5A"
"Arhgef9",87.9298930824126,-2.71808797313437,0.862790443710236,-4.67864132990056,2.88782088146978e-06,0.000939985696918413,"Arhgef9",9053,"ARHGEF9"
"Zfp449",89.8897755899377,-2.69820772503504,0.862706686515345,-4.67959144192243,2.87447137345718e-06,0.000939985696918413,"Zfp449",23700,"ZNF449"
"Ihh",527.733533286919,-3.55800315112542,0.830528647607006,-4.63902398085188,3.50058437072962e-06,0.00111022379696294,"Ihh",22586,"IHH"
"Mybpc2",149.730823797766,-3.45021740007063,0.850111929120076,-4.6321325172835,3.61918364633749e-06,0.00111914206303871,"Mybpc2",3331,"MYBPC2"
"Gpc4",210.255388454191,-3.53521101544565,0.778648201626408,-4.62090504219464,3.82069631924183e-06,0.00115263884811469,"Gpc4",55582,"GPC4"
"RGD1306739",78.7174281910447,-2.72520713962893,0.862831585274048,-4.6137824771142,3.95406247335296e-06,0.00116447139840245,"RGD1306739",NA,NA
"Tuba8",513.865999438102,-3.10314262585972,0.859220676649841,-4.56064176863598,5.09975181187274e-06,0.00146694953862916,"Tuba8",56766,"TUBA8"
"Ecm1",2389.5984544321,1.8874948601387,0.414879934264332,4.54948942681717,5.37762358238282e-06,0.00151172332023848,"Ecm1",3260,"ECM1"
"Qrich2",78.1038611610913,-2.53717289677344,0.861585852099712,-4.48473792812308,7.30036052328118e-06,0.00200662576249922,"Qrich2",12951,"QRICH2"
"LOC102553290",25236.9100195506,2.6514182088115,0.59432131584553,4.46565431570621,7.98244104956147e-06,0.00214640898569621,"LOC102553290",NA,NA
"LOC100910848",78.4985888547683,-2.46426399130735,0.860737322442617,-4.4381026255653,9.075534810231e-06,0.00238841042697335,"LOC100910848",NA,NA
"Sirt3",323.386960631056,-2.79084512494325,0.634452297762787,-4.40235422320548,1.07082537962648e-05,0.00275938315012499,"Sirt3",81827,"SIRT3"
"LOC100912031",185.628407254451,-3.0534328209099,0.859895416004165,-4.37523779775639,1.21300169646594e-05,0.0030619628537933,"LOC100912031",NA,NA
"Amer1",91.6337579652663,-2.22189562661952,0.856130561192172,-4.3580394325076,1.31232743201931e-05,0.00324643560132936,"Amer1",51852,"AMER1"
"Aim1l",681.441064246669,3.36466306493007,0.825886069498532,4.33102291853026,1.48418231019902e-05,0.00359957862644152,"Aim1l",NA,NA
"Snx31",302.069012718105,-3.34339409965127,0.794525776597562,-4.31899298833882,1.56742761283467e-05,0.00372836771983693,"Snx31",23551,"SNX31"
"Ago1",768.429498112716,2.38002881856815,0.553045099375001,4.30452295853626,1.67345938279485e-05,0.00390547530297915,"Ago1",81826,"AGO1"
"Sema4f",114.790736817525,-1.96933939319462,0.847866820058986,-4.29079944513294,1.78031044940637e-05,0.00406499992188919,"Sema4f",3147,"SEMA4F"
"Zfp879",83.5628213989283,-2.79051035109754,0.862945812218537,-4.28742740411313,1.80754301644357e-05,0.00406499992188919,"Zfp879",45452,"ZNF879"
"Tmtc2",78.1980155222859,-2.2487598887581,0.856850661387101,-4.28239047312693,1.84896149500545e-05,0.00408389370209329,"Tmtc2",25521,"TMTC2"
"Fam64a",68.5619156577252,-2.32761172082895,0.858596099588027,-4.26006019081769,2.04371859252529e-05,0.00435840608119746,"Fam64a",NA,NA
"Tasp1",92.425826197558,-3.3565660428367,0.837593856255608,-4.26031606951373,2.04138015983025e-05,0.00435840608119746,"Tasp1",9795,"TASP1"
"Lpar2",73.3633056129549,-2.24919729252851,0.856893282405671,-4.24436661595307,2.19211711332022e-05,0.00459564348723014,"Lpar2",3465,"LPAR2"
"Enpp4",569.768807055592,-3.29114401169568,0.829473845092927,-4.22848466861235,2.35270545115952e-05,0.00485010228756536,"Enpp4",28264,"ENPP4"
"Tlr4",68.8982651493521,-2.26817082435639,0.85735948136693,-4.22038380607205,2.43886737863936e-05,0.00494530337809677,"Tlr4",41317,"TLR4"
"Wasf1",78.2967009695307,1.95294449809137,0.847176185735206,4.17868368375808,2.93201141401768e-05,0.00584936277096527,"Wasf1",2920,"WASF1"
"Nup188",795.639398714001,2.26318942111074,0.544952495468145,4.15369188653582,3.27153624322569e-05,0.00642311615753311,"Nup188",45683,"NUP188"
"Tcf23",78.0828275567083,-2.01297756262062,0.849742927144649,-4.10104176165599,4.11294317284786e-05,0.00794890532889924,"Tcf23",76449,"TCF23"
"Dclre1a",259.776677608397,-2.6878244146367,0.6569855238389,-4.09354006484445,4.24836627317011e-05,0.00808431422043709,"Dclre1a",8920,"DCLRE1A"
"Ttk",69.6263366769975,1.92765659131294,0.846135963066066,4.08951443280314,4.32277171294719e-05,0.00810126716930966,"Ttk",2489,"TTK"
"Spata13",120.302136384402,-3.01365034101749,0.856953002579793,-4.07866222402946,4.52955905842036e-05,0.00836210686471663,"Spata13",19482,"SPATA13"
"Krtdap-2",490.296957482843,2.66930577064033,0.862945711915315,4.05647799769246,4.98182530938232e-05,0.00906179371349264,"Krtdap-2",NA,NA
"Tmem119",60.7351091359993,2.53041431094381,0.862026069044095,4.04419007779874,5.25043108277869e-05,0.00941196841491154,"Tmem119",17145,"TMEM119"
"Piwil4",66.4260587709616,-2.04904306010592,0.851146346980594,-4.03499840968495,5.46026674073744e-05,0.00964829133088306,"Piwil4",45122,"PIWIL4"
"Afap1l2",611.772682162133,2.30418798483577,0.576500893250024,3.99819077825505,6.38284970013927e-05,0.0109307208272088,"Afap1l2",13057,"AFAP1L2"
"Ptpn7",125.520091394521,2.60071834839735,0.862951905619481,3.99589561146944,6.44501306041219e-05,0.0109307208272088,"Ptpn7",15411,"PTPN7"
"Tspan7",1478.84959653339,-2.38798718234944,0.598083959311401,-3.99567020041852,6.45114900465877e-05,0.0109307208272088,"Tspan7",20967,"TSPAN7"
"Serpinb10",2017.94803914696,2.76627260623063,0.695996756741854,3.99091763180362,6.58181380413999e-05,0.0110014128301902,"Serpinb10",68430,"SERPINB10"
"Fam102b",499.958978756252,2.37815580861982,0.599693879881261,3.96758032207332,7.2606045241919e-05,0.0116749068446196,"Fam102b",NA,NA
"Galns",74.9754517729291,-1.8779264192384,0.844028867345823,-3.96734055695084,7.26791031640155e-05,0.0116749068446196,"Galns",55468,"GALNS"
"Mx2",117.721114969734,-2.43101803805642,0.861473167981494,-3.97054145879093,7.1709475897426e-05,0.0116749068446196,"Mx2",1844,"MX1"
"Sh3d19",1259.63951175523,1.84226395403246,0.467087506648365,3.94418606298896,8.00714726576926e-05,0.0126974877602949,"Sh3d19",19064,"SH3D19"
"Fmn1",79.5260454851594,3.0929909265907,0.843905400564582,3.93227594640829,8.41453944935501e-05,0.013009929806134,"Fmn1",121778,"FMN1"
"Slc22a5",912.534962647354,-3.03055487363815,0.846648203081943,-3.93515371386581,8.31434650910614e-05,0.013009929806134,"Slc22a5",68295,"SLC22A5"
"Gfra3",60.5250637826367,-1.97100469930018,0.848256790568821,-3.92008661438907,8.85171497346359e-05,0.0133520564032648,"Gfra3",1146,"GFRA3"
"Hsd17b2",190.987691800542,-2.6558992626934,0.862868001212003,-3.92099136673142,8.81854226224744e-05,0.0133520564032648,"Hsd17b2",99709,"HSD17B2"
"LOC680835",88.0734077889154,-3.09617406013203,0.837991228744009,-3.89849041400587,9.67942318642613e-05,0.0144246729389042,"LOC680835",NA,NA
"Gfpt2",90.1115520185472,-2.6126023883395,0.862963611967845,-3.88832352033633,0.000100939024343172,0.0148632713345321,"Gfpt2",68439,"GFPT2"
"Mzf1",90.7864872192325,-2.38277563639311,0.860509364888152,-3.87146935119539,0.000108181261317069,0.0157422826027156,"Mzf1",9633,"MZF1"
"LOC102548231",73.0952218357524,-1.75133626761379,0.837332910646282,-3.84441544095486,0.000120840142812563,0.0173799037959139,"LOC102548231",NA,NA
"Plcl1",52.5960436348526,-3.0747901734776,0.845179282136182,-3.83246254273359,0.000126866920642535,0.0180369763382473,"Plcl1",38155,"PLCL1"
"Bend3",121.183288264976,2.89841491801449,0.777056305229347,3.77463571247634,0.00016024165447384,0.0225230570930332,"Bend3",19511,"BEND3"
"Aldh1a3",86.8046295168554,-2.59258218230451,0.863003510100308,-3.76285734250904,0.000167983033554899,0.023086468244895,"Aldh1a3",68080,"ALDH1A3"
"Camta2",426.736920711618,-2.30313760787433,0.612084725968799,-3.76451462088524,0.000166872904723375,0.023086468244895,"Camta2",9021,"CAMTA2"
"Hoxd12",57.8469852679554,-1.78026811181593,0.839133417645254,-3.73876739389178,0.000184924730726902,0.0249795073642777,"Hoxd12",7369,"HOXD12"
"Krt14",34244.1831941914,2.78020516749041,0.751065816367512,3.73758495582136,0.000185796319630815,0.0249795073642777,"Krt14",110439,"KRT14"
"Fut4",322.141347400304,-2.91215933715648,0.800715076855937,-3.72238556919221,0.000197349355673723,0.0259682359609392,"Fut4",1538,"FUT4"
"Sphk1",550.965076051521,2.00603887014094,0.538647706433397,3.72437000901302,0.000195803571055407,0.0259682359609392,"Sphk1",39748,"SPHK1"
"LOC102555635",93.1450457046996,-2.74368924559017,0.860556283956674,-3.71302515567364,0.000204796522145855,0.0265080665482781,"LOC102555635",NA,NA
"Xrcc4",93.1803006623826,-2.95356926630637,0.833113694619078,-3.71186454550047,0.000205738086234513,0.0265080665482781,"Xrcc4",2555,"XRCC4"
"Krt10",986.831112381377,2.89436919819979,0.798925800513379,3.70905701067126,0.000208032587118244,0.0265273718563459,"Krt10",NA,NA
"Lrrc61",62.219152147082,-2.52459764429681,0.862667579690407,-3.70596851883628,0.000210584457144762,0.0265787668410567,"Lrrc61",41538,"LRRC61"
"Inpp4b",62.2907220803894,-2.16631345295862,0.856194903376054,-3.69680506206556,0.000218329862097399,0.0272780006493205,"Inpp4b",20832,"INPP4B"
"Dsp",8355.76008059783,1.6820529384186,0.459689078434926,3.65929999509695,0.000252905138485233,0.0312818365792384,"Dsp",37922,"DSP"
"Myrfl",56.3287806785946,-2.47009517039597,0.862179854313822,-3.64723327253074,0.000265079250640333,0.0324630222888146,"Myrfl",88588,"MYRFL"
"Nfil3",159.06418266931,-2.73529554130638,0.859316565810986,-3.64332629386722,0.000269137305449837,0.0326368561873434,"Nfil3",3928,"NFIL3"
"LOC100911410",47.7171884377261,-1.78194394004668,0.839371314077489,-3.63311739898979,0.000280017535104018,0.0336265717640932,"LOC100911410",NA,NA
"LOC100361830",50.4631486261551,-1.73112323736929,0.836364877260135,-3.62145386712477,0.000292952050397829,0.0348415760708726,"LOC100361830",NA,NA
"Vps8",367.591199485666,-2.52574456230777,0.700149260158745,-3.61658198342863,0.000298518799150464,0.0351655145399246,"Vps8",44592,"VPS8"
"Wdr24",210.713723356869,-2.83793760769093,0.807058489786396,-3.60443072862031,0.000312837870915587,0.0365046379750462,"Wdr24",6870,"WDR24"
"LOC102546781",48.2666381972421,-1.72526718195834,0.836042372473109,-3.59203726217855,0.000328102920543553,0.0379280843383477,"LOC102546781",NA,NA
"Pid1",50.3578584532905,-1.69133798749702,0.833873778445452,-3.58638332191386,0.000335295984245813,0.0384007039734857,"Pid1",NA,NA
"Agrn",2012.6814518145,2.20960068669757,0.618083416139243,3.57808626613936,0.000346119222707899,0.0392765932630642,"Agrn",27907,"AGRN"
"LOC102553726",1232.5134905745,2.77708309957679,0.842970969690156,3.51386073059679,0.000441644299195571,0.0496608939704547,"LOC102553726",NA,NA
