TERM_ID,Count,M,N,n,pvalue,geneID,p.adjust,PATH_NAME
5144,8,49,31072,534,1.75355196247898e-06,COMP/CSF3/ICAM1/IL6/SDC2/SELE/TGFB2/THBS4,0.0001893836119477,Malaria
4010,15,251,31072,534,3.35606175372103e-05,CACNA1G/DUSP10/DUSP14/DUSP5/DUSP8/FGF9/GADD45A/GADD45B/IL1R1/JUND/MAP3K8/NFATC2/NR4A1/NTF3/TGFB2,0.0018122733470093,MAPK signaling pathway
4640,8,87,31072,534,0.0001284726719597,CSF3/EPO/IL1R1/IL6/ITGA1/ITGB3/KIT/MME,0.0046250161905509,Hematopoietic cell lineage
4350,7,82,31072,534,0.0005325254922861,BMP8B/COMP/ID4/INHBA/LEFTY2/TGFB2/THBS4,0.0143781882917254,TGF-beta signaling pathway
4060,12,238,31072,534,0.0009216271123279,CCR2/CCR5/CSF3/EPO/FLT1/IL1R1/IL2RB/IL6/INHBA/KIT/TGFB2/TNFRSF12A,0.0199071456262836,Cytokine-cytokine receptor interaction
4614,3,16,31072,534,0.0023924267500105,CPA3/CTSG/MME,0.0417961368714148,Renin-angiotensin system
5410,6,82,31072,534,0.0029136306715071,IL6/ITGA1/ITGA7/ITGB3/LMNA/TGFB2,0.0417961368714148,Hypertrophic cardiomyopathy
4512,6,83,31072,534,0.0030960101386233,COMP/ITGA1/ITGA7/ITGB3/SDC2/THBS4,0.0417961368714148,ECM-receptor interaction
4115,5,63,31072,534,0.0045598753200123,CDKN1A/CDKN2A/GADD45A/GADD45B/SERPINE1,0.0547185038401487,p53 signaling pathway
4380,7,123,31072,534,0.0054665658448267,FOSL1/FOSL2/IL1R1/ITGB3/JUND/NFATC2/TGFB2,0.0590389111241292,Osteoclast differentiation
5200,12,312,31072,534,0.0082266543059919,CDKN1A/CDKN2A/FGF9/FZD10/GLI1/IL6/KIT/PTGS2/RALGDS/SLC2A1/TGFB2/WNT2,0.080770787731557,
4144,8,175,31072,534,0.0110904107655938,CCR5/F2R/FLT1/IL2RB/KIT/LDLR/PSD/TGFB2,0.0998136968903446,
4340,4,54,31072,534,0.0138605935654489,BMP8B/GAS1/GLI1/WNT2,0.108545355423253,
4110,6,114,31072,534,0.0140706942215328,CDKN1A/CDKN2A/GADD45A/GADD45B/TGFB2/WEE1,0.108545355423253,Cell cycle
5143,3,32,31072,534,0.0173017100184137,ICAM1/IL6/SELE,0.124572312132579,
5414,5,89,31072,534,0.0187822131526258,ITGA1/ITGA7/ITGB3/LMNA/TGFB2,0.126779938780224,
4610,4,68,31072,534,0.0296405223948457,BDKRB2/F2R/SERPINE1/THBD,0.188304495214314,
5412,4,74,31072,534,0.0386942022719177,ITGA1/ITGA7/ITGB3/LMNA,0.232165213631506,
4012,4,81,31072,534,0.0510404514412752,ABL2/AREG/CDKN1A/HBEGF,0.290124671350406,
4810,7,198,31072,534,0.0558509559506977,BDKRB2/CYFIP2/F2R/FGF9/ITGA1/ITGA7/ITGB3,0.301595162133768,
5323,4,86,31072,534,0.0610280552631215,FLT1/ICAM1/IL6/TGFB2,0.308978409418628,
4514,5,124,31072,534,0.0632161099364433,ALCAM/CDH3/ICAM1/SDC2/SELE,0.308978409418628,
5217,3,54,31072,534,0.0658009575613745,FZD10/GLI1/WNT2,0.308978409418628,
4145,5,136,31072,534,0.0859930466042291,COLEC12/COMP/ITGB3/THBS4/TUBAL3,0.386968709719031,
5142,4,101,31072,534,0.0966022083567439,BDKRB2/IL6/SERPINE1/TGFB2,0.410460386375674,
5146,4,102,31072,534,0.0992580749185876,CTSG/IL1R1/IL6/TGFB2,0.410460386375674,
4510,6,186,31072,534,0.102615096593919,COMP/FLT1/ITGA1/ITGA7/ITGB3/THBS4,0.410460386375674,
4370,3,68,31072,534,0.112044856856831,NFATC2/PTGS2/SPHK1,0.417270501397852,
5212,3,68,31072,534,0.112044856856831,CDKN2A/RALGDS/TGFB2,0.417270501397852,
5220,3,70,31072,534,0.119452816647806,CDKN1A/CDKN2A/TGFB2,0.429293638282195,
5218,3,71,31072,534,0.123223173951371,CDKN1A/CDKN2A/FGF9,0.429293638282195,
5219,2,38,31072,534,0.138549427589803,CDKN1A/CDKN2A,0.467604318115584,
4080,7,255,31072,534,0.151622544369534,BDKRB2/CTSG/F2R/GLP2R/GRID1/GZMA/SSTR2,0.496219236118474,Neuroactive ligand-receptor interaction
4623,2,45,31072,534,0.180887921926405,IL6/RIPK1,0.574585163766229,
970,1,13,31072,534,0.201805182011725,PARS2,0.620137498261046,
533,1,14,31072,534,0.21552861266969,CHST6,0.620137498261046,
4620,3,94,31072,534,0.219612494387752,IL6/MAP3K8/RIPK1,0.620137498261046,
4630,4,141,31072,534,0.224794412086592,CSF3/EPO/IL2RB/IL6,0.620137498261046,
604,1,15,31072,534,0.229016529497379,ST6GALNAC5,0.620137498261046,
230,4,144,31072,534,0.235795295826297,ENTPD3/PDE3A/PDE5A/PDE8B,0.620137498261046,
4310,4,145,31072,534,0.239490716758455,FOSL1/FZD10/NFATC2/WNT2,0.620137498261046,
120,1,16,31072,534,0.242272966798097,CH25H,0.620137498261046,
4916,3,100,31072,534,0.246906596529861,FZD10/KIT/WNT2,0.620137498261046,
5210,2,61,31072,534,0.282174498182116,RALGDS/TGFB2,0.644606912338221,
5214,2,61,31072,534,0.282174498182116,CDKN1A/CDKN2A,0.644606912338221,
4977,1,20,31072,534,0.293062217110514,SLC19A2,0.644606912338221,
982,2,64,31072,534,0.301274473598682,FMO1/FMO2,0.644606912338221,
5211,2,64,31072,534,0.301274473598682,SLC2A1/TGFB2,0.644606912338221,
4920,2,66,31072,534,0.313961063262377,PPARGC1A/SLC2A1,0.644606912338221,
5140,2,66,31072,534,0.313961063262377,PTGS2/TGFB2,0.644606912338221,
4520,2,68,31072,534,0.326596060211245,SNAI1/SNAI2,0.644606912338221,
4976,2,68,31072,534,0.326596060211245,LDLR/SLC2A1,0.644606912338221,
4320,1,23,31072,534,0.328911289505267,ETS2,0.644606912338221,
5416,2,69,31072,534,0.332890678208168,ABL2/ICAM1,0.644606912338221,
4020,4,171,31072,534,0.338882281048273,BDKRB2/CACNA1G/F2R/SPHK1,0.644606912338221,
5160,3,121,31072,534,0.345042192677156,CDKN1A/LDLR/RIPK1,0.644606912338221,
5145,3,123,31072,534,0.354423992184446,CCR5/LDLR/TGFB2,0.644606912338221,
340,1,26,31072,534,0.362945673751443,HDC,0.644606912338221,
534,1,26,31072,534,0.362945673751443,HS3ST1,0.644606912338221,
4360,3,125,31072,534,0.36378869940676,EPHB3/NFATC2/RND1,0.644606912338221,
4974,2,74,31072,534,0.364083533820662,CPA3/MME,0.644606912338221,
600,1,28,31072,534,0.384672578242234,SPHK1,0.670074813712278,
4210,2,80,31072,534,0.400750374962266,IL1R1/RIPK1,0.684550948397756,
5310,1,30,31072,534,0.405659821272744,MS4A2,0.684550948397756,Asthma
3022,1,32,31072,534,0.425932537927404,TAF13,0.707703293787071,
5215,2,86,31072,534,0.436392916489794,CDKN1A/CREB5,0.714097499710572,
5020,1,34,31072,534,0.445515010704253,IL6,0.718143599344168,
5340,1,35,31072,534,0.45505476791425,IGLL1,0.722734043157927,
5332,1,39,31072,534,0.491603372086635,IL6,0.769466147613863,
5016,3,155,31072,534,0.499295821460756,CREB5/PPARGC1A/SOD2,0.770342124539452,
4962,1,44,31072,534,0.533867479303288,CREB5,0.780321228438161,
4660,2,104,31072,534,0.535815680254258,MAP3K8/NFATC2,0.780321228438161,
4621,1,45,31072,534,0.541889741970945,IL6,0.780321228438161,
4930,1,45,31072,534,0.541889741970945,CACNA1G,0.780321228438161,
5130,1,45,31072,534,0.541889741970945,TUBAL3,0.780321228438161,
140,1,46,31072,534,0.549774193506302,AKR1C1,0.781258064456324,
4672,1,48,31072,534,0.565139074876034,IL6,0.789720752370962,
830,1,50,31072,534,0.57998054649923,RDH10,0.789720752370962,
5150,1,50,31072,534,0.57998054649923,ICAM1,0.789720752370962,
5223,1,51,31072,534,0.58721058931302,CDKN2A,0.789720752370962,
590,1,52,31072,534,0.594316406188906,PTGS2,0.789720752370962,
5322,1,53,31072,534,0.601300127629754,CTSG,0.789720752370962,
4650,2,120,31072,534,0.613545309402972,ICAM1/NFATC2,0.789720752370962,
5221,1,55,31072,534,0.614909624485494,KIT,0.789720752370962,
4622,1,56,31072,534,0.621539481032701,RIPK1,0.789720752370962,
980,1,61,31072,534,0.653018371433016,AKR1C1,0.806138761453342,
5120,1,61,31072,534,0.653018371433016,HBEGF,0.806138761453342,
4910,2,130,31072,534,0.656853805628649,PDE3A/PPARGC1A,0.806138761453342,
4971,1,70,31072,534,0.703239808784265,SSTR2,0.839804433038494,
4662,1,71,31072,534,0.708351412619798,NFATC2,0.839804433038494,
4146,1,73,31072,534,0.718312477171042,SOD2,0.839804433038494,
4540,1,73,31072,534,0.718312477171042,TUBAL3,0.839804433038494,
4664,1,74,31072,534,0.723164928449814,MS4A2,0.839804433038494,
5222,1,83,31072,534,0.763249153134114,PTGS2,0.863197081173608,
4666,1,84,31072,534,0.767328825024991,SPHK1,0.863197081173608,
4914,1,84,31072,534,0.767328825024991,PDE3A,0.863197081173608,
240,1,86,31072,534,0.775278859942963,ENTPD3,0.863197081173608,
4972,1,91,31072,534,0.793987774204651,CPA3,0.872455333888744,
4062,2,174,31072,534,0.802825401934155,CCR2/CCR5,0.872455333888744,
4912,1,95,31072,534,0.807829012859948,HBEGF,0.872455333888744,
4270,1,106,31072,534,0.841290361166744,RAMP1,0.893675927067019,
4670,1,107,31072,534,0.844027264452185,ICAM1,0.893675927067019,
4142,1,114,31072,534,0.861910868590433,CTSG,0.902825857292552,
4722,1,120,31072,534,0.875601167914253,NTF3,0.902825857292552,
4120,1,121,31072,534,0.877747361256648,KLHL13,0.902825857292552,Ubiquitin mediated proteolysis
5010,1,141,31072,534,0.913693149688313,MME,0.925214315363668,
4141,1,143,31072,534,0.916647516147338,PPP1R15A,0.925214315363668,
1100,5,975,31072,534,0.999825747679519,HDC/PTGS2/RDH10/SPHK1/ST6GALNAC5,0.999825747679519,
