"Gene","Penney_p","Cartwright_p","HUNT_p","UKBiobank_p","n_cohorts_sig","min_p","logFC","AveExpr","t","P.Value","adj.P.Val","B","Testado_no_GSE53868","DEG_no_GSE53868_FDR05"
"SENP8","2.85E-01","7.34E-01","3.10E-02†","7.20E-04*",2,0.00072,-0.248130202499999,7.2432477405,-5.01302304675179,0.000177657619534104,0.0128476290402212,1.03005601426012,TRUE,FALSE
"SLC2A14","5.12E-01","8.43E-04*","4.49E-01","9.63E-02",1,0.000843,1.42588127525,10.662667468875,4.81299948669752,0.000259368634975062,0.014652913138082,0.671787037230005,TRUE,TRUE
"TNNT3","4.95E-01","6.21E-01","6.67E-06*","6.85E-01",1,6.67e-06,-0.515817317499999,6.96166619666667,-4.68637424986377,0.000330390633783717,0.0160655677197616,0.442337971168956,TRUE,TRUE
"NANOG","7.25E-01","9.64E-05*","3.55E-01","8.64E-02",1,9.64e-05,-0.526392121,8.36254929091667,-4.06608075653251,0.00110814821862794,0.0261049139114537,-0.706587193901959,TRUE,TRUE
"CSTF2T","6.43E-01","3.61E-01","8.59E-01","3.83E-04*",1,0.000383,-0.219693810083333,8.857678625625,-4.04193188929749,0.00116243117625538,0.0266758209073908,-0.751990258657456,TRUE,FALSE
"SUPT16H","5.34E-01","4.61E-04*","3.34E-04*","9.77E-01",2,0.000334,0.199342214083334,9.18973217895833,3.92403051992173,0.0014690424650718,0.0293543970898462,-0.974172313043751,TRUE,FALSE
"RNF168","1.35E-01","9.90E-04*","5.29E-01","7.25E-01",1,0.00099,0.163688296333333,7.32419687958333,3.90377270567859,0.00152948172411999,0.0298143388531094,-1.01242421645335,TRUE,FALSE
"DQX1","2.19E-05*","2.96E-01","4.44E-01","4.22E-01",1,2.19e-05,0.153012901833334,6.00979205441667,3.84281851373532,0.00172701977298838,0.0315408155856162,-1.12763629240187,TRUE,FALSE
"RNF4","4.86E-04*","8.67E-01","1.80E-01","6.90E-01",1,0.000486,-0.176154960833333,10.6949299129167,-3.82537138853205,0.00178819371401049,0.0318959558448529,-1.16064271274076,TRUE,FALSE
"XKR4","3.51E-01","2.34E-04*","3.53E-01","8.52E-01",1,0.000234,0.544340729666668,8.7423867425,3.71765531493489,0.00221769404711408,0.0358261364713354,-1.36464766113722,TRUE,TRUE
"CDCA4","7.92E-02","6.71E-01","2.56E-02†","1.60E-04*",2,0.00016,-0.150004361,6.84631482108333,-3.71233925563616,0.00224141249707505,0.0360109457647962,-1.37472414146466,TRUE,FALSE
"DFFB","5.22E-01","1.77E-01","4.68E-04*","5.57E-01",1,0.000468,-0.174199592909091,6.81795742418182,-3.68010118777377,0.00267212568792141,0.0392361988776961,-1.4914631796116,TRUE,FALSE
"AQR","3.37E-04*","2.69E-01","6.92E-01","7.16E-01",1,0.000337,-0.132573447749999,9.74213645270833,-3.60927141497206,0.00275547442839653,0.0397328669778264,-1.57018250698467,TRUE,FALSE
"PDE8B","9.11E-01","2.11E-01","6.29E-01","5.98E-04*",1,0.000598,-0.576920024999999,11.793890035,-3.58854761574594,0.00287241509979154,0.0406181232717079,-1.60949660929322,TRUE,TRUE
"DDX28","2.55E-01","1.05E-01","3.45E-01","5.96E-04*",1,0.000596,-0.234351396666666,10.8302602433333,-3.44380756194287,0.00384104396400415,0.0475592966239477,-1.88402633104707,TRUE,FALSE
"TTC31","5.08E-06*","3.45E-01","6.34E-01","8.25E-01",1,5.08e-06,-0.114874427416666,7.78560143129167,-3.33777661178878,0.00475310969545935,0.0528386808468807,-2.08487101028744,TRUE,FALSE
"GTF2IRD2","6.65E-04*","1.32E-02†","9.82E-02","9.12E-01",2,0.000665,-0.184748043166666,8.83109283841667,-3.31679339106123,0.00495780714172159,0.0540333158567427,-2.12456877550528,TRUE,FALSE
"HEATR1","5.25E-04*","1.27E-01","1.52E-01","3.86E-01",1,0.000525,-0.126268227,9.16623645166667,-3.30470764229185,0.00507967854098607,0.0548809664544479,-2.14742446207879,TRUE,FALSE
"PPP2R5A","8.40E-04*","7.55E-01","3.62E-01","3.74E-01",1,0.00084,0.153580650833334,10.8877401079167,3.21949457504738,0.00602804752097151,0.0605915692434394,-2.30835111949464,TRUE,FALSE
"LSP1","3.28E-01","7.37E-01","8.32E-05*","4.08E-01",1,8.32e-05,-0.233394264999999,11.2463251383333,-3.21290435342396,0.00610834876222464,0.0608939506939069,-2.32077852777288,TRUE,FALSE
"MAP4K4","6.86E-04*","8.83E-01","3.45E-01","4.04E-01",1,0.000686,0.222813738416667,9.09911022545833,3.20870997297625,0.00616001005421396,0.0611904835052865,-2.32868649088799,TRUE,FALSE
"KLF3","6.44E-01","5.53E-01","3.94E-03†","2.33E-05*",2,2.33e-05,0.140069306583334,7.354534727375,3.14759355722784,0.00696392709816275,0.0657899491620897,-2.44376875083782,TRUE,FALSE
"SMURF1","2.63E-01","1.82E-01","3.93E-04*","6.77E-01",1,0.000393,0.197445706250002,7.16685620529167,3.11628355108525,0.00741526373404402,0.0680871970284325,-2.50261028249681,TRUE,FALSE
"RASGEF1C","4.02E-01","3.44E-02†","5.40E-01","1.70E-05*",2,1.7e-05,0.179376539583333,6.28002241995833,3.06031139701455,0.00829543982804156,0.0726247957202615,-2.60757819188869,TRUE,FALSE
"IMP3","9.07E-01","4.40E-01","8.79E-01","4.07E-04*",1,0.000407,-0.153653507499999,11.3454578629167,-2.90534212357107,0.0113066119894965,0.0862094449549066,-2.89640624294381,TRUE,FALSE
"SLC4A5","3.56E-05*","6.25E-01","6.37E-01","8.12E-01",1,3.56e-05,-0.16224055425,6.843966247625,-2.78265349103154,0.0144299307549665,0.0993107929014338,-3.12272639541604,TRUE,FALSE
"WDR12","2.58E-01","8.19E-01","5.64E-01","9.24E-06*",1,9.24e-06,-0.138010693666666,9.28051127783333,-2.63928427180786,0.0191517857130317,0.116363174765735,-3.38385263269975,TRUE,FALSE
"ATXN3","6.50E-04*","3.02E-01","6.16E-01","3.63E-03†",2,0.00065,0.108458587083334,8.72980897129167,2.61759717160199,0.0199853608513709,0.11913307522082,-3.42298983448554,TRUE,FALSE
"DPEP3","2.52E-01","4.58E-01","4.24E-01","8.01E-04*",1,0.000801,0.176222795000001,10.806005775,2.54789393380496,0.0229080275878074,0.128506631740089,-3.54805833756634,TRUE,FALSE
"LAPTM4A","4.61E-04*","7.31E-01","5.76E-01","1.49E-01",1,0.000461,-0.136641788333331,15.77430567,-2.51818379825033,0.0242749255038236,0.133025357855709,-3.60101489990207,TRUE,FALSE
"SLC12A4","3.62E-01","2.69E-01","2.57E-01","5.94E-04*",1,0.000594,0.196114164750001,9.93935637029167,2.4971520156838,0.0252894434062096,0.136169312477618,-3.63836875840198,TRUE,FALSE
"TANC2","2.09E-01","1.10E-01","3.96E-01","1.75E-04*",1,0.000175,0.124112115833334,6.46023860083333,2.48980211191178,0.025653457149163,0.137246742255258,-3.65139583213771,TRUE,FALSE
"DDX20","6.88E-01","8.90E-02","7.07E-04*","7.57E-01",1,0.000707,-0.184658325083333,9.90025735595833,-2.46910665329852,0.0267055307172694,0.140738509234565,-3.688000519628,TRUE,FALSE
"TLX2","1.51E-05*","2.77E-01","7.03E-01","3.83E-01",1,1.51e-05,0.0738802740000005,7.26920261,2.45910711022954,0.0272285115404968,0.14249455857784,-3.70564606707484,TRUE,FALSE
"CCDC102B","2.05E-01","5.99E-04*","5.01E-01","8.74E-01",1,0.000599,0.230484170750001,8.52932210329167,2.44574008274025,0.0279428893795675,0.144696980862296,-3.72919157671512,TRUE,FALSE
"ZNF578","5.79E-04*","1.04E-01","7.18E-01","3.66E-01",1,0.000579,-0.138888662,7.6763401105,-2.44422462058371,0.0280249991942315,0.144890644752606,-3.73185791172204,TRUE,FALSE
"ITGA2","6.13E-04*","8.62E-02","2.09E-02†","5.60E-01",2,0.000613,0.18024900075,6.44427219304167,2.43979901879385,0.0282661024731078,0.145706669123223,-3.73964077107682,TRUE,FALSE
"ACTN3","4.63E-02†","5.42E-01","7.25E-01","9.93E-04*",2,0.000993,0.29239172625,7.87827933995833,2.43726148526488,0.0284052352889191,0.146075401323591,-3.74410082448189,TRUE,FALSE
"DOK1","1.06E-04*","1.12E-01","6.03E-01","6.98E-01",1,0.000106,-0.119970601666666,10.4047358725,-2.41297722954731,0.0297701257747484,0.150262167971289,-3.7866921705241,TRUE,FALSE
"LPIN3","8.03E-05*","1.39E-01","4.25E-01","6.89E-01",1,8.03e-05,0.118794884583334,6.41999056654167,2.23012799444863,0.042230629039936,0.183677226417818,-4.10161713623383,TRUE,FALSE
"PSMB10","4.11E-01","3.13E-01","4.19E-01","8.89E-04*",1,0.000889,-0.0899422491666652,12.4948166054167,-2.1935633087082,0.0452494049224585,0.191525610918217,-4.16325788151458,TRUE,FALSE
"MAPK9","4.14E-01","3.70E-02†","6.09E-01","8.23E-06*",2,8.23e-06,0.127326825833334,8.73584700791667,2.18795447926759,0.0457299008645274,0.192640927286144,-4.17267070851101,TRUE,FALSE
"PRB1","2.88E-01","7.40E-03†","8.49E-01","4.67E-04*",2,0.000467,0.0818651706666673,5.40325894625,2.11465778020274,0.0524611030589999,0.209493817536209,-4.29459754922578,TRUE,FALSE
"BBS1","2.09E-01","6.40E-01","7.95E-01","7.32E-04*",1,0.000732,-0.139769361,9.57981875375,-2.07282410209901,0.0567027903195137,0.219948351061324,-4.36325050596585,TRUE,FALSE
"NFATC3","4.04E-01","6.26E-01","4.10E-01","1.58E-04*",1,0.000158,-0.0942621231666653,9.244180324,-2.04130315015392,0.0601050150651099,0.227311134905637,-4.41450866933594,TRUE,FALSE
"KRT18","2.38E-01","8.52E-01","3.48E-02†","1.57E-04*",2,0.000157,0.357415332583334,9.90718136420833,2.03201553544005,0.0611426371820111,0.229641487068711,-4.42953269757466,TRUE,FALSE
"AUP1","2.90E-05*","3.91E-01","1.55E-01","2.13E-02†",2,2.9e-05,0.0816997400000009,11.0977525633333,2.01187371902005,0.0634494998608053,0.234405740840432,-4.46198885853977,TRUE,FALSE
"MRPL23","6.52E-01","4.06E-01","2.52E-05*","9.34E-01",1,2.52e-05,0.0914439108333341,10.98424986375,1.93992027785609,0.0723538931236319,0.254060364689512,-4.57648067145194,TRUE,FALSE
"CYP20A1","6.90E-01","8.01E-01","3.36E-01","8.41E-05*",1,8.41e-05,0.110959301083334,8.616843124375,1.93688488448738,0.0727533337593789,0.254743248430406,-4.58125926442462,TRUE,FALSE
"LOXL3","4.25E-05*","9.65E-02","7.42E-01","7.07E-01",1,4.25e-05,0.102588082666666,10.07568046,1.91717396550394,0.0753960989177407,0.259753253021683,-4.61218616136159,TRUE,FALSE
"TNNI2","2.49E-01","4.90E-01","9.08E-04*","2.45E-01",1,0.000908,-0.192714828,6.48556925866667,-1.90103431472972,0.0776242732627693,0.263975201797173,-4.63737417925595,TRUE,FALSE
"SELPLG","3.08E-03†","3.73E-04*","2.12E-01","2.15E-01",2,0.000373,-0.0983737715833335,8.82384134570833,-1.88480698536338,0.0799242053642614,0.268284505419851,-4.66257425156173,TRUE,FALSE
"TRRAP","1.20E-01","4.84E-01","4.97E-04*","8.04E-01",1,0.000497,-0.0992966242499981,9.10095581179167,-1.88431043370116,0.0799955393637291,0.268407575977482,-4.6633433757009,TRUE,FALSE
"PCOLCE2","8.83E-04*","9.14E-01","8.63E-02","4.52E-03†",2,0.000883,0.371148923333333,14.3152645566667,1.80577079112028,0.0920235219751073,0.290703016959184,-4.78346830996856,TRUE,FALSE
"FLNC","1.77E-01","6.49E-04*","4.99E-01","4.56E-01",1,0.000649,0.478796345750001,10.2326145882083,1.77457545603012,0.0972312573689297,0.299201244478526,-4.83031337748208,TRUE,FALSE
"EMILIN3","9.50E-05*","1.43E-01","4.00E-01","5.25E-01",1,9.5e-05,-0.136830216916665,7.623758493875,-1.73921840003742,0.103447442124129,0.309424730536639,-4.88278860594098,TRUE,FALSE
"DPP3","1.77E-01","5.72E-01","6.61E-01","7.09E-04*",1,0.000709,0.119571553916667,8.78247418545833,1.71996664868589,0.106977089001371,0.315788724059529,-4.91107829741184,TRUE,FALSE
"MYO9A","3.21E-01","6.07E-01","5.86E-02","5.93E-04*",1,0.000593,-0.075675513333333,11.3417635091667,-1.70379321247538,0.110023536929068,0.321224366057742,-4.93468763888699,TRUE,FALSE
"PCGF1","8.01E-06*","3.33E-01","5.54E-01","3.35E-01",1,8.01e-06,-0.111052216749999,9.27180737945833,-1.69671474552531,0.111380545408015,0.323305360302844,-4.94497496047794,TRUE,FALSE
"CORO1C","5.73E-02","3.50E-04*","4.37E-01","5.39E-01",1,0.00035,0.197328754166668,11.1332954404167,1.66336034317078,0.117973239937061,0.33380858426962,-4.99307140285831,TRUE,FALSE
"OSTF1","8.26E-04*","1.26E-01","8.34E-01","7.08E-01",1,0.000826,0.120329812166668,10.36178424975,1.62459324079679,0.126059072415955,0.346322502043195,-5.04817327576539,TRUE,FALSE
"KCNJ6","3.02E-01","1.29E-03†","2.00E-04*","8.72E-02",2,2e-04,0.0822500925000006,5.28949085425,1.60722793135013,0.129833377681762,0.352084369988453,-5.07257084531201,TRUE,FALSE
"EPB41L5","7.45E-01","5.26E-01","5.90E-02","1.74E-04*",1,0.000174,-0.095732845583333,7.503093112125,-1.59068322706293,0.133519242044293,0.357543011372196,-5.09564882859721,TRUE,FALSE
"PAQR9","5.49E-04*","6.67E-01","3.56E-01","1.03E-03†",2,0.000549,0.219722129916667,5.68797296929167,1.59037154611804,0.133589530849375,0.357543011372196,-5.09608201501601,TRUE,FALSE
"SAA2","7.24E-01","2.15E-01","8.90E-01","6.75E-04*",1,0.000675,-0.1193319235,5.81526020358333,-1.56941117421936,0.138389630384231,0.364441274285857,-5.12507890507017,TRUE,FALSE
"WDR54","5.62E-07*","1.89E-01","3.01E-01","5.19E-01",1,5.62e-07,-0.0851881959166664,9.39921481404167,-1.46666378342331,0.1640924685452,0.399276151786718,-5.26327437596524,TRUE,FALSE
"GPR132","2.63E-01","4.26E-01","1.36E-02†","3.39E-04*",2,0.000339,-0.05756175925,6.376312866625,-1.42080591965813,0.17679091222597,0.416651012612644,-5.32275816338881,TRUE,FALSE
"NDUFB1","1.92E-04*","9.37E-02","5.86E-01","1.15E-02†",2,0.000192,0.0606557050000005,13.48924559,1.40573369340147,0.181137747029821,0.42216562224052,-5.34200277843035,TRUE,FALSE
"RAPH1","1.94E-01","6.84E-01","2.97E-01","2.66E-04*",1,0.000266,0.150746604416668,9.84851759020833,1.38564932287682,0.187066163558418,0.42998371312969,-5.36740780426931,TRUE,FALSE
"HTRA2","3.08E-05*","3.94E-01","8.46E-02","1.69E-01",1,3.08e-05,0.0639295824999992,10.34207216875,1.34740882991124,0.198791753688527,0.444890332080806,-5.41501204311829,TRUE,FALSE
"ACSL6","2.23E-01","6.88E-01","9.42E-04*","4.29E-02†",2,0.000942,0.0519092037499999,5.645395115375,1.34580664868376,0.199295746111341,0.445601023470647,-5.41698433864036,TRUE,FALSE
"ETNK1","3.31E-01","1.83E-01","8.12E-01","8.67E-04*",1,0.000867,-0.0553516412499993,7.82766128520833,-1.31268950030059,0.209946352164859,0.459171750156015,-5.45734619013067,TRUE,FALSE
"HABP2","6.03E-01","6.28E-04*","5.25E-01","3.12E-01",1,0.000628,0.0765332448333342,5.33395465525,1.25567227913679,0.229346290605711,0.482513910332497,-5.52499218941819,TRUE,FALSE
"TAS2R50","7.76E-01","2.53E-04*","6.03E-01","2.84E-01",1,0.000253,0.0771071429166675,6.051202805625,1.24887778238932,0.231749597264913,0.485073997050548,-5.53289488168954,TRUE,FALSE
"LBX2","7.05E-06*","3.33E-01","6.34E-01","4.88E-01",1,7.05e-06,0.0806327008333341,6.18685481783333,1.23111512768238,0.23812601013737,0.492537257737242,-5.5533929567444,TRUE,FALSE
"PRB2","2.41E-01","1.93E-02†","7.90E-01","8.84E-04*",2,0.000884,-0.0684473368333323,5.20127612933333,-1.21159700279868,0.245289852854363,0.500534990995649,-5.57564499043959,TRUE,FALSE
"BCL9L","7.95E-04*","8.04E-01","7.94E-02","4.64E-02†",2,0.000795,-0.0591622566666675,8.740936609,-1.21020626861548,0.245806628435961,0.501227428715198,-5.57721958772787,TRUE,FALSE
"ABI2","5.59E-01","4.79E-01","1.55E-01","2.55E-04*",1,0.000255,-0.0428200010833327,9.851548703375,-1.20283883585381,0.248558360543477,0.504158585991705,-5.5855366488161,TRUE,FALSE
"THBS2","5.34E-04*","8.51E-01","2.65E-01","5.83E-01",1,0.000534,0.185220685000002,12.2878548983333,1.20290276233545,0.248534381818821,0.504158585991705,-5.58546465923973,TRUE,FALSE
"ENPP6","8.88E-02","2.83E-04*","5.25E-01","6.42E-01",1,0.000283,-0.14921336325,6.03825467720833,-1.2023149739471,0.248754927838978,0.504400299876453,-5.586126469097,TRUE,FALSE
"DCTN1","9.11E-06*","4.64E-01","6.42E-01","8.76E-01",1,9.11e-06,0.060968147166667,9.9699156015,1.11124765066324,0.284779933973908,0.543330597349704,-5.68544892068802,TRUE,FALSE
"GRIK4","8.33E-03†","7.40E-02","8.95E-01","8.37E-04*",2,0.000837,0.103106100333334,5.40376430041667,1.09592480569412,0.291209125802036,0.549957451949242,-5.70152206008595,TRUE,FALSE
"ANXA4","9.59E-04*","3.22E-01","9.13E-01","9.99E-03†",2,0.000959,0.0680273500000012,12.0668185375,1.03192966559148,0.319227164374391,0.579077964355249,-5.76660773050493,TRUE,FALSE
"RPL3","8.27E-04*","9.72E-02","1.11E-01","1.33E-01",1,0.000827,-0.0382771524999971,16.1981227779167,-1.01315915911748,0.327805232517614,0.587335035450773,-5.7850634368733,TRUE,FALSE
"CDH7","7.92E-04*","9.20E-02","7.96E-01","5.40E-01",1,0.000792,0.0486507394166674,6.07682147845833,0.98384114343398,0.341532574045091,0.600265017899465,-5.81330423181969,TRUE,FALSE
"RETN","5.91E-01","1.00E-01","1.37E-01","5.63E-04*",1,0.000563,-0.0523473842499993,5.939844267875,-0.964520525301951,0.350798894057671,0.609553815626512,-5.83152091404643,TRUE,FALSE
"RASSF5","5.50E-01","2.54E-01","3.41E-02†","9.81E-04*",2,0.000981,-0.0497381587499997,7.244489748125,-0.954755849523676,0.355548707066746,0.614133558210034,-5.84060759289271,TRUE,FALSE
"WBP1","4.04E-06*","3.82E-01","5.77E-01","1.75E-02†",2,4.04e-06,-0.040980135833332,11.5365076720833,-0.952620051048274,0.356593583199196,0.615266928198117,-5.8425843037179,TRUE,FALSE
"FBP2","1.86E-01","7.06E-01","4.06E-02†","4.11E-04*",2,0.000411,-0.0758564969999996,5.36962365883333,-0.91401842090988,0.375847383746618,0.632549962131144,-5.87763840828636,TRUE,FALSE
"CARF","2.68E-01","9.21E-01","4.68E-01","1.12E-06*",1,1.12e-06,-0.0592682470833318,9.382867008875,-0.911091611527498,0.377335749130104,0.633829408420942,-5.88024397873883,TRUE,FALSE
"RBM15","3.83E-01","7.14E-01","9.07E-04*","3.55E-01",1,0.000907,-0.0499014204166657,7.506476292375,-0.883433898475913,0.391598786860316,0.645863280518832,-5.9044990280792,TRUE,FALSE
"RTKN","3.99E-07*","2.10E-01","5.06E-01","7.41E-01",1,3.99e-07,0.0361274385000011,8.62508312275,0.883514230331072,0.391556840949695,0.645863280518832,-5.90442954424703,TRUE,FALSE
"FCER2","2.43E-01","5.13E-01","4.42E-01","2.62E-04*",1,0.000262,-0.0532027769999992,5.56389130958333,-0.880861008348546,0.392943838988938,0.646863627288174,-5.90672148984167,TRUE,FALSE
"MAPK10","9.31E-01","7.34E-04*","8.25E-01","5.31E-01",1,0.000734,-0.0749614089999981,9.60406394291667,-0.859679869946559,0.404134488674124,0.656623448655218,-5.92479708657593,TRUE,FALSE
"GABRG3","2.26E-01","6.48E-01","2.77E-04*","3.14E-01",1,0.000277,0.0472254973333341,5.29449901558333,0.821625661698485,0.424764735494076,0.675628594945684,-5.95627566734162,TRUE,FALSE
"TAS2R41","3.20E-01","3.12E-01","1.18E-01","3.17E-04*",1,0.000317,-0.0525442272500005,5.33669267120833,-0.811597861032588,0.430312835253164,0.6799227265185,-5.96435583213858,TRUE,FALSE
"DPEP2","2.94E-01","4.84E-01","2.39E-01","6.55E-04*",1,0.000655,0.0755557942500007,7.423147239125,0.790608403407103,0.442075665893424,0.689430046973066,-5.98097615065207,TRUE,FALSE
"MCEMP1","3.14E-01","6.36E-01","4.43E-01","1.52E-04*",1,0.000152,0.0935907505833342,6.04740150220833,0.777926346631289,0.44928079148435,0.694944880177307,-5.99082551437867,TRUE,FALSE
"PDZD3","3.98E-01","4.74E-02†","1.61E-04*","5.08E-02",2,0.000161,-0.0397447759999993,5.52826079408333,-0.747368553940677,0.466942267398479,0.708474933334499,-6.01395693558822,TRUE,FALSE
"ADRA2C","8.19E-01","3.64E-02†","9.46E-01","8.31E-04*",2,0.000831,0.169503716666669,13.0067140908333,0.719580449459806,0.483367910096827,0.719758839436844,-6.03424870816417,TRUE,FALSE
"PHB","1.02E-01","6.34E-04*","7.24E-01","2.11E-01",1,0.000634,-0.0430059391666658,10.7682216929167,-0.718434061945294,0.484052938444739,0.720123187941919,-6.03507053892823,TRUE,FALSE
"IKBKE","3.03E-01","3.15E-01","4.84E-03†","3.65E-04*",2,0.000365,-0.035185934249999,5.74447410495833,-0.682742881539837,0.50566995513734,0.736614417341095,-6.0600466635063,TRUE,FALSE
"NPC1","5.54E-04*","8.81E-01","3.03E-01","1.91E-01",1,0.000554,0.0441995422500003,9.44371139720833,0.658636031246524,0.520584235738691,0.74810810160358,-6.07624288936471,TRUE,FALSE
"CALD1","1.16E-01","4.39E-01","2.94E-01","7.83E-04*",1,0.000783,0.0899196508333354,13.7237854204167,0.655228590422226,0.522712431593266,0.750033155228456,-6.07848812015651,TRUE,FALSE
"MED31","2.92E-01","4.29E-01","5.63E-04*","1.51E-01",1,0.000563,0.0295033265833345,9.44656172554167,0.603139982239788,0.555852752666446,0.773291100553025,-6.11144158814162,TRUE,FALSE
"MRPL53","3.64E-06*","1.67E-01","6.58E-01","7.79E-01",1,3.64e-06,0.0227330433333346,11.806876985,0.583996522209974,0.568312731877649,0.781004688375959,-6.1229025335297,TRUE,FALSE
"GFPT2","2.96E-01","3.45E-01","2.93E-01","2.69E-04*",1,0.000269,-0.0576300858333327,11.0100708929167,-0.556322059618928,0.58658336643705,0.792345275048124,-6.1388479790854,TRUE,FALSE
"CLEC4M","5.81E-01","5.27E-01","6.82E-01","7.55E-04*",1,0.000755,0.019129195416667,6.754223487625,0.553126837965166,0.58871214550532,0.793773359019483,-6.14064138287817,TRUE,FALSE
"VPS26A","6.79E-04*","4.95E-01","8.15E-01","9.25E-01",1,0.000679,-0.0242147466666652,11.260372835,-0.5359708133495,0.600209229547494,0.801363945525347,-6.1501014626666,TRUE,FALSE
"DHX57","5.47E-04*","4.61E-01","6.69E-01","4.85E-01",1,0.000547,0.0172491257500013,7.33095035354167,0.519073358858996,0.611641949057827,0.808574167657681,-6.15913930269398,TRUE,FALSE
"PELI3","1.70E-01","6.57E-01","6.43E-01","5.71E-04*",1,0.000571,0.0388334621666679,10.5087887128333,0.497252883662562,0.626561716771658,0.817603792996485,-6.17039794398413,TRUE,FALSE
"RIOK3","4.68E-04*","7.19E-01","5.16E-01","5.35E-01",1,0.000468,-0.0221352606666646,9.12800085325,-0.476396762773305,0.640982215159583,0.8273562907783,-6.18072270051083,TRUE,FALSE
"CHD8","3.36E-01","1.60E-03†","3.00E-04*","9.61E-01",2,3e-04,-0.019200099999999,10.3448259883333,-0.442650483076326,0.66463444453776,0.841682485355285,-6.19652061805057,TRUE,FALSE
"NPNT","3.19E-01","7.78E-02","9.61E-04*","7.34E-01",1,0.000961,0.0697565516666676,12.0577631466667,0.438983170353388,0.667227837635656,0.843287100213157,-6.19816954570324,TRUE,FALSE
"PRB3","4.71E-01","2.02E-04*","7.82E-01","2.02E-02†",2,0.000202,0.0182593838333345,8.42435371658333,0.430858738434854,0.67298881657432,0.846034678662772,-6.20177498529079,TRUE,FALSE
"DDX41","1.77E-01","2.93E-01","2.30E-01","3.61E-04*",1,0.000361,-0.0219400485833329,10.3807195882083,-0.40513050731015,0.691371799689377,0.856739208311978,-6.21275942868248,TRUE,FALSE
"SFMBT2","4.12E-01","4.35E-01","2.97E-04*","1.96E-01",1,0.000297,0.0216287695833336,6.516362015125,0.399783880125259,0.695217917955615,0.858956218227447,-6.21495929856747,TRUE,FALSE
"PNPLA6","1.68E-01","2.08E-01","9.22E-04*","5.37E-01",1,0.000922,0.0211008962499998,8.34112717229167,0.397272197965487,0.697027718872659,0.860113178876524,-6.21598287136622,TRUE,FALSE
"GRAMD2","2.15E-01","6.86E-01","1.36E-02†","7.43E-04*",2,0.000743,0.0196528084166667,5.38564830595833,0.35988485633278,0.724187896091522,0.8746100088369,-6.23047213038136,TRUE,FALSE
"PIGH","5.21E-01","8.72E-01","1.88E-01","5.93E-05*",1,5.93e-05,0.0148706659166668,9.08941916870833,0.316409237583106,0.756259212094753,0.890196671443607,-6.24555256168052,TRUE,FALSE
"PTPN4","5.09E-01","4.07E-01","4.53E-01","6.67E-05*",1,6.67e-05,-0.0132344276666668,8.97592281933333,-0.26584308277282,0.794150960441802,0.909591970748049,-6.26068537717841,TRUE,FALSE
"NCF1","8.05E-04*","2.73E-01","3.03E-01","9.70E-01",1,0.000805,0.0163634776666667,8.27286324891667,0.226949231594861,0.823672587966805,0.921938624660597,-6.27055388634723,TRUE,FALSE
"ZHX3","3.53E-04*","2.00E-01","2.61E-01","8.40E-01",1,0.000353,0.0110793388333331,10.2304555411667,0.225678900856434,0.824641757968013,0.92246350230702,-6.27085014649588,TRUE,FALSE
"B4GALT4","2.31E-01","1.36E-04*","1.52E-01","7.89E-01",1,0.000136,-0.017244377166666,9.52108503283333,-0.210758252555373,0.836046881617842,0.927480562029533,-6.27420624746845,TRUE,FALSE
"CPSF2","1.42E-04*","5.51E-02","8.58E-01","2.12E-02†",2,0.000142,-0.00758721958333204,7.972633464375,-0.209698705931909,0.836858270708616,0.927832207209342,-6.27443590248611,TRUE,FALSE
"ICA1L","2.62E-01","9.08E-01","4.96E-01","6.52E-06*",1,6.52e-06,-0.0135782988333323,6.52399200933333,-0.206847739638441,0.839042461480971,0.928676214267686,-6.27504813354914,TRUE,FALSE
"TRAPPC5","7.02E-01","8.93E-01","3.95E-02†","3.40E-04*",2,0.00034,0.00964871166666788,12.4009609266667,0.203968482014241,0.841249721720941,0.929648056289822,-6.2756579863229,TRUE,FALSE
"ZDHHC24","2.23E-01","7.32E-01","7.92E-01","7.07E-04*",1,0.000707,0.00922349766666716,8.48291379133333,0.176367659905076,0.862476195033557,0.939868945203693,-6.28107262067109,TRUE,FALSE
"CLEC4C","9.10E-01","2.35E-04*","1.28E-01","1.78E-01",1,0.000235,0.0110207280833342,5.522390008625,0.158402753281254,0.876352603769253,0.946494857168498,-6.28417653550173,TRUE,FALSE
"KLK4","3.01E-01","5.56E-05*","3.14E-01","6.50E-01",1,5.56e-05,-0.00740364366666608,5.76325396541667,-0.15825846848723,0.876464229058612,0.946494857168498,-6.28420012116103,TRUE,FALSE
"MYT1L","5.60E-01","7.71E-01","1.15E-01","6.34E-04*",1,0.000634,0.00771431108333331,5.34628862220833,0.146190887537514,0.885809659432941,0.950658808806136,-6.28609694093,TRUE,FALSE
"SAA4","7.18E-01","2.25E-01","6.98E-01","7.31E-04*",1,0.000731,0.00458755575000061,5.374401320125,0.145507342130094,0.886339554641324,0.950880179602086,-6.28619989714568,TRUE,FALSE
"PCP2","5.21E-01","5.53E-01","4.39E-02†","7.16E-04*",2,0.000716,-0.00577739783333228,6.98492591775,-0.135252600153981,0.89429580684719,0.955030221004808,-6.28768672086239,TRUE,FALSE
"CDK8","3.52E-01","6.37E-01","1.58E-01","2.25E-04*",1,0.000225,0.0113207917500007,8.024382287625,0.127987091459039,0.899940023260546,0.957166962454234,-6.28867457315749,TRUE,FALSE
"CKAP2L","9.66E-04*","5.53E-01","2.94E-01","1.58E-01",1,0.000966,0.00547693266666758,5.53876918325,0.113548743373674,0.911172816444163,0.962253261946128,-6.29047617263755,TRUE,FALSE
"PLD4","4.50E-02†","6.36E-01","3.25E-02†","3.63E-04*",3,0.000363,-0.00216030541666615,6.03483065729167,-0.0417678915926431,0.967260782106755,0.98669879079727,-6.29623872678374,TRUE,FALSE
"NRAP","2.58E-01","2.86E-04*","3.81E-01","5.81E-01",1,0.000286,-0.000826249499999518,5.436165134,-0.0231932916935551,0.981816329289735,0.992855256665602,-6.29686268488326,TRUE,FALSE
"SHOX2","9.34E-04*","9.84E-02","6.03E-02","1.38E-01",1,0.000934,0.000425412333334324,6.65267970566667,0.00357399789513007,0.997197703230597,0.999414337537661,-6.29713426435813,TRUE,FALSE
"ADGRF2","7.84E-01","6.78E-01","8.08E-01","8.25E-04*",1,0.000825,NA,NA,NA,NA,NA,NA,FALSE,FALSE
"AHNAK2","5.78E-02","6.47E-01","1.54E-02†","1.28E-04*",2,0.000128,NA,NA,NA,NA,NA,NA,FALSE,FALSE
"APOE1","2.95E-01","3.65E-01","2.32E-01","5.40E-04*",1,0.00054,NA,NA,NA,NA,NA,NA,FALSE,FALSE
"BCL22","2.17E-01","4.83E-04*","5.89E-01","7.39E-01",1,0.000483,NA,NA,NA,NA,NA,NA,FALSE,FALSE
"CCDC142","3.22E-06*","3.51E-01","5.99E-01","6.39E-01",1,3.22e-06,NA,NA,NA,NA,NA,NA,FALSE,FALSE
"CCDC85A","9.59E-01","7.20E-02","8.87E-04*","3.36E-01",1,0.000887,NA,NA,NA,NA,NA,NA,FALSE,FALSE
"CCN4","3.58E-01","8.36E-01","5.78E-04*","9.10E-02",1,0.000578,NA,NA,NA,NA,NA,NA,FALSE,FALSE
"CCNYL1","4.14E-05*","5.62E-01","4.26E-01","5.11E-01",1,4.14e-05,NA,NA,NA,NA,NA,NA,FALSE,FALSE
"CELF6","3.61E-01","5.84E-01","6.37E-04*","1.74E-02†",2,0.000637,NA,NA,NA,NA,NA,NA,FALSE,FALSE
"CEP170B","2.98E-01","3.01E-01","7.44E-02","5.80E-04*",1,0.00058,NA,NA,NA,NA,NA,NA,FALSE,FALSE
"CFAP46","2.31E-01","6.50E-01","5.44E-01","3.30E-04*",1,0.00033,NA,NA,NA,NA,NA,NA,FALSE,FALSE
"CFAP58","5.85E-01","7.56E-01","5.62E-04*","4.13E-01",1,0.000562,NA,NA,NA,NA,NA,NA,FALSE,FALSE
"DMRTA2","5.99E-05*","1.31E-01","6.97E-02","2.33E-01",1,5.99e-05,NA,NA,NA,NA,NA,NA,FALSE,FALSE
"DUS2","2.42E-01","5.56E-01","4.57E-01","2.79E-04*",1,0.000279,NA,NA,NA,NA,NA,NA,FALSE,FALSE
"EIPR1","8.81E-02","8.35E-01","9.22E-01","7.20E-04*",1,0.00072,NA,NA,NA,NA,NA,NA,FALSE,FALSE
"ELFN1","4.31E-01","1.41E-01","5.04E-02","1.76E-04*",1,0.000176,NA,NA,NA,NA,NA,NA,FALSE,FALSE
"ERLEC1","4.38E-02†","9.97E-01","8.54E-04*","7.03E-01",2,0.000854,NA,NA,NA,NA,NA,NA,FALSE,FALSE
"ESRP2","4.83E-01","7.28E-01","2.97E-01","2.67E-04*",1,0.000267,NA,NA,NA,NA,NA,NA,FALSE,FALSE
"FAM117B","5.91E-01","5.95E-01","5.31E-01","1.17E-04*",1,0.000117,NA,NA,NA,NA,NA,NA,FALSE,FALSE
"FAM193A","7.05E-04*","7.07E-01","9.60E-02","5.34E-01",1,0.000705,NA,NA,NA,NA,NA,NA,FALSE,FALSE
"FAM53A","5.52E-01","1.74E-01","5.12E-01","3.26E-04*",1,0.000326,NA,NA,NA,NA,NA,NA,FALSE,FALSE
"FBN23","6.75E-01","6.48E-04*","5.48E-01","2.05E-01",1,0.000648,NA,NA,NA,NA,NA,NA,FALSE,FALSE
"FBXO45","1.61E-01","5.42E-04*","4.49E-01","4.99E-01",1,0.000542,NA,NA,NA,NA,NA,NA,FALSE,FALSE
"INKA2","7.59E-01","6.00E-02","6.65E-04*","8.77E-01",1,0.000665,NA,NA,NA,NA,NA,NA,FALSE,FALSE
"INO80B","2.17E-06*","3.74E-01","6.70E-01","8.42E-01",1,2.17e-06,NA,NA,NA,NA,NA,NA,FALSE,FALSE
"KDM5A","4.90E-01","6.51E-01","4.93E-04*","8.08E-01",1,0.000493,NA,NA,NA,NA,NA,NA,FALSE,FALSE
"LCA5","5.05E-01","4.43E-01","3.73E-05*","1.52E-02†",2,3.73e-05,NA,NA,NA,NA,NA,NA,FALSE,FALSE
"METTL21A","2.21E-04*","4.47E-01","4.59E-01","7.23E-01",1,0.000221,NA,NA,NA,NA,NA,NA,FALSE,FALSE
"MNR","2.72E-01","2.06E-01","8.44E-04*","1.84E-01",1,0.000844,NA,NA,NA,NA,NA,NA,FALSE,FALSE
"MOGS","2.33E-06*","3.73E-01","6.07E-01","7.27E-01",1,2.33e-06,NA,NA,NA,NA,NA,NA,FALSE,FALSE
"NANOGNB","5.73E-01","3.66E-05*","5.95E-01","1.44E-01",1,3.66e-05,NA,NA,NA,NA,NA,NA,FALSE,FALSE
"NBEAL1","4.95E-01","8.77E-01","3.39E-01","5.26E-07*",1,5.26e-07,NA,NA,NA,NA,NA,NA,FALSE,FALSE
"NME8","7.18E-04*","9.33E-02","6.70E-02","7.40E-01",1,0.000718,NA,NA,NA,NA,NA,NA,FALSE,FALSE
"NMRK1","2.86E-04*","1.83E-01","9.54E-01","7.20E-01",1,0.000286,NA,NA,NA,NA,NA,NA,FALSE,FALSE
"NRN1L","4.89E-01","1.05E-01","4.76E-01","6.26E-04*",1,0.000626,NA,NA,NA,NA,NA,NA,FALSE,FALSE
"PET100","5.16E-01","7.45E-01","4.86E-02†","8.66E-04*",2,0.000866,NA,NA,NA,NA,NA,NA,FALSE,FALSE
"PLA2G15","5.76E-01","6.68E-01","2.53E-01","3.20E-04*",1,0.00032,NA,NA,NA,NA,NA,NA,FALSE,FALSE
"SMCO1","2.05E-01","2.48E-04*","2.08E-01","5.40E-01",1,0.000248,NA,NA,NA,NA,NA,NA,FALSE,FALSE
"SNRNP35","7.90E-01","8.35E-04*","1.83E-01","3.57E-02†",2,0.000835,NA,NA,NA,NA,NA,NA,FALSE,FALSE
"SUV3","7.01E-04*","6.30E-01","6.30E-01","7.91E-01",1,0.000701,NA,NA,NA,NA,NA,NA,FALSE,FALSE
"SYNE3","7.43E-02","4.06E-01","6.25E-01","2.80E-04*",1,0.00028,NA,NA,NA,NA,NA,NA,FALSE,FALSE
"THNSL2","5.24E-01","3.78E-01","2.08E-04*","7.45E-01",1,0.000208,NA,NA,NA,NA,NA,NA,FALSE,FALSE
"TMEM114","7.97E-02","9.08E-04*","1.39E-01","5.63E-01",1,0.000908,NA,NA,NA,NA,NA,NA,FALSE,FALSE
"TMEM241","8.84E-04*","5.98E-01","6.68E-01","2.70E-01",1,0.000884,NA,NA,NA,NA,NA,NA,FALSE,FALSE
"TXNDC17","2.64E-01","4.98E-01","4.96E-04*","1.64E-01",1,0.000496,NA,NA,NA,NA,NA,NA,FALSE,FALSE
