"baseMean","log2FoldChange","lfcSE","stat","pvalue","padj","Human_Entrez_ID"
59.1431093286849,1.80338516873979,0.315955458638394,5.70076417519874,1.19271540563106e-08,0.000266035171226008,"100507420"
221.446438540153,-1.14509620752778,0.21602904837097,-5.30555437026853,1.12331078718904e-07,0.000501108942165032,"91523"
52.7046282171094,1.834511055826,0.340587499475373,5.38804818671001,7.12269578857586e-08,0.000501108942165032,"26835"
194.957242793888,-2.11392450571928,0.399585951153192,-5.38167047240753,7.3797768922036e-08,0.000501108942165032,"64093"
372.972813011731,1.70122593729992,0.321222642901151,5.32299328266139,1.02073515905921e-07,0.000501108942165032,"147645"
92.748769459239,-1.78318164494089,0.342792133749957,-5.23999451142597,1.60581373223666e-07,0.000596218396452596,"401190"
40.775831633915,1.80037822724646,0.345573377663942,5.21170611037669,1.87111803414847e-07,0.000596218396452596,"11045"
1044.98318055606,-1.60156690352906,0.317779306468111,-5.08188443081907,3.73708769466484e-07,0.00104194676286874,"85407"
303.284108183465,2.02831736937695,0.409581859276245,5.01966353672058,5.17620626363086e-07,0.00128283645233652,"242"
381.973366386223,-1.34294690377108,0.275907757330713,-4.89008714414981,1.00791346403352e-06,0.00187527388886149,"347902"
33.2970542654268,-1.81083675410202,0.42344913258941,-4.88989656209032,1.00888978553409e-06,0.00187527388886149,"186"
54.5259706929256,-1.33908300498051,0.274533789810925,-4.9034387103706,9.41733352467868e-07,0.00187527388886149,"3547"
49.3455463815127,1.60902549865747,0.335562685350989,4.80448780982053,1.55148152741583e-06,0.00221033843168571,"5453"
304.039877302384,0.815873171196307,0.169114372689917,4.82381254629715,1.40839790539972e-06,0.00221033843168571,"55759"
234.247227712894,-1.79289389036084,0.378770995189943,-4.78798603982224,1.68463363993082e-06,0.00221033843168571,"4886"
103.407424464296,1.85734583641628,0.380637667707294,4.83625818547516,1.32306050736473e-06,0.00221033843168571,"375791"
205.000372028446,1.04379415496484,0.217840201372175,4.78877427839009,1.67803097717789e-06,0.00221033843168571,"874"
222.80317734264,0.804685497997375,0.168737424111537,4.76963767439918,1.8455757302183e-06,0.00221324027975062,"79029"
74.1952206500763,-1.36171241758991,0.285832637902058,-4.76534608101079,1.88529770523478e-06,0.00221324027975062,"84443"
836.74911895063,1.30052930443452,0.273391328190706,4.74589303569293,2.07588397331535e-06,0.00231512960123995,"80045"
44.5114723884521,-1.85491388692482,0.405583047335628,-4.72390039173247,2.31363770820709e-06,0.00245741376578853,"3760"
52.5711790458646,-1.96030212444418,0.414728344563838,-4.71199500029613,2.45303399770519e-06,0.00248704196903701,"83888"
514.313148991965,-0.85804567380742,0.182708094801865,-4.69626987410576,2.64955429585622e-06,0.00256949167691622,"5567"
103.278143810162,-1.76087822998976,0.38115070678485,-4.6581042432827,3.19134610426726e-06,0.00285205142656838,"10316"
641.410517860538,-1.03555305166776,0.222573298269633,-4.65776227726625,3.19665033240123e-06,0.00285205142656838,"55790"
15.8993413368461,-1.45753871801825,0.315688845104203,-4.63157874588961,3.62887925285855e-06,0.00311315968211577,"102724624"
33.6817549023731,1.75142418822252,0.382159206311255,4.58793776471791,4.47646035614745e-06,0.00354713144305907,"100847072"
1205.51500395026,-1.11724178139498,0.243902682324826,-4.5965963956038,4.29448339269653e-06,0.00354713144305907,"8436"
745.030144670016,-0.813200703571205,0.177526967891077,-4.58171290664226,4.61182747584456e-06,0.00354713144305907,"22900"
294.611929431339,-0.867544997861962,0.189763734494544,-4.5736634051562,4.79269571669331e-06,0.00356336926536148,"6641"
321.069576788729,-1.76946882749704,0.435365255227025,-4.56048354016654,5.10359629083112e-06,0.0036721198473222,"170261"
348.238086437006,-1.32912151209764,0.294825113316967,-4.52379557448881,6.07403939713717e-06,0.00423379527353577,"8736"
59.9464887530628,1.73632924920546,0.385288304552153,4.51344836589294,6.3781983253851e-06,0.00431108223174893,"59344"
68.9615150850377,1.54322729971317,0.343481666340703,4.47484793435626,7.64657140687432e-06,0.00488831897192336,"6274"
105.985167984205,-1.43121434943198,0.322476954468097,-4.47417946876529,7.67052965780397e-06,0.00488831897192336,"51378"
25.5555086057331,-1.42388374408141,0.323588973479451,-4.46808464935827,7.89230763686242e-06,0.00488994227333934,"105374257"
168.578213153914,-1.62717552094309,0.380592687390785,-4.4598420997576,8.20200574933906e-06,0.00494447941186508,"107986251"
100.323435801211,-1.29236221012345,0.2902562857681,-4.44829867240515,8.65531225506381e-06,0.00508044052234733,"389125"
2846.24660823262,-1.4673284161949,0.333161546058499,-4.43616599648117,9.15752425814014e-06,0.00523739945071323,"8490"
443.777960493122,-1.4804511197743,0.337024417985647,-4.42081774645663,9.83280816844213e-06,0.00548301965492754,"9457"
44.8318662399878,1.16775917842621,0.264928736523945,4.39667948923989,1.09919469570482e-05,0.00596889814070905,"105369340"
298.819381969981,1.00070684661095,0.227910108480906,4.39184365933861,1.12393509038234e-05,0.00596889814070905,"4598"
2191.25969522405,-1.50325183827546,0.344389021553714,-4.37019460772388,1.24135854708432e-05,0.00633637156019593,"8470"
29.0249240519915,1.30662757976119,0.299077681083366,4.36868911270997,1.2499455218499e-05,0.00633637156019593,"79465"
83.1843349024993,-1.08926279903927,0.251012343360983,-4.36284971579455,1.28379135876792e-05,0.00636332583495964,"107986361"
17.1758977318617,-1.59895169997284,0.430480305736857,-4.35366170161933,1.33882258768644e-05,0.00649183430833612,"100124700"
335.660754595462,0.85959172870823,0.199057541441021,4.31528463444527,1.5939738641386e-05,0.00658399759992805,"391059"
278.573935671472,0.70879532029144,0.164098873503887,4.31743749729258,1.5785108713831e-05,0.00658399759992805,"83861"
69.4029390347995,-0.977150472938381,0.225956523303654,-4.32447394820031,1.52896270285815e-05,0.00658399759992805,"154661"
484.343052422003,-0.85612821380994,0.198301332361615,-4.31935172439299,1.56488207769487e-05,0.00658399759992805,"10044"
186.913284458167,1.27554289587174,0.29455006122189,4.32409207691377,1.53161320937494e-05,0.00658399759992805,"401565"
801.501867567229,-1.74704173141591,0.417366400990781,-4.33146648438109,1.48119496554399e-05,0.00658399759992805,"6521"
70.0984019408284,1.77577562911978,0.406318299964593,4.31932042580466,1.56510401058584e-05,0.00658399759992805,"646862"
156.187761664991,-1.40176497643467,0.32514672415422,-4.31625982852271,1.58695170275727e-05,0.00658399759992805,"140733"
97.8956280296928,-1.21168828811242,0.282305948869033,-4.30238883655515,1.68966448944701e-05,0.00667752832948872,"100129827"
584.025057906637,1.11124441654403,0.259088692219742,4.30020140026338,1.70642956637909e-05,0.00667752832948872,"25894"
80.4169465789122,1.76427613000677,0.417933038125197,4.3017780973867,1.69432949023024e-05,0.00667752832948872,"107985075"
40.7521872517966,-1.32841783130636,0.316078860280811,-4.29121222844367,1.77700379741275e-05,0.00674205219765435,"105373504"
55.5077391481425,1.15234502934576,0.268472090191259,4.29041793468602,1.78337179852771e-05,0.00674205219765435,"116936"
23.1719241119382,1.27584671550957,0.297712552033161,4.28403877180961,1.83530908614383e-05,0.00678547847351177,"9304"
29.1124015018311,-1.67983037810112,0.388896833646562,-4.28158101861571,1.85570135343743e-05,0.00678547847351177,"3"
122.946231433234,-1.19362151687336,0.281387780834803,-4.27034085797368,1.95174447364239e-05,0.00688853697170579,"401021"
1922.0793531782,-1.44133460374851,0.360010223201863,-4.26752502421923,1.97653605106107e-05,0.00688853697170579,"728264"
189.345782848744,-0.719644432587515,0.16883952029037,-4.26946885349791,1.95939007271331e-05,0.00688853697170579,"54536"
246.632421522426,-1.13888666661937,0.267317308418519,-4.25832527611695,2.05964109151711e-05,0.00696065068883167,"55303"
55.145369679283,1.5899349386041,0.436311781372473,4.2584348034283,2.05863240147883e-05,0.00696065068883167,"51350"
229.483388622194,-0.998207970028499,0.234848450569324,-4.2517622574024,2.1209494844889e-05,0.00699885242159167,"5243"
192.047872182741,1.70577749556885,0.410139199988733,4.25041995375812,2.13370080550654e-05,0.00699885242159167,"9388"
125.812494017475,1.3967561203199,0.3353982633654,4.22998171770965,2.33710304895043e-05,0.00705063503749648,"978"
264.940872209189,-1.22650026751135,0.293159317363379,-4.22378162720049,2.40236836068026e-05,0.00705063503749648,"1608"
89.5093190895756,-1.46168915593629,0.36780583070815,-4.23670457429238,2.26824259618331e-05,0.00705063503749648,"406935"
675.853308236737,1.02940685032815,0.243338395741309,4.22888899855147,2.34848174066538e-05,0.00705063503749648,"23423"
507.4369070107,-1.38351614666841,0.327110120185358,-4.23669225679911,2.26836697698603e-05,0.00705063503749648,"5579"
44.8838541062864,1.42375919370236,0.336672164239898,4.22871453907617,2.35030329312308e-05,0.00705063503749648,"102466864"
87.6340264624032,1.7262193178412,0.406246748692804,4.23595880937932,2.275784966853e-05,0.00705063503749648,"2528"
24.2348595137866,1.76369838166927,0.414832266450298,4.22404832778067,2.39952559724026e-05,0.00705063503749648,"110806301"
318.35374332118,1.21473740231184,0.288214889717448,4.21450612546898,2.50325358900317e-05,0.00717009299197704,"23409"
1212.46809212402,-1.6029421152423,0.385490161377132,-4.2112594838769,2.53950838989548e-05,0.00717009299197704,"4916"
39.587491930474,1.52546826727678,0.36777941587988,4.21284977835613,2.52168782761526e-05,0.00717009299197704,"402665"
74.8522494847581,1.72610326639819,0.411358453742989,4.20121992100602,2.65480540878024e-05,0.00731054748677077,"554202"
109.129494647929,-1.05047324871261,0.250906913022738,-4.20172502192886,2.6488876854483e-05,0.00731054748677077,"400581"
525.739627804795,-0.908214575751624,0.216501112617448,-4.19540981110026,2.72378654833609e-05,0.00740903158056541,"8821"
485.657333275893,-0.93794350884892,0.224438239268546,-4.18587696333573,2.840671988991e-05,0.00763387815836677,"155038"
288.463558060843,-1.25787648054051,0.302343985841031,-4.18199313293103,2.88964699697455e-05,0.00767304479375205,"63976"
862.08991290475,1.24518119901293,0.299862439351658,4.17393132464525,2.99388037090438e-05,0.0076906940921484,"105371441"
505.867862187992,-1.21045483491516,0.293187432118626,-4.15631468374281,3.23422278735512e-05,0.0076906940921484,"6262"
123.321549989366,1.41550090069169,0.340511712425663,4.165448110016,3.10741598165901e-05,0.0076906940921484,"130340"
242.33895180083,-0.56693093199154,0.135943887143192,-4.17005926034136,3.04520443753615e-05,0.0076906940921484,"645843"
630.215927991303,-0.863018923138422,0.208410548200497,-4.14737559069188,3.3630810793383e-05,0.0076906940921484,"4208"
85.7777932959548,1.42071673549029,0.339231263552477,4.17421313597326,2.99017724540288e-05,0.0076906940921484,"643596"
45.2264519441334,-1.71467562993316,0.422839486229597,-4.14672357497,3.37266836369185e-05,0.0076906940921484,"439996"
72.9593072258278,-0.904553857631228,0.218024584172287,-4.15532075468261,3.24831517659633e-05,0.0076906940921484,"101927868"
68.0484312561896,0.711245176532891,0.170862966425418,4.16056848164161,3.17456406252409e-05,0.0076906940921484,"51499"
629.080089289299,0.959133348668627,0.231253033366145,4.1471617497999,3.36622255421515e-05,0.0076906940921484,"7301"
694.182502467858,-1.66364882076921,0.403276596457561,-4.14629330568915,3.37900928505063e-05,0.0076906940921484,"5023"
98.2428682205058,-0.671651926299609,0.161110773727003,-4.17013933108467,3.0441346871846e-05,0.0076906940921484,"339210"
46.0674489741276,1.3912334390894,0.334525672296474,4.15887785730887,3.19814846352495e-05,0.0076906940921484,"677781"
130.638043227878,1.37586256737368,0.329097946099212,4.15601062902085,3.23852763856245e-05,0.0076906940921484,"284348"
831.675627075494,-1.21780378651901,0.294394466803218,-4.13354914076111,3.5720387744477e-05,0.00804791160242989,"5305"
410.788642076233,1.21061854089405,0.293681747942747,4.12275056679149,3.74375023793036e-05,0.00827650156979572,"9610"
92.2635400925493,-1.56060663958219,0.384462518979742,-4.12250715005561,3.74770974467325e-05,0.00827650156979572,"259232"
534.01279709055,-1.16530279118758,0.283527276215194,-4.11361929399911,3.89503608730396e-05,0.0085175274438544,"54843"
111.06737876624,-1.24564023636597,0.30458201008658,-4.10992510099664,3.95787471550898e-05,0.00857091218732309,"146"
35.0555952659032,1.05195134952234,0.257354906691216,4.08653946816968,4.37855029064437e-05,0.0093907273300791,"653162"
428.93856906704,0.875370520326954,0.214694961096609,4.07715157303251,4.55907746272756e-05,0.00968478312439413,"388524"
304.517620154419,0.68411586650236,0.16787187464143,4.07466494342549,4.60806433219686e-05,0.00969649763487273,"64841"
85.5121456972171,1.17254355401978,0.287451226538974,4.06906042622954,4.72031051902413e-05,0.00980025857037144,"54933"
170.463904577095,-1.04403557210202,0.259485794672201,-4.06729969675549,4.75610593399236e-05,0.00980025857037144,"3232"
2023.81273213065,1.18149050267808,0.29063750415162,4.06317795712064,4.84090945458815e-05,0.00980025857037144,"6624"
495.230157889969,-1.12557473528938,0.278843366643716,-4.06144159115488,4.8770620995796e-05,0.00980025857037144,"53616"
632.218915156363,0.881297903706528,0.216552957355937,4.06263069066529,4.85227650731676e-05,0.00980025857037144,"65985"
1241.85772084627,-1.22639467530859,0.303354856392396,-4.04663267871725,5.19596791001219e-05,0.0103478628779305,"3672"
104.472576793301,1.319903826801,0.325993994926581,4.041288181994,5.31583838513364e-05,0.0104008574719654,"101928034"
69.6830267187379,-1.2197560338782,0.302335089357886,-4.04272415706429,5.28337630630525e-05,0.0104008574719654,"9760"
147.934540883314,1.03228601145128,0.255920474060728,4.03370615817185,5.4903967619085e-05,0.0104279483937443,"54797"
230.741695318944,1.29050895888782,0.319135460419783,4.0286337429206,5.61019415937822e-05,0.0104279483937443,"22996"
47.6351015606764,1.10358704156573,0.274032974836263,4.02880147542455,5.60619347061928e-05,0.0104279483937443,"400759"
186.811414099261,-0.982360816617476,0.244211341255858,-4.03486853384432,5.463287818689e-05,0.0104279483937443,"9182"
157.654474046902,0.524678303966261,0.129915396262032,4.03843055351146,5.38100188853782e-05,0.0104279483937443,"339175"
46.7773755877377,1.6375641354241,0.424075109474387,4.03205033002597,5.52923416052148e-05,0.0104279483937443,"92736"
113.127321685613,-1.49437837895464,0.369985372370704,-4.02207765168421,5.76870320674443e-05,0.0106339607459863,"10219"
264.957902473529,1.16832013878372,0.291390615344514,4.00846328194702,6.11151386245505e-05,0.0108870427342064,"148741"
164.556576048339,-0.928949161733732,0.232012696621896,-4.00340226455496,6.24380022796487e-05,0.0108870427342064,"8292"
189.054122775163,-1.46433912252688,0.368960464417006,-4.003255972612,6.24766406625605e-05,0.0108870427342064,"3699"
141.024693200078,1.06128057537877,0.264768947911667,4.00691848845806,6.15160810439911e-05,0.0108870427342064,"677800"
175.493626271021,1.59649141876012,0.406104262451931,4.00534372016491,6.19273657515728e-05,0.0108870427342064,"100131378"
55.9924076627768,1.46059161216969,0.360993063097658,4.01082330981268,6.05073808225212e-05,0.0108870427342064,"105369626"
131.118279804504,-1.24201150568705,0.314332771247716,-4.01134070870706,6.03749065065381e-05,0.0108870427342064,"51209"
918.626926296162,-1.10061532154344,0.279538525314291,-4.00099646206036,6.30763010594665e-05,0.0109063325203985,"92949"
454.924524742246,-0.565705605975149,0.141603312190757,-3.99461857187381,6.47984866897056e-05,0.0109822906124109,"11120"
755.85679903099,-1.04948058251676,0.263914792902443,-3.99671737147294,6.42269056677085e-05,0.0109822906124109,"222663"
33.8258900710589,1.1667995657906,0.291792724895976,3.99390939250881,6.49927083989348e-05,0.0109822906124109,"116938"
262.067492242138,0.96240417142831,0.240980348154915,3.99022967414749,6.60093442497333e-05,0.0110702137104534,"2232"
510.897917765669,1.57918743473745,0.39649776691345,3.98084586378992,6.86704687682594e-05,0.0114305582528062,"109864273"
27.9631686862643,-1.2594288235225,0.319029833028777,-3.9717918619214,7.13340339535476e-05,0.0116993060833373,"105371818"
846.942281925115,-1.20789673057591,0.30441437531243,-3.96975822426254,7.19455986004842e-05,0.0117134786626555,"10235"
218.34764322819,-1.25906090041712,0.319736760395325,-3.958753716836,7.53418776334144e-05,0.012003682408363,"26032"
707.856033770061,0.885984765482258,0.223489838011585,3.96113472718934,7.45944268448951e-05,0.012003682408363,"10606"
162.712165229733,-1.28629265755449,0.331960922502423,-3.95875159084866,7.53425481807139e-05,0.012003682408363,"5729"
2671.97921508941,-1.45649686075642,0.378311195363612,-3.95566536317122,7.63219334383031e-05,0.0120734803215699,"5241"
32.1800699206221,-1.56919550224363,0.398998870471353,-3.95226972997502,7.74134101156634e-05,0.0121599022016188,"200772"
244.514842696192,-1.43644506095778,0.363935139599116,-3.95050637303309,7.79860211583122e-05,0.0121641832303228,"845"
17.4858486742984,0.971762416030957,0.246006767214857,3.94094508499699,8.11612068133983e-05,0.012502734405891,"83884"
191.542360650735,-1.23768623723946,0.315532440453797,-3.94060140505142,8.12775830017574e-05,0.012502734405891,"6345"
466.551128517361,1.03850178331566,0.263705902826673,3.93845721561551,8.20072133173922e-05,0.0125285677605783,"55344"
821.69516892146,-1.01092085315396,0.258240177258508,-3.93169277689384,8.43498175244365e-05,0.0127123154046119,"5592"
4189.72411111981,1.54007256768368,0.39680865492243,3.93264475083226,8.40163563175263e-05,0.0127123154046119,"692086"
42.5658583601555,-1.25671381577757,0.322377105384712,-3.92895100972465,8.53172167915434e-05,0.0127718155740629,"399694"
200.287265766919,-1.03228523761352,0.262854809457383,-3.92569140280309,8.64809708013817e-05,0.0128597203581655,"139716"
160.084769944134,-1.32203596721039,0.337658120024715,-3.92200258641721,8.78160493315318e-05,0.0129717680817206,"23493"
1573.59622085514,-1.29773593769961,0.362534159705328,-3.91862056945324,8.90571785269138e-05,0.0130685550463343,"111064646"
257.86929925235,-1.31588593501107,0.338785524857501,-3.91323473821041,9.10679293933352e-05,0.0132762755890088,"6517"
392.861667695392,-0.908775122266123,0.232640215677688,-3.90835642013431,9.29261466671351e-05,0.0134592058533146,"91624"
565.784435224627,-0.513719286617607,0.131573272780186,-3.90526923655049,9.41205366330898e-05,0.0135442488361359,"51422"
648.856024073719,1.36054309330918,0.349428674173879,3.90338908498778,9.48550297302287e-05,0.0135624451162356,"7483"
1468.9359253712,1.31133130117229,0.335099813251935,3.89833545013272,9.68561828958172e-05,0.0136732731613367,"202915"
267.641843371927,-1.34079957064424,0.37440322074711,-3.89661364826563,9.75470437031968e-05,0.0136841937723258,"406937"
551.452340492091,-0.909358679644416,0.233707768557544,-3.8908639878787,9.98879150504893e-05,0.0139249996575073,"83719"
288.251256136017,-1.08698040184213,0.280027334073125,-3.88577548144695,0.000102003747514415,0.014131637194466,"79899"
962.000085040071,0.974277039671582,0.250604822327015,3.88331360940028,0.000103042526921526,0.0141874294011397,"10226"
153.520589255675,0.835940834239603,0.215616701408767,3.87520292235176,0.00010653588218136,0.0144895295857027,"57171"
28.4481382252351,1.51497068990044,0.392699734060299,3.87665667668064,0.000105901625370203,0.0144895295857027,"4495"
373.641211404714,0.691038575757612,0.178435329399611,3.87171822341533,0.000108070842084436,0.0146092129254142,"10809"
474.347655834139,-0.86746305854295,0.224115148872254,-3.86980891621386,0.000108920689206606,0.0146353974262249,"11320"
1159.76383758016,1.15134245760761,0.297726444296252,3.86813108694715,0.000109672704952215,0.0146482017003542,"7295"
391.783947768924,1.24873221662138,0.326383227360912,3.85701046836003,0.000114782248418471,0.0152393931605595,"64499"
259.31507437202,1.28294327641835,0.33200169053913,3.85408902488278,0.000116161325878494,0.0152410492571754,"225689"
58.7133023401148,0.801589634634127,0.208023045397609,3.85534806577258,0.000115565086146329,0.0152410492571754,"122769"
82.9630046490267,1.5577619105519,0.402252064939985,3.84933786239329,0.00011843755012145,0.0153590090433659,"58985"
170.429792635595,1.16292282610033,0.301529020069422,3.85032665759724,0.000117960392198883,0.0153590090433659,"339761"
250.97437674509,1.51308265829337,0.38779089962907,3.84571281211321,0.000120202485421386,0.0154977828747053,"100499467"
299.113413542924,0.750083180494732,0.195089050539636,3.84399684824847,0.000121046560550986,0.0155169168568376,"1317"
7842.27433595811,-1.29877298799257,0.339239278021318,-3.84026340470495,0.000122902370023715,0.0156647849335941,"10398"
99.032154230957,-1.31973848768845,0.3437953820648,-3.83395997145875,0.000126096670233965,0.0159806035770942,"105375060"
101.973068747528,1.47236606435682,0.381729778082895,3.82776670569668,0.000129311233022005,0.0159995039372932,"54836"
4210.40420650583,-1.32696458505326,0.349889817675909,-3.82677642996534,0.000129832334124639,0.0159995039372932,"100132116"
74.7585902273816,-0.591283504460371,0.15440870847563,-3.82999089206094,0.000128148002015593,0.0159995039372932,"106707243"
72.6646917009186,1.27412029695093,0.332539385178073,3.82969846523903,0.000128300373771533,0.0159995039372932,"107985334"
597.619698005947,-0.637335207616345,0.16666550689945,-3.82798102733413,0.000129198712834627,0.0159995039372932,"80833"
1066.66555847094,1.11942837841072,0.292462368535289,3.82128773661886,0.000132756649988785,0.0162699839450541,"822"
40.0198363545212,-1.16381258673061,0.30712646685994,-3.81882226657182,0.00013409032692203,0.0163299166997639,"101929963"
601.461080570613,-1.29880240935394,0.343775564303507,-3.81768472869761,0.00013470991583755,0.0163299166997639,"11155"
564.326715460649,-1.56697461919255,0.41185930486615,-3.81058541719743,0.000138638098949256,0.0163614962807574,"25893"
1260.49219902526,-0.600183089699953,0.15746043388412,-3.81162258153232,0.000138057562056424,0.0163614962807574,"105374162"
233.26198204596,-1.47386741762356,0.403310818319425,-3.81354725497684,0.000136986318206104,0.0163614962807574,"171019"
61.9432301554162,0.621945061305172,0.163086884793902,3.81253803754437,0.000137547052901536,0.0163614962807574,"55847"
23.7573071752764,-1.398540748052,0.366636271181957,-3.8148796535612,0.000136249317511261,0.0163614962807574,"196410"
1864.18854152155,-0.682987253893819,0.179667843019733,-3.80644520286803,0.000140978510277586,0.0165501351144293,"9881"
332.021369048305,-0.994264200401935,0.261610434514151,-3.80200615563594,0.000143529160317438,0.0166740516712523,"83988"
65.8841623005898,-1.03530752475063,0.272069712777882,-3.8021010027552,0.000143474210269886,0.0166740516712523,"106635534"
353.003473540453,-0.859441754170356,0.226505246749136,-3.79927364338001,0.000145120788828056,0.0166851504887102,"170371"
1539.05639347751,-0.953858363739599,0.251080688259735,-3.79967480500744,0.000144886084572803,0.0166851504887102,"104"
27.3345710486287,-1.22539213361796,0.333901142762167,-3.79161164782691,0.000149672834566084,0.0170329213010026,"100873940"
116.739361272424,0.61849298741969,0.163171629859082,3.79191587775716,0.000149489555209691,0.0170329213010026,"101929918"
180.13816063785,-1.00365514455868,0.265811920043144,-3.7875941081492,0.000152113077555977,0.0172227522583049,"482"
152.277831105429,-1.26109762578972,0.333204284914845,-3.77627770104478,0.000159189503314055,0.0178907978273796,"2766"
142.933238231259,-0.920903493269848,0.24442487042011,-3.77560851005538,0.000159617519284848,0.0178907978273796,"3653"
67.7352612844136,0.938999464958111,0.249075726927886,3.76857683418263,0.000164180949962644,0.0183102804445839,"768239"
351.536756593879,-1.57293169596239,0.419625268503209,-3.7668395741162,0.00016532716154441,0.0183257952341189,"5473"
204.647149346721,0.505297915346226,0.134157754054064,3.7658803437485,0.000165963265514101,0.0183257952341189,"63826"
965.83325528252,-1.00104605968534,0.26590139367672,-3.76372961480458,0.000167397878372532,0.0183931511187159,"8991"
17.178168090133,-1.21348134722222,0.322041051062144,-3.76011046188245,0.000169838346596087,0.0185698251020869,"102465508"
263.646266002646,1.33984307920492,0.357345762663471,3.75269348078929,0.000174944713664898,0.0190348382355881,"5831"
20.3678740797166,-1.11664264432743,0.299219772999779,-3.74807215890739,0.000178198992485829,0.0192947986766816,"101928923"
62.1420236951298,-1.21545312821532,0.331378316366515,-3.74082853396879,0.000183414622857928,0.0197635901586767,"400456"
18.1278301092398,1.53444217131776,0.435626773176243,3.73937628253377,0.000184477412428433,0.0197825417510394,"105378132"
570.317989553846,-0.990722123628518,0.266955892053578,-3.73703836447351,0.000186200522259979,0.0198717830096116,"3899"
25.1540614399009,-1.10480517928293,0.297705957782777,-3.73245308604146,0.000189624021795422,0.0199091750067126,"388436"
154.423520577274,0.739918508559112,0.198124014317834,3.73179361450819,0.000190121240817295,0.0199091750067126,"6183"
502.239989320168,1.55051260896453,0.437111007367834,3.73421159258422,0.000188304135874879,0.0199091750067126,"3036"
159.67989247852,-0.831646382259272,0.223394387535751,-3.73306776783516,0.000189161673426237,0.0199091750067126,"5152"
249.307133499043,1.38934952767264,0.368546530647523,3.73033134270913,0.000191228118021552,0.0199315101517323,"8909"
112.686497095381,-1.56388653299135,0.426724444332875,-3.72005099899149,0.00019918255350556,0.0202512155198171,"5196"
17.3255914578077,-1.44294068569925,0.389546145841574,-3.7233660007012,0.000196584218464369,0.0202512155198171,"107986640"
65.2076762190178,1.35922421480989,0.36660489818853,3.72166111873205,0.000197916519786495,0.0202512155198171,"105376039"
86.1464449898279,-1.13059883387863,0.312355414744098,-3.72078041000903,0.000198608079363354,0.0202512155198171,"101928200"
49.5536884897215,-0.982037395874177,0.265367109937338,-3.7249921865627,0.000195321271697616,0.0202512155198171,"105370152"
144.735831312108,-1.14906940540206,0.31002582028818,-3.71934131252427,0.000199742991004696,0.0202512155198171,"126326"
404.459488508206,1.24534255233789,0.338984087586358,3.71157347180481,0.00020597486150291,0.0207885488046262,"7177"
134.648568669965,0.789442082275033,0.212745560893227,3.70915237719456,0.00020795425460752,0.020893782202796,"84261"
251.309797672955,-1.03075651779187,0.280356423571405,-3.70416886327646,0.000212084950461866,0.0212132503141342,"115677"
97.3537423691801,1.23375904782026,0.333556790255716,3.6966487158871,0.000218464305287957,0.0217537782564637,"338667"
636.974160487918,-1.25019869698522,0.338861585299136,-3.69541552855917,0.000219527459483227,0.0217624888167706,"477"
215.212051009954,0.825700975857375,0.223453827685783,3.69269754621529,0.000221887858755548,0.0218991534935509,"107986762"
1030.73482218665,1.1316101648906,0.30684494015948,3.6876028699016,0.000226376587032485,0.0222437434967382,"54205"
460.595683847605,-1.25178692184563,0.342279788463413,-3.68256018684194,0.000230903329655695,0.0224903876330579,"5350"
531.75264642523,1.08021541239412,0.293289707112252,3.68268282557797,0.000230792237922705,0.0224903876330579,"3014"
71.7320614611151,-1.25765478357094,0.362142071295814,-3.67974841464602,0.000233464167600586,0.0226409489492656,"107984113"
391.335071358101,0.83388663838813,0.226464302933871,3.67363678340463,0.000239122577358097,0.0227932867007365,"54361"
36.0756601071036,0.879925412351942,0.239356900490323,3.6748769527306,0.000237964071774429,0.0227932867007365,"100131205"
626.604707060538,0.818180038938418,0.22242680232711,3.67511074109456,0.000237746268913498,0.0227932867007365,"353"
338.107691957631,-1.18320266648837,0.325769439701264,-3.67468723604641,0.00023814095398745,0.0227932867007365,"1837"
38.3523049669461,1.05175840925704,0.286497386064476,3.67201179700914,0.00024064857076276,0.0228167987734894,"677847"
73.8932663904015,-1.19753648380409,0.325782080311959,-3.67119915296014,0.000241415131609213,0.0228167987734894,"102724262"
632.923759322678,-0.833962124428498,0.228075869289845,-3.66527181007124,0.000247076028945459,0.0231555917043212,"7188"
82.3973759859822,-1.30328029467059,0.381620872468573,-3.66540669372966,0.000246945835597513,0.0231555917043212,"140628"
166.851849133239,1.38209498768175,0.377528229698194,3.66275361133368,0.000249518515246775,0.0231896270107472,"10381"
359.641071636541,0.830919597504921,0.226506639631327,3.66306021474976,0.000249219924004213,0.0231896270107472,"84798"
9281.37046241569,-1.01394305637166,0.278072664642909,-3.65815079189316,0.000254041575214719,0.0233362805080729,"10628"
36.9257798745965,1.12433739371858,0.307004979824473,3.65624950499004,0.000255932262302898,0.0233362805080729,"2825"
1719.4759369763,-0.786346144934838,0.214975549271358,-3.65784916682827,0.000254340641963285,0.0233362805080729,"953"
2432.23892655183,-1.08046221623178,0.298694522693135,-3.65875323262882,0.000253445231116129,0.0233362805080729,"10335"
151.593760798177,0.643856968782954,0.176109309527274,3.65585354433027,0.000256327672023217,0.0233362805080729,"11133"
65.6118162327134,-1.35165025371988,0.370250678292775,-3.65182131141081,0.000260387045377257,0.0236094839314622,"107984590"
1149.34383676901,-0.685346331817245,0.18778469434392,-3.64948433196447,0.000262767265518968,0.0236331607153249,"66008"
250.775230264237,-1.37494957001691,0.374914461597169,-3.64963740737508,0.000262610735571788,0.0236331607153249,"5858"
97.9935904674518,1.19586824670456,0.434678017572931,3.64495500765222,0.000267438584888516,0.0237159288281781,"6705"
285.081324747527,0.89432007139432,0.24538268962831,3.64272349848891,0.000269768571063454,0.0237159288281781,"9136"
513.838702555597,1.11711742594423,0.306220269008901,3.64531990053446,0.000267059388478883,0.0237159288281781,"10105"
107.813839050004,0.734473307678244,0.20156525691367,3.64315825011435,0.000269313146628522,0.0237159288281781,"741"
895.5276978527,-1.07543876500233,0.299046987869211,-3.64565479086066,0.000266711814307974,0.0237159288281781,"5139"
924.032426817739,-0.792067309092122,0.21848259726717,-3.64243892536921,0.000270067066682682,0.0237159288281781,"81794"
1794.86407201753,0.968851195636186,0.266008043209017,3.63852269833481,0.000274206463930122,0.0238913092889116,"706"
19.8070298522554,0.95928961255142,0.263685472366051,3.63308507662375,0.000280052628433264,0.0242115266558293,"107987181"
272.970826167531,1.01327437294131,0.279171579886523,3.63178519018409,0.000281467373276787,0.0242398832468677,"163732"
33.4608567726833,-0.881763123144149,0.243374743595556,-3.62951537812626,0.000283953815425098,0.0243599609732954,"100129455"
39.025006349785,-1.16482519058691,0.323631920608094,-3.626533476264,0.000287251594109975,0.0245371668159505,"107984999"
66.5183778527289,0.802101823430075,0.221068758551811,3.62566429772173,0.000288219578828918,0.0245371668159505,"146956"
386.06408129109,-1.04188554797492,0.291728552297967,-3.62342428191473,0.000290728339142077,0.024618817099992,"3233"
336.095075136962,1.35908475685255,0.377917657999561,3.62283994841854,0.000291386133799501,0.024618817099992,"221946"
125.822533819766,-0.694830210377293,0.19215848140381,-3.61504896005704,0.000300290865316543,0.025086096445264,"728558"
447.01020173298,1.310940318456,0.43620602202713,3.61513814032624,0.000300187509965597,0.025086096445264,"7053"
205.632932881971,-1.24058925233153,0.347186127063611,-3.60927976396725,0.000307048329440726,0.0255548992096097,"148"
71.5983282236704,1.04587048818143,0.290320470400228,3.60592465178902,0.000311043386742593,0.0256008219235924,"6785"
1130.48172599745,0.921131055667928,0.255070278802464,3.60607491882341,0.000310863422054847,0.0256008219235924,"3692"
19.8973142024449,-1.15837556102644,0.326224488003122,-3.60682482957216,0.000309966760881162,0.0256008219235924,"100132741"
1099.14616096399,-0.740128365067184,0.205584967328606,-3.59986548762728,0.00031838183693937,0.0261084811504876,"162394"
91.9625836786619,0.520405594469385,0.14476528633175,3.59474252842584,0.00032471253913715,0.0263110713818056,"839"
447.91973078775,-1.17873909451432,0.328710974246673,-3.59455945228681,0.000324940941357334,0.0263110713818056,"157869"
270.0247451196,-1.15189282565076,0.320144423715426,-3.5933587776148,0.000326442610434558,0.0263110713818056,"387751"
192.653025510249,1.35178180839348,0.378825581861103,3.59689900293881,0.000322033448381105,0.0263110713818056,"64220"
31.7730976559225,-1.35315693664653,0.382318965653196,-3.59311335195748,0.000326750359684382,0.0263110713818056,"102465433"
160.934348166011,0.861169090935034,0.239448762394939,3.59119699714191,0.000329162709251654,0.0264099792440941,"79957"
2891.78269133642,-1.01164466409706,0.283869974670584,-3.58758855650634,0.000333750395642136,0.0265335913798926,"11030"
110.672631444598,-1.07834418314106,0.302476526609041,-3.58390580476612,0.00033849420006054,0.0265335913798926,"8395"
42.6689297292669,1.31075031433288,0.431502865659899,3.5839808940396,0.000338396849675993,0.0265335913798926,"105378485"
86.9319415504847,-0.955638993857747,0.266622400766615,-3.58257798540391,0.000340220001553431,0.0265335913798926,"23584"
214.85584203017,0.629836644299344,0.175663184957315,3.58547528547145,0.000336464867818451,0.0265335913798926,"78988"
45.4025808570405,-1.26909223209671,0.418268226088354,-3.58309338846166,0.000339549143541083,0.0265335913798926,"80343"
6876.9386659589,1.44136929628001,0.410265809449081,3.58291206543216,0.000339785015663929,0.0265335913798926,"112268284"
128.761426772523,-0.848081754504076,0.237123205145835,-3.58272047023486,0.00034003441678763,0.0265335913798926,"107985561"
133.907686080257,-1.38466055922607,0.38950153588848,-3.58100105727919,0.000342280268982096,0.0265732647494815,"9214"
263.614401423772,1.51873971610969,0.437009495434577,3.58036740616918,0.000343111421109647,0.0265732647494815,"25818"
248.444719879697,-0.981145412470551,0.274441269236804,-3.57601537509099,0.000348871142351094,0.0267724748508543,"65055"
63.6989789136418,-1.16987106121399,0.332501502497222,-3.57701376915998,0.00034754187363718,0.0267724748508543,"100506035"
40.3954020296077,-1.40059896103691,0.422915725946754,-3.57570565333294,0.00034928447350812,0.0267724748508543,"3223"
337.552869588863,0.816711081449518,0.228376939931239,3.57443358654091,0.000350986885901288,0.0268043939811825,"84975"
214.472042532331,-1.23546919776495,0.352588897722857,-3.573601737954,0.000352104345953215,0.0268043939811825,"6442"
184.696754272048,-1.22488160873889,0.343248278177215,-3.56819245277374,0.000359452448883615,0.0272707036474457,"107984591"
138.962651306176,-0.615627501001226,0.172609139795433,-3.5667129996099,0.00036148700578153,0.0272825162058572,"64081"
6080.75867314873,-1.12396904693996,0.320383796437272,-3.56630175476567,0.00036205446298739,0.0272825162058572,"7168"
877.963684133802,-0.942938303604026,0.264523490983358,-3.56447736615911,0.000364581908496486,0.0273804695926401,"91526"
77.5592010881137,-1.21603974333326,0.359988353467226,-3.55860836001902,0.000372824973334586,0.027812244248254,"79785"
70.1228680693878,-1.06520596028647,0.304909153035219,-3.55935632864008,0.000371764842549858,0.027812244248254,"57565"
221.622945227631,-1.06700573624059,0.301730798002533,-3.55374609304043,0.000379785686610056,0.028167625536295,"284"
20.0777546454663,0.903804965762947,0.254195241329364,3.55351843071284,0.000380114561148836,0.028167625536295,"101927423"
330.660709277399,-0.83177402332232,0.235141233098053,-3.55038618981742,0.000384666415761946,0.0283167802098027,"6886"
91.7508575115467,1.02235281552044,0.287546923570139,3.55076277971573,0.000384116463652078,0.0283167802098027,"79007"
168.038084306152,1.32551897290364,0.374805908085522,3.54754328779638,0.000388841847825569,0.028343520966501,"3037"
32.6471806653773,1.20149768270199,0.338725176825288,3.5482864010902,0.000387746351466035,0.028343520966501,"105376617"
869.292758323036,1.00489080346077,0.283351920601706,3.54776267081361,0.000388518133227289,0.028343520966501,"25946"
98.564443649594,-1.01304077403353,0.28754911535005,-3.53946467557761,0.000400939425257785,0.02847876196154,"105378626"
471.178729091851,0.821160261115378,0.231810232364389,3.53917339650809,0.000401382109239993,0.02847876196154,"25974"
26.6924373019408,1.09056781010752,0.404042118723417,3.53943150505378,0.000400989814574359,0.02847876196154,"84648"
91.3119152003326,-1.33419311436941,0.408283529462969,-3.53875215585949,0.000402023115695716,0.02847876196154,"4889"
226.781085897576,-1.08051772678693,0.306876231888495,-3.54187650467172,0.000397291429065679,0.02847876196154,"2201"
85.9686452120583,-0.849321101102921,0.240836886913682,-3.5403288314961,0.000399628769347177,0.02847876196154,"9365"
18.0810823659246,1.18564937377523,0.334129003915934,3.53811708654227,0.000402991315513769,0.02847876196154,"105371824"
396.880019481708,-1.24003993950516,0.353703182397075,-3.54487878490472,0.00039279367679279,0.02847876196154,"94274"
583.670834598311,1.54162013273171,0.417295463711459,3.53780684538337,0.000403465087641633,0.02847876196154,"342897"
461.660398140671,1.26186937299178,0.354552841628899,3.54030024105386,0.00039967206805938,0.02847876196154,"54869"
220.735767670209,1.20799529794439,0.341739484528628,3.53656503394752,0.000405366683823346,0.028522725181955,"26834"
1946.41626549597,0.724732231482833,0.205034844193981,3.53120999037677,0.000413663202740141,0.0288336179284964,"10890"
73.4601774968683,-0.967576245725544,0.274637689084953,-3.53229908868606,0.000411963132540131,0.0288336179284964,"8614"
2601.41187682999,1.2311664813019,0.347181687035329,3.53160084188587,0.000413052335526947,0.0288336179284964,"84790"
52.969125418051,-0.769334568253402,0.21798863351008,-3.52765711881747,0.000419254858873435,0.029127701882111,"118433"
46.4255252945497,-1.23358544100596,0.350540575299421,-3.52687573839474,0.000420494059898665,0.029127701882111,"100379174"
22.176308420953,1.43097729312712,0.414729068094374,3.52435590989229,0.000424513627460618,0.0293150974009569,"100189324"
91.3154307088555,-1.39204215732487,0.417860771393728,-3.52231665460657,0.000427792833429206,0.0294503677457976,"342667"
26.4651120265539,-1.46248720395448,0.413179665560042,-3.51923894584994,0.000432786725973745,0.0297024859164443,"9437"
90.2038436279768,-1.02087786137667,0.431802840854784,-3.51657543604498,0.000437152417122218,0.0297570511177597,"5284"
1597.08689393285,1.39962199862813,0.4091924269827,3.51768899485427,0.000435322234007635,0.0297570511177597,"8870"
193.056845077981,0.743497502762384,0.211436042238555,3.51631343267409,0.000437584073823142,0.0297570511177597,"65263"
299.010529899036,-1.178468071653,0.336898001827072,-3.51342699850321,0.00044236595222839,0.02999079806825,"348093"
144.788485378081,-0.77575949962533,0.22133856737962,-3.51059938188332,0.000447097647521628,0.0302197364483936,"220164"
307.797701593588,0.822763820666122,0.234408311339218,3.50678351085515,0.000453557987283591,0.0305151679729186,"51154"
2900.8966692333,-1.13353562149534,0.326240709571459,-3.50640432213787,0.000454204697019008,0.0305151679729186,"7169"
209.588541529508,0.988019521055388,0.282277502120407,3.50287176242343,0.000460270995591878,0.0308298635335641,"2730"
622.259046295739,1.04293784839031,0.297766779847239,3.49516633881373,0.00047376639749929,0.0312643772077564,"1893"
1075.11756992635,-1.0719314658832,0.310855211235517,-3.49724973028944,0.000470081555202428,0.0312643772077564,"64094"
620.072856571846,0.79746032422409,0.227598546561464,3.49675921284992,0.000470946706787799,0.0312643772077564,"90861"
726.200803454687,-0.621732220097382,0.177943366935248,-3.49577202328579,0.000472692370002145,0.0312643772077564,"9459"
63.3785196282076,-1.02419780690995,0.297100565642389,-3.48833409616514,0.000486040344386573,0.0315903119463675,"100506783"
152.13245481782,-1.15479282445386,0.336695430051149,-3.48778640390598,0.000487036990215714,0.0315903119463675,"93166"
60.8051199745594,0.68820792113887,0.197228526517939,3.48888562113084,0.000485038646424269,0.0315903119463675,"118663"
182.650218391344,0.824924673298433,0.236284746593787,3.49043062738563,0.000482242796676273,0.0315903119463675,"26521"
226.743906212332,-0.795290430061119,0.229019523061188,-3.49072123649745,0.000481718591637477,0.0315903119463675,"101927999"
281.015929343825,-0.83808445870017,0.241356308983471,-3.48540525994274,0.000491392198098241,0.0317695738509602,"9338"
39.0020374221302,-1.08588192306937,0.319088203049339,-3.47787487916669,0.000505405780430916,0.031878666672707,"2306"
62.6582361345134,0.943492059847498,0.271080320615431,3.47759034057116,0.000505942524193602,0.031878666672707,"148523"
150.58046915076,-1.13344849071577,0.329513825935633,-3.47788067762876,0.000505394847933943,0.031878666672707,"84417"
15.626018023658,1.37055464300543,0.393693564690038,3.48084735473226,0.000499830256713304,0.031878666672707,"100616361"
22.6928599908205,0.745186195654371,0.213729639481324,3.48293455714006,0.000495949585082482,0.031878666672707,"109617006"
281.23491888677,1.04943301947035,0.301282548035399,3.48193649117521,0.000497801740201759,0.031878666672707,"340075"
19.7010112650917,1.40187148572357,0.410623536576967,3.47897402931575,0.000503337363736723,0.031878666672707,"84419"
256.879506111217,0.794135849209784,0.228200814603937,3.48043233566933,0.000500605255600946,0.031878666672707,"90187"
16.6638495990337,-1.32418423221799,0.384021642737707,-3.48110577084875,0.000499348260536444,0.031878666672707,"103504739"
445.759729867391,1.2428703477656,0.358493393229841,3.4745182513013,0.000511771547308148,0.0321551108808683,"56938"
305.01801855683,-1.16471965232,0.344132203806238,-3.47156912160154,0.000517426104603045,0.0324190709639633,"5137"
256.360233435341,-1.28727325888049,0.390299469659825,-3.46895643979642,0.00052248416145866,0.0326442835331524,"152"
4621.44443495281,-1.21196785703215,0.426577297152681,-3.4670975665909,0.00052611088765555,0.0327790596345169,"3045"
128.671407482281,0.962900674563304,0.277807082109533,3.46632325777541,0.000527628501348047,0.0327820437954545,"6043"
346.091473465104,1.08862448498352,0.313190317118115,3.45973926352016,0.000540698672411936,0.0335007885781895,"55612"
201.140887693704,-0.760046344177727,0.220370027805654,-3.44771495778881,0.000565350335386827,0.0340057540199508,"100526772"
183.60253605385,-1.0954577185805,0.317863703270547,-3.44927702882012,0.00056208972226854,0.0340057540199508,"51176"
101.010592813232,0.519376214972123,0.150300778833971,3.45422784168197,0.000551870919688206,0.0340057540199508,"51373"
146.276433690555,-1.23622154562233,0.378397295804312,-3.45210898538626,0.000556223010533613,0.0340057540199508,"6833"
73.8724382641162,-0.960477089189454,0.27860804566239,-3.44758655921183,0.000565619132096022,0.0340057540199508,"4908"
94.8629045707913,-1.13685433848629,0.329557065878538,-3.44921936106863,0.000562209783934075,0.0340057540199508,"64881"
28.5795444322428,-1.25431298078982,0.376449648278593,-3.45348575677142,0.000553391526045636,0.0340057540199508,"373861"
43.8838821168347,-0.821485342266105,0.238137129965278,-3.44981481799991,0.000560971218507983,0.0340057540199508,"107984984"
138.729189953108,0.949264606807832,0.275333754056789,3.44797664548394,0.000564802872095889,0.0340057540199508,"54958"
21.36458178949,-1.20846344544985,0.353308160807521,-3.45211945398205,0.000556201429873847,0.0340057540199508,"107987303"
120.883323528318,0.597388241575859,0.173394095388698,3.44327098872097,0.000574723116560314,0.0341972125583116,"57673"
5763.53960256891,-0.531943681494212,0.154459435422665,-3.44445315862273,0.000572215774587505,0.0341972125583116,"7402"
331.767782730126,0.80207155205175,0.232608153081637,3.44514580476692,0.000570751432017064,0.0341972125583116,"9526"
60.6167403831199,0.643101590755186,0.186680472867145,3.44317068657803,0.000574936324114183,0.0341972125583116,"1678"
1534.21680533394,-1.19578184260779,0.349296012329741,-3.44030411920548,0.000581060870786146,0.0344695817098005,"2977"
166.269753798099,-0.548054442531439,0.159404911659147,-3.43833597039581,0.000585301017620061,0.0345309990008847,"100288069"
305.592484836623,-0.934403960498435,0.271812615180688,-3.43767078655938,0.000586740579302188,0.0345309990008847,"144571"
186.960417264224,-0.920969228343334,0.269518734979213,-3.43488013102137,0.000592815989123002,0.0347967385194436,"100506965"
670.072652244998,0.684249046124347,0.199171096600269,3.43331125246481,0.000596257186522829,0.0349068675732066,"23428"
68.1701647855763,0.89381910972778,0.26031355044723,3.43089324220763,0.000601597309213308,0.0349549288992223,"1041"
51.7347550794966,1.21437780055208,0.363325024479212,3.43099388649304,0.000601374153580375,0.0349549288992223,"105375520"
84.4691078457427,-1.12266098577375,0.336120166668829,-3.43081107983366,0.000601779542582442,0.0349549288992223,"2843"
280.408377152424,1.33754041435741,0.390400744928522,3.42956651149571,0.000604546244002493,0.035024425902534,"5744"
6466.44965058695,1.0819964892884,0.315660656610212,3.42823916322254,0.000607510009402358,0.0350404781995792,"54663"
21.669048676725,-1.03791296786911,0.304438983728834,-3.42650937910576,0.00061139264686688,0.0350404781995792,"259292"
244.697600533548,0.662639598910156,0.19310511905625,3.4259389094589,0.000612678166233396,0.0350404781995792,"84650"
43.0006867031072,1.29892591392825,0.37554928975205,3.42782263852741,0.000608442829002239,0.0350404781995792,"105370708"
67.1236308046835,-0.81531652728749,0.238613202223113,-3.42501020634338,0.000614776324980799,0.0350705522473062,"974"
26.2119393889697,-1.17653012548791,0.351006905818262,-3.41686869839223,0.000633458232291391,0.0350749229272851,"105378605"
129.77931710778,-0.792974072220517,0.231878850292661,-3.42047435540745,0.000625120292016402,0.0350749229272851,"2494"
18.6525738047358,-1.30574622375862,0.382061904751234,-3.41508698102967,0.000637616467462022,0.0350749229272851,"100874090"
80.268704380384,0.709901112961675,0.207863883393804,3.41546450828809,0.000636733266683108,0.0350749229272851,"653659"
1536.6496791306,1.05642002423398,0.310151235424846,3.41523588614123,0.000637267977510817,0.0350749229272851,"7422"
125.775232504612,-0.718077043366108,0.210442170839834,-3.42175110346404,0.000622192423281852,0.0350749229272851,"4752"
2743.85160004104,-0.573745366215597,0.167863806157804,-3.42109653947853,0.000623691887263128,0.0350749229272851,"54832"
147.721674449904,-1.38457564028431,0.403972793554737,-3.42176029233293,0.000622171397471521,0.0350749229272851,"30009"
46.2646937007389,0.897081636356017,0.262220322159837,3.41537224533859,0.000636949004796221,0.0350749229272851,"163154"
491.273005439633,-0.846842719461579,0.247955191768506,-3.41485285606906,0.000638164760108542,0.0350749229272851,"951"
650.649110469491,-0.746444832624722,0.219086997323147,-3.41473511962973,0.00063844065045854,0.0350749229272851,"5332"
195.637591778149,-1.25007006286348,0.389616879396302,-3.42217198445708,0.000621230048733724,0.0350749229272851,"253868"
41.179379165806,-1.24259421566199,0.366828824941602,-3.41503798651206,0.000637731170493087,0.0350749229272851,"103504727"
19.3215077494801,-1.10995593190292,0.33019996610123,-3.41846236515864,0.000629760263414976,0.0350749229272851,"441501"
946.247598716942,0.805591610046107,0.235878136597521,3.41530288137173,0.000637111243075745,0.0350749229272851,"84061"
317.670700198474,-0.908479942408177,0.268517212560184,-3.40590645902639,0.000659447694733507,0.0351124923118692,"9429"
250.343734874612,-1.16524345383087,0.341058108825473,-3.41097338595207,0.000647314095065636,0.0351124923118692,"105375059"
11587.8362340291,-1.18918927081803,0.353184919391108,-3.40790721352426,0.000654631505700213,0.0351124923118692,"59"
108.082405426154,0.777127550043856,0.227892953050149,3.41004800481237,0.000649514459768367,0.0351124923118692,"92565"
76.5584513845531,1.04824114258309,0.307191223474265,3.40609722015774,0.000658987080125999,0.0351124923118692,"654320"
349.802004383141,-1.33675367501283,0.390156437324033,-3.41346705344512,0.000641419134846404,0.0351124923118692,"3824"
98.2289826766652,-0.596703707600115,0.1753289723938,-3.40697545837308,0.00065687033001601,0.0351124923118692,"5554"
115.835018451514,0.92381390867156,0.271146806234621,3.40615209001587,0.000658854645980061,0.0351124923118692,"4234"
364.636056551698,-1.06545632186855,0.318521632991365,-3.41010985158436,0.00064936718431199,0.0351124923118692,"9628"
1292.60073740784,1.08481073519962,0.318986889945948,3.41153658570505,0.000645978318439662,0.0351124923118692,"51673"
164.749761801475,-0.986932768428769,0.290040927912058,-3.40584793270664,0.000659589073242466,0.0351124923118692,"57139"
21.3158836237783,-1.45630724644432,0.433386050424822,-3.40730682152516,0.000656073315006402,0.0351124923118692,"147646"
36.9437720138801,-1.21472931144837,0.415310284171727,-3.40924203356149,0.00065143655802152,0.0351124923118692,"100130302"
628.163140376117,0.887702401474797,0.260583319712262,3.40491932413921,0.000661836031691894,0.035148220683066,"10999"
88.28993202397,-1.11253754190206,0.334112744958097,-3.40392954613806,0.000664238836894135,0.0351920362397237,"101054525"
2411.1329608744,1.2218926440674,0.354914175446729,3.40097654514554,0.000671455887342358,0.035406202286457,"140576"
60.6154573557264,1.21067504958834,0.372105750434017,3.40106286616442,0.000671243890891156,0.035406202286457,"643904"
64.5081310877659,0.856639011663853,0.252209687072436,3.39594097802414,0.00068393105711832,0.0354110300415186,"692073"
33.4413113213069,-1.07844039200597,0.321564758867894,-3.39874188910018,0.0006769657081248,0.0354110300415186,"107986013"
106.863267202707,-0.836960534673079,0.247807880465602,-3.39739412503705,0.000680309075863784,0.0354110300415186,"10815"
30.2094369792902,-1.42343929096095,0.420998865501998,-3.39629584261044,0.000683044903674446,0.0354110300415186,"8328"
20.8055575324794,-1.32622548159721,0.429464758759744,-3.39790659249075,0.00067903600499774,0.0354110300415186,"89792"
51.0879170231394,-1.12770079289588,0.345004201039162,-3.3954991302179,0.000685035915188051,0.0354110300415186,"102724775"
49.1948510299351,1.36106071620613,0.397200343764599,3.39663028484632,0.00068221072511414,0.0354110300415186,"107984500"
262.39556298025,0.882431593725527,0.258962548303398,3.39994088452355,0.000674004232442085,0.0354110300415186,"100303728"
26.2275259734405,-1.2473251649475,0.399912767933168,-3.39125163025187,0.00069574191336422,0.0354897726711252,"105379059"
97.6706068159783,-1.15968904174485,0.345399363912744,-3.39079289211429,0.000696907439137092,0.0354897726711252,"9172"
43.2514919355805,1.28071160757078,0.381479784333276,3.39318933101442,0.000690838714744047,0.0354897726711252,"594842"
36.8598642616979,-0.970636468893102,0.286193325510629,-3.39225623979427,0.000693195805307041,0.0354897726711252,"971"
784.360195633956,1.30868568360791,0.386631999689711,3.39328664424778,0.00069059332029897,0.0354897726711252,"4860"
689.535463448037,1.38601432154315,0.413568862464183,3.39193615115377,0.000694006104562414,0.0354897726711252,"109864280"
29.7781086201021,-1.16381121175251,0.374715262787557,-3.38815647323451,0.000703641101383808,0.0357418912359324,"101929667"
385.5713366349,0.843862347683128,0.249036911014576,3.38760272554151,0.000705063086474344,0.0357418912359324,"79763"
726.293126569899,-1.38031270434027,0.410944020191283,-3.38614276407411,0.000708824976150867,0.0358511135896714,"5551"
190.329836527013,1.28703421395946,0.395047762796695,3.38524839739727,0.000711138698322659,0.0358867616879794,"407018"
18.9289316908253,-1.26962331799849,0.383924967331033,-3.3840361883084,0.00071428587963124,0.0359642134202592,"107985394"
33.7331787874708,1.36651070153246,0.403613239227806,3.3798027024745,0.000725378808660594,0.0361207081937976,"128218"
461.725530942968,-1.28719827203375,0.388666167798339,-3.37978450797263,0.000725426826902247,0.0361207081937976,"4856"
6540.56265841615,1.21392085417745,0.357744048787928,3.38056170737976,0.000723378300420093,0.0361207081937976,"5493"
149.77472287255,0.931085616368763,0.274980944413572,3.37976018524961,0.000725491023125816,0.0361207081937976,"147166"
534.523042332861,-0.816721927720457,0.241904245611812,-3.37806613423444,0.000729975226287902,0.0362630232123645,"2313"
80.0851156400581,0.8637181085404,0.255909457349791,3.37666522828556,0.000733702900257596,0.0362865702666201,"677796"
176.517135393645,-0.835280586635369,0.247380541130057,-3.37701137165725,0.000732780205397114,0.0362865702666201,"102465513"
140.044834327961,-1.09208867431998,0.333155550219659,-3.37604498684108,0.000735358942785404,0.0362880115460806,"2823"
539.257118017585,-1.04828416411725,0.312199225552726,-3.37396665991853,0.000740933410571288,0.0364823834940234,"285382"
21.1544156133358,1.22656986490712,0.362245209591508,3.37297548064974,0.000743605741119214,0.0365333173032248,"105378662"
163.43132075255,0.752659346930577,0.223139704067817,3.37175456604434,0.000746909767696769,0.0366149942164317,"148206"
32.2116223505642,1.28946071663277,0.377037558769864,3.36881573219694,0.000754918796558771,0.0369264556079899,"112268088"
303.556949286803,1.08680976007617,0.321136053246306,3.36798453495463,0.000757198433826735,0.0369569169945412,"29984"
166.37687173984,-1.03648170991206,0.308691705004084,-3.36717077134381,0.000759436448636114,0.0369852183118527,"2170"
25.4188193818272,1.40839887098239,0.422549656830968,3.36616495084847,0.000762211146158178,0.0370394762855297,"3589"
415.384957920428,0.93181289629759,0.277230102917722,3.36491114808897,0.000765683117568134,0.0371273085594723,"51337"
129.771731152299,0.618812710527998,0.183941795088291,3.36185791592634,0.000774199493853986,0.0373539716447137,"5723"
1377.15189479899,0.967385477860454,0.287248137173222,3.36143654578331,0.000775381702376259,0.0373539716447137,"10755"
17462.5545089707,1.19328448040486,0.355804775506947,3.36163826408988,0.000774815546588559,0.0373539716447137,"100500862"
242.991490480714,0.780663920239207,0.232313219363899,3.36043380107053,0.000778201775149248,0.0374090314541034,"339665"
779.534249552631,0.968789019997327,0.288152806259427,3.35903847952067,0.000782141757268743,0.037517573969633,"1534"
79.6580062721093,1.31898837152204,0.406553550773506,3.3569101133637,0.000788187321396217,0.0377264339136108,"124590"
2109.7765695929,1.35140823929333,0.397743786485565,3.35408192906706,0.000796287818946794,0.037951281627368,"1382"
13012.4824861883,1.33567369269159,0.408396395077097,3.35458514454114,0.000794840879681779,0.037951281627368,"109910382"
231.893231940942,1.04086554955895,0.308821223319916,3.35161280960492,0.000803422983981202,0.0381382906144843,"642475"
103.625778727201,-0.896814772498388,0.269495682293073,-3.35154102131162,0.000803631319829976,0.0381382906144843,"112268086"
229.332601138821,0.625429517329787,0.186563803044652,3.34984874273191,0.000808557002820778,0.038290581630398,"11161"
246.40264616246,-0.779468077017056,0.233896661321145,-3.34706862656544,0.000816709890223308,0.0385947332657434,"101929285"
2256.80492108226,-1.05291684275971,0.315529611931982,-3.34226744719354,0.00083096953012308,0.0391029016231968,"3679"
41.6449979388388,0.855972045140057,0.256337669770881,3.33722027756301,0.000846208527932955,0.0393222525323845,"84842"
153.713026762216,-0.759580421185127,0.228218784808378,-3.33888216787468,0.000841162366675237,0.0393222525323845,"170575"
439.005555504804,1.10386757782416,0.333198392712549,3.33728888281227,0.000845999660676548,0.0393222525323845,"23529"
531.800986122959,-0.547143977584494,0.163834338703419,-3.3397420183277,0.000838562487911033,0.0393222525323845,"23479"
1057.0048576346,-0.902150586059719,0.271939624541981,-3.33823558672155,0.000843122318419591,0.0393222525323845,"90627"
1636.06259777267,-1.0142778232401,0.309573809176131,-3.33870862212571,0.000841688012601278,0.0393222525323845,"6263"
71.8092355846321,-1.42367198445715,0.435085367693989,-3.33399485684956,0.000856082406979942,0.0395471811384601,"3047"
82.2236697807056,1.16231267961023,0.348731936185549,3.33332673166082,0.000858141029859434,0.0395471811384601,"283208"
34.8745665762536,-1.40141371634662,0.436790078123686,-3.33357625293734,0.00085737167007903,0.0395471811384601,"3042"
36.1451703212381,-0.986306879767768,0.29648060734563,-3.33455280335572,0.000854366776084192,0.0395471811384601,"105371058"
13365.2864509698,1.34473609209039,0.421441685051814,3.33262981543174,0.000860293254409484,0.0395646207002135,"109864282"
49.2177027913856,1.22583737209125,0.379674344189265,3.32825761187498,0.000873910151137391,0.0401081603315216,"23657"
83.4358420127194,0.835922421567162,0.25140887048871,3.324991486758,0.000884212349001837,0.0404146648452581,"54754"
39.1106917325703,-0.905094588822363,0.271974401735956,-3.32539971668916,0.000882918558355822,0.0404146648452581,"51087"
79.9144619596028,-1.31878875193197,0.39377978417083,-3.32395808609659,0.000887495333930341,0.0404236887793454,"343413"
44.4394523334656,-1.1960408800693,0.366524964266509,-3.32328334676099,0.000889644990192728,0.0404236887793454,"102724566"
141.132484256598,1.04541556752946,0.314129845557896,3.32322010348839,0.00088984672453076,0.0404236887793454,"4830"
275.498159022446,1.17121031373936,0.350993669147226,3.3225410262074,0.000892015529158884,0.0404398503615628,"55686"
537.650901915266,-0.863560697884093,0.260895536828973,-3.32053398861277,0.000898454184401495,0.0406491289717553,"10231"
53.6783980843801,-0.721091249886539,0.217337985502951,-3.3189572293819,0.00090354267442508,0.0407965978806709,"105378367"
32.2804944944899,-1.30595926671034,0.422583892407667,-3.31807857909146,0.000906389815611206,0.0408424744186019,"640"
170.481075886705,-1.10202503100932,0.338668113790028,-3.31074775693017,0.000930470417963407,0.0409475944056665,"440556"
402.278150834,-0.560995961848316,0.169524629432692,-3.30914142248649,0.000935825538664095,0.0409475944056665,"5495"
177.779704564221,1.36904677690844,0.435516479412881,3.30874920307622,0.000937137430930231,0.0409475944056665,"84651"
223.135368090563,1.14129336446856,0.345412287332796,3.30916214497297,0.000935756273605296,0.0409475944056665,"8359"
47.6640574176408,-1.24937629517752,0.38357536865635,-3.31275136736367,0.000923830671481666,0.0409475944056665,"102723341"
1051.46606958466,-1.13527638482549,0.355733315996123,-3.31481020782557,0.000917053654195807,0.0409475944056665,"196047"
409.254625511584,0.803178296554353,0.24235407274526,3.30846626401692,0.000938084860809873,0.0409475944056665,"10072"
404.428280694077,0.807732519664952,0.243604623919878,3.31566311583861,0.000914259684008457,0.0409475944056665,"78999"
60.0321449487518,-0.946184169804886,0.286490365949436,-3.31257580989948,0.000924410690175669,0.0409475944056665,"105369378"
106.432482281396,-0.594191115044393,0.179469679558366,-3.31146590187497,0.000928085496808005,0.0409475944056665,"939"
46.0151832522723,-0.918709435988905,0.278653206134636,-3.3088925556409,0.000936657749012796,0.0409475944056665,"259295"
64.2758679567669,-0.818359821189369,0.247940660765159,-3.31358324091981,0.00092108685289241,0.0409475944056665,"259290"
15.764463520936,-1.20773620220116,0.367587609850336,-3.30846308003418,0.000938095527518295,0.0409475944056665,"105370353"
500.994411202047,1.37702230536701,0.403656080722286,3.3097926494487,0.000933651077246324,0.0409475944056665,"218"
28.6421808437232,-1.28087028307916,0.426723020158127,-3.31316750401105,0.000922457157654394,0.0409475944056665,"40"
349.232719872832,-1.15256996223362,0.354117793872185,-3.30632555366168,0.000945281899805644,0.041002917211431,"8622"
21.1464553422571,-1.14571637782703,0.370615369313017,-3.30672230986578,0.000943944161370125,0.041002917211431,"105377982"
907.011255408565,-0.560533657676897,0.169641013369314,-3.30590076871879,0.000946716088943599,0.041002917211431,"55501"
213.14064879092,0.600239216832233,0.181393076604601,3.30715126734904,0.0009424998233934,0.041002917211431,"5982"
29.5918658072852,-0.877365538787554,0.266016384902246,-3.30529072722464,0.000948779280647991,0.0410126392535919,"100132594"
80.6771457926417,-1.19165936247098,0.364492544085853,-3.30411413680653,0.000952770337999684,0.0410261436082682,"3741"
15.49857252613,-1.02805232532017,0.310127692438871,-3.30464086404006,0.000950981732509489,0.0410261436082682,"259296"
31.7392247837975,1.05704806335904,0.319965855706572,3.30214204134382,0.000959494683584972,0.0412360865459784,"1583"
1729.44768960243,-0.878551229938421,0.26647225198291,-3.29726715714353,0.000976305875441989,0.0412944904234807,"84886"
264.159090542333,-1.16791075608694,0.373535039652723,-3.29865036534508,0.00097150833056535,0.0412944904234807,"107986294"
10855.8324687557,-1.15143496272892,0.349292222753827,-3.30017638350254,0.000966240796101284,0.0412944904234807,"171024"
1670.54448754776,1.33892061280166,0.407734917607705,3.2958176566607,0.000981356883669546,0.0412944904234807,"647024"
319.151708678141,1.28896778247507,0.392104355375639,3.29532763271187,0.000983069913242244,0.0412944904234807,"1846"
5120.46738888547,-1.10354443677355,0.334951500274114,-3.29721559009888,0.000976485155004342,0.0412944904234807,"10580"
124.280090568578,0.733354017598865,0.222328749129338,3.29808437788853,0.000973468766837974,0.0412944904234807,"29901"
97.4849040464631,1.21978891761716,0.370549691279691,3.29627801180168,0.000979750088995423,0.0412944904234807,"55507"
533.641977122748,1.21441459574564,0.365929930626924,3.29648236448209,0.000979037610237822,0.0412944904234807,"2769"
302.004377381373,1.06146044187576,0.321231897596098,3.29653344039895,0.000978859608227585,0.0412944904234807,"10682"
430.272167226213,-0.652878414373387,0.198545449438967,-3.29400573941166,0.000987704816770356,0.0413335008218814,"22841"
234.890006350542,-0.909416754483525,0.277462987044255,-3.29422644220632,0.000986929570681965,0.0413335008218814,"107984428"
39.285245549623,-0.960368709679145,0.296786095919764,-3.29313630980745,0.000990764285489584,0.0413838902394104,"105373300"
115.323180815733,-1.29880132274855,0.413381487031996,-3.29231357566551,0.000993667513612844,0.0414275773666065,"359822"
99.9791723600359,-1.24858313676665,0.376589033594286,-3.29141576836228,0.000996844642518765,0.0414824995361587,"253128"
85.0231504569081,-0.906009617782914,0.276287355852922,-3.29063932784041,0.000999599863843544,0.0415196926685852,"54997"
566.144255949843,-0.99315538474709,0.307973696672308,-3.28908076946224,0.00100515174394911,0.0416726945144702,"283417"
96.8759433603857,-0.992014590924654,0.304535301271919,-3.28774258938189,0.00100994135646491,0.0417935843338588,"101926915"
2681.19320592551,1.2665837058139,0.388893532033672,3.28519331388619,0.00101912422820251,0.04194015850564,"9052"
256.310648524977,-1.14871311984855,0.364914063625887,-3.28541878732098,0.00101830893454018,0.04194015850564,"27151"
413.231737748659,0.521537621264941,0.15883253554226,3.28183125086628,0.00103135306529241,0.0420554481194648,"79828"
26.6772188258682,-1.2466995130393,0.379524162158903,-3.28198863754396,0.00103077758603316,0.0420554481194648,"29909"
21.5238739352314,-1.29158583565013,0.397902685909555,-3.28188426827962,0.00103115917564612,0.0420554481194648,"103689846"
316.158106151262,-0.880244108945679,0.270502947479053,-3.28361724024044,0.0010248400760854,0.0420554481194648,"79940"
26.6165154213783,-1.28614610322989,0.407241680751353,-3.28197425222509,0.0010308301731408,0.0420554481194648,"283738"
78.0684267257917,-0.974409297605,0.298018293010149,-3.27987722042022,0.00103852271900586,0.0422705278237696,"105369957"
33.800892203981,0.562609812283504,0.171625549440312,3.27480531416747,0.00105734814136684,0.0428802732603405,"105376860"
29.5215482087276,-1.00634719509813,0.43539820032988,-3.272659069239,0.00106540903425179,0.0431287631742036,"170067"
127.36290205636,-1.32012982592644,0.40172495272968,-3.27052652389909,0.00107347474885618,0.043353187438983,"64407"
205.773887614583,0.981520425225714,0.298175845785035,3.27016694792158,0.0010748402893413,0.043353187438983,"100506658"
1012.80498216218,-0.922913805458155,0.282182366826711,-3.26946757498937,0.00107750085966083,0.0433820517594489,"283349"
34.9476196158576,-1.06901971387115,0.427110409365128,-3.26849423133315,0.00108121381508337,0.0434531065683505,"105373234"
151.520660236719,-0.500678727464063,0.153258369834437,-3.26689364913777,0.00108734519940034,0.043620925670188,"8233"
46.3146953527471,-1.0628499748592,0.334483641975535,-3.26634216553788,0.00108946521743298,0.0436275074952292,"101928383"
152.470207140346,0.993409009532424,0.304128452237548,3.26520043382291,0.00109386642750037,0.043725252088523,"112268292"
269.402179039755,1.18062541593291,0.357973326560027,3.26421549878277,0.00109767641411166,0.0437990562017183,"347735"
183.004263549723,1.3622957369901,0.420698615294977,3.26324687638632,0.00110143526480672,0.0438705599669892,"57152"
376.474950759939,-0.863834707174927,0.265729962154257,-3.25869833687869,0.00111924610470078,0.0442716011109556,"285671"
116.905641139856,-0.898347649806586,0.278526468334362,-3.25953537589081,0.0011159486256078,0.0442716011109556,"105375079"
322.166553484665,0.986258373910453,0.30221817627193,3.25864835019263,0.0011194433098668,0.0442716011109556,"147040"
732.824344056462,0.691290840738733,0.211760528254732,3.25869920236479,0.0011192426905079,0.0442716011109556,"79603"
571.103475418407,-1.29991487804718,0.407745137382031,-3.25796113739085,0.00112215772886707,0.0443004037918231,"3575"
242.553847058792,0.765350269984389,0.234746259139845,3.25502004231469,0.00113384363946843,0.0446826543786986,"6182"
128.620128206873,0.950853974946587,0.291464854559087,3.25303138482002,0.00114180885194573,0.0448381099342419,"2237"
22.2060628612765,-1.31989998155779,0.431651819923612,-3.25352026575699,0.00113984594615383,0.0448381099342419,"10661"
1047.66258178419,-0.942826666786488,0.289867707993761,-3.25157418162214,0.00114767822050675,0.0449893896456996,"25849"
224.933754878676,0.652217104448366,0.200726145953481,3.25042901029067,0.00115231033297663,0.0450275870835733,"89887"
1431.41163305945,0.919929357026333,0.281865748073963,3.25033531646107,0.00115269007956603,0.0450275870835733,"83999"
52.2219826013126,-0.921670200868969,0.285722612717936,-3.24828773563213,0.00116101798446858,0.0452736121391114,"163115"
136.827161012534,0.775469710680181,0.239220547149293,3.24406264628217,0.0011783782628311,0.0453950382598406,"56902"
2515.20869408899,-0.727124324961894,0.224436739174968,-3.24434486595993,0.00117721122888626,0.0453950382598406,"9839"
35.9870659714148,-1.35077174431365,0.41819111479596,-3.24613786454158,0.0011698217379484,0.0453950382598406,"105375130"
796.588663633524,0.687319910569468,0.211624129701085,3.24520242732921,0.00117367159367381,0.0453950382598406,"5425"
241.133318172288,-0.829440929277532,0.255537384417239,-3.24502552407021,0.00117440096619531,0.0453950382598406,"5577"
276.655236203985,-0.964860044937756,0.302508493794427,-3.24644210648257,0.00116857212658644,0.0453950382598406,"644192"
1035.67538821269,-0.915664409189619,0.283128944144152,-3.2427383876323,0.00118386862355261,0.0455231915372168,"79974"
28.9249045332001,0.962650246865826,0.298129769874777,3.24227706962651,0.00118578678695911,0.0455231915372168,"9298"
646.235067889966,-0.515010481154406,0.1589655015325,-3.24172416948345,0.00118808953260941,0.0455332251286133,"84532"
137.770873948506,1.18322808486521,0.362794533487173,3.23724644227682,0.00120689137627307,0.0458598162653675,"8808"
4038.42104825215,-1.04674590886038,0.323419360200414,-3.23748134395171,0.00120589823941062,0.0458598162653675,"4162"
259.549580032936,0.631519638533073,0.195040930260619,3.23779300517599,0.00120458173740032,0.0458598162653675,"64146"
282.53271361167,0.578609761250176,0.178651389709019,3.23845687289055,0.00120178188930032,0.0458598162653675,"54475"
530.772585555792,0.592920079108463,0.183055603895775,3.23907571542803,0.00119917734923055,0.0458598162653675,"170959"
445.008565040015,0.630389388157569,0.194813679432719,3.23551542908146,0.0012142332290148,0.0460603268251279,"51263"
997.43163875406,0.855866693165765,0.263360947143039,3.23445938011506,0.00121873255302765,0.0461525120463188,"7984"
82.9968179205212,-1.07014485721716,0.338601122877707,-3.23348029180209,0.0012229177359875,0.0461687383259386,"491"
676.953900496869,0.758492422435955,0.234724930168423,3.2328329813405,0.00122569199564468,0.0461687383259386,"8364"
165.091813919843,-0.625920400591078,0.193858469712988,-3.23242568701782,0.00122744056611888,0.0461687383259386,"83592"
28.9371444585216,1.2638934833103,0.40496606048595,3.2331965152335,0.0012241332381106,0.0461687383259386,"125981"
1463.91572394061,-0.595142376798913,0.184277227307361,-3.23043214457789,0.00123603240038039,0.0462578904202762,"253461"
65.8813527808948,-0.776361671522059,0.241123932720116,-3.23108724499117,0.00123320291955753,0.0462578904202762,"11318"
1415.86890852902,0.808451907647558,0.250178586419732,3.23053798201722,0.0012355748662955,0.0462578904202762,"10970"
71.4170090149199,-1.37517933034828,0.428583025840142,-3.22729452031627,0.00124966759775544,0.0464573098696729,"115352"
185.085086867775,0.619686313651761,0.191877272359887,3.22849473110687,0.00124443551288968,0.0464573098696729,"2021"
273.259104096562,0.712502210250837,0.220645595721916,3.22728887329017,0.00124969226280223,0.0464573098696729,"201254"
40.9102199555514,1.19456562804797,0.370775500301843,3.22522226395493,0.00125874903118334,0.0464841012260668,"94161"
209.668087554233,-1.31146483909208,0.409443865851436,-3.22542436644731,0.00125786066532986,0.0464841012260668,"919"
482.959811281866,1.23594024409776,0.372845193342763,3.2256415208005,0.00125690678238434,0.0464841012260668,"6337"
211.218205859587,0.590962854657718,0.183113285154283,3.22625597918047,0.00125421129961539,0.0464841012260668,"55142"
93.375085038068,1.20669025256039,0.370975799176907,3.22263002747631,0.00127019500078638,0.0467519793606273,"29986"
41.9927223520521,-0.855353273978324,0.266460261475704,-3.22148142206164,0.00127529730078849,0.0468624485899295,"259294"
1088.0446965078,0.836029743425704,0.259557133570171,3.22084233211702,0.00127814443255722,0.0468898216582053,"23612"
238.047426173102,-0.806665042352133,0.253099479640005,-3.21894803746702,0.00128661798113475,0.0471231758115117,"107984427"
714.73089839235,0.58758977027435,0.182513960064515,3.21820822664563,0.00128994135593078,0.0471674458098953,"10607"
45.7158528342835,0.903071389134196,0.280642167338,3.21594357199611,0.00130016394133734,0.0474634316064309,"441172"
75.8628134683271,-1.02415973019307,0.323321195969681,-3.21272925209131,0.00131480170081874,0.0476082011960422,"107985054"
57.6811448020434,1.27050463645825,0.395261065643609,3.21438337730494,0.00130725005753501,0.0476082011960422,"80740"
101.034603095929,1.30562634725508,0.400614166770009,3.21294255491268,0.00131382564524489,0.0476082011960422,"121214"
65.7123198139504,-1.11461998325133,0.349601707781506,-3.21290851602674,0.00131398135944148,0.0476082011960422,"103504733"
189.674679470234,0.624288050988939,0.194364926053918,3.21167679409933,0.00131962746257262,0.0476737480993333,"10380"
171.635025230181,-0.995992402422447,0.313429137740225,-3.21140276413204,0.00132088663193849,0.0476737480993333,"6529"
1037.19846764991,0.610654215580258,0.190091194905684,3.21088331888395,0.00132327652912552,0.0476828481133194,"285855"
38.6700907326168,-0.759943529252566,0.236974750250755,-3.20958641956222,0.00132926081432016,0.047744222968456,"25806"
49.0304735162928,0.627993435216926,0.195700093313727,3.20961408218089,0.00132913291044113,0.047744222968456,"79929"
23.954000234616,-1.18745018753277,0.37300586750434,-3.20585460695437,0.00134662010659084,0.0482899702210751,"26077"
158.758351368429,-0.757023554195999,0.238301000986634,-3.20330782445012,0.00135858679527633,0.0485826162307345,"1124"
1002.86991567749,-1.0532877389329,0.329182747909829,-3.20255554226094,0.0013621403011517,0.0485826162307345,"8516"
197.47033880844,0.557765897184047,0.174137211755374,3.20142310579125,0.00136750568588144,0.0485826162307345,"63875"
3115.75039364607,-0.740802011608813,0.231420070897995,-3.20145400247636,0.00136735904180255,0.0485826162307345,"7439"
319.368401463749,-0.769976996198798,0.240743311074148,-3.20179532413745,0.00136574000117236,0.0485826162307345,"9915"
2001.15318057731,0.863618080338847,0.268465768498741,3.20135067998982,0.00136784949531053,0.0485826162307345,"10509"
19.0340075581467,-0.959355133748074,0.300378009523566,-3.20085667827228,0.00137019667706038,0.048588611894804,"107984406"
624.499787418411,1.00695172728006,0.312608837075467,3.20039280489424,0.00137240408949354,0.0485896400256403,"4173"
80.9825967439802,1.13198996883514,0.354749962940004,3.19918742252214,0.00137815542987581,0.0486654557635581,"26821"
94.3255975758036,-0.915165626645501,0.288700458629735,-3.19872024029139,0.00138039050607457,0.0486654557635581,"728215"
18.3328206753872,-1.14935112608618,0.372098600304687,-3.19689872468137,0.00138913689889219,0.0487180794493558,"105369140"
750.73324699124,-0.79934761772706,0.250861514823113,-3.19718543679441,0.00138775680950857,0.0487180794493558,"2995"
542.124013868639,0.683559645580913,0.213638909501187,3.19747478724569,0.00138636530249182,0.0487180794493558,"4357"
147.86830031755,0.590841178187129,0.184828200864479,3.19541995666168,0.00139627507161563,0.0488360486974801,"7965"
230.055752167101,-0.952899255438833,0.30044355138529,-3.19439169642157,0.00140125851452084,0.0488360486974801,"100128750"
23.7020209859001,1.08553349778654,0.341380384094005,3.19527771464613,0.0013969634693582,0.0488360486974801,"8601"
31.7122657651013,0.864501416244033,0.270406633715293,3.19479917860636,0.00139928170158446,0.0488360486974801,"105372553"
167.290207410565,-0.925148231585881,0.291766360888435,-3.19111256335739,0.00141726051975733,0.0493166862608226,"51299"
334.755930045419,0.529964619938828,0.166105539717036,3.19016597625254,0.00142191105588796,0.0494014425258271,"203427"
130.577120127623,0.583172146709464,0.182633384073318,3.18941039070108,0.00142563330301153,0.0494537337848713,"8624"
41.7929684383991,1.02971266824318,0.32451109499922,3.18749287939102,0.00143511991526942,0.0496284491629216,"112268258"
625.813576505654,-0.855780808178146,0.271487016672028,-3.1875167320765,0.00143500155095326,0.0496284491629216,"6660"
597.837136293928,0.976293366154891,0.305253067844549,3.18655994927493,0.00143975646544137,0.0496348809299378,"8420"
446.824230886318,0.557640672189223,0.174934695671582,3.18698671608257,0.00143763377507257,0.0496348809299378,"79794"
47.615087511323,-1.10803325946246,0.355027828807005,-3.18578752896081,0.00144360574566972,0.0496907811067333,"2849"
618.224361127102,0.815621480041344,0.255737619794957,3.18292820074734,0.00145793762301203,0.0498542480566472,"164091"
662.661318554371,0.672369687331513,0.211139442421879,3.18221416118509,0.00146153702439974,0.0498542480566472,"1329"
160.812765131486,0.503912655119213,0.158331992500283,3.18181869702068,0.00146353404147344,0.0498542480566472,"29088"
494.875681738487,0.700953435521083,0.22013739935686,3.18241278331855,0.00146053496895287,0.0498542480566472,"23099"
348.889754716993,0.857124203614599,0.269509526802244,3.18172638533494,0.00146400055938596,0.0498542480566472,"652966"
183.60235578091,-0.797903506613062,0.252318478732419,-3.18346303035226,0.00145524695419531,0.0498542480566472,"84460"
