"Rat_Gene_Symbol","baseMean","log2FoldChange","lfcSE","stat","pvalue","padj","Human_Ortholog_Symbol","Human_Entrez_ID"
"Dsel",459.469402409441,3.60171936243536,0.406002273495216,8.87118028041732,7.23746761069062e-19,1.01324546549669e-14,"DSEL",92126
"Spag5",753.152053908773,13.2723905010591,1.67207192383607,7.93769114345843,2.05979470530907e-15,1.44185629371635e-11,"SPAG5",10615
"Fam124a",148.412121862869,-8.24326542140785,1.12734022447765,-7.31213633863487,2.62928124214069e-13,1.22699791299899e-09,"FAM124A",220108
"Dsg1",476.21820210827,12.6113028911249,1.80284647927023,6.99521730559654,2.64848100237614e-12,9.26968350831649e-09,"DSG1",1828
"Kremen1",142.827773984652,-10.5643379253375,1.52401267369066,-6.93192261961581,4.15159046890904e-12,1.16244533129453e-08,"KREMEN1",83999
"Bbs10",113.432976971423,7.38858347771999,1.09479709073431,6.74881541086695,1.49057075690875e-11,3.47799843278707e-08,"BBS10",79738
"Siglec15",119.947484755036,-10.3123790591194,1.54535186953736,-6.67315920885168,2.50354533886406e-11,5.00709067772813e-08,"SIGLEC15",284266
"Dcbld1",160.466945925547,-10.7324985051913,1.63360623156675,-6.56981976305145,5.03762019299846e-11,7.8362980779976e-08,"DCBLD1",285761
"Xk",194.189118213972,-9.01203979120321,1.37026707103593,-6.57684912795142,4.80521902207132e-11,7.8362980779976e-08,"XK",7504
"Ffar4",125.398630150875,-10.376719228238,1.58667732490126,-6.53990516243356,6.15578563142244e-11,8.33472341724467e-08,"FFAR4",338557
"Plagl1",210.227654905848,9.51258779440319,1.45660773079623,6.53064486291261,6.54871125640652e-11,8.33472341724467e-08,"PLAGL1",5325
"Wnk2",169.454054098661,-7.10017680665616,1.09716568944501,-6.47138064465697,9.71114517127413e-11,1.13296693664865e-07,"WNK2",65268
"Asprv1",196.087078117021,11.3306442136166,1.7845996570194,6.34912383236743,2.16544676148664e-10,2.19690612877529e-07,NA,NA
"Zswim5",105.133712819957,10.4316393056672,1.64357909274696,6.34690435750949,2.19690612877529e-10,2.19690612877529e-07,"ZSWIM5",57643
"Hpse2",164.029704737403,-5.83418720135231,0.923442593596975,-6.31786668906737,2.6519862491063e-10,2.47518716583254e-07,"HPSE2",60495
"Lilrb4",165.019905071921,5.51866999732322,0.894933779770351,6.16656798756592,6.97880823426044e-10,6.10645720497788e-07,NA,NA
"Acot1",88.2576183892726,-6.76356322647981,1.10063682317148,-6.14513623757439,7.98949102476105e-10,6.57958084392086e-07,NA,NA
"Tmem190",85.1873148535699,-9.81884336407931,1.62365152388263,-6.04738345614924,1.4721708599011e-09,1.14502177992308e-06,"TMEM190",147744
"Art3",165.431391937772,-9.81353256601612,1.64465764068834,-5.96691513372283,2.41781081157693e-09,1.69246756810385e-06,"ART3",419
"Pitx1",2112.41523146222,2.76189456292859,0.462595480524407,5.97043135786293,2.36627124011418e-09,1.69246756810385e-06,"PITX1",5307
"RGD1306739",78.8446893541068,-9.70703571807206,1.63823026765843,-5.92531825940845,3.11693132155763e-09,2.07795421437176e-06,NA,NA
"Dusp27",188.695615200271,-9.19718574071664,1.56315169517162,-5.88374485286717,4.01085999953545e-09,2.55236545424983e-06,NA,NA
"Ulk3",96.8659891847832,-10.0043050331935,1.71373968514429,-5.83770401065972,5.29250705563263e-09,3.22152603386334e-06,"ULK3",25989
"Lrrc17",231.337566559856,-9.05043571299979,1.57805538312967,-5.73518256060859,9.74073681393964e-09,5.68209647479813e-06,"LRRC17",10234
"Ago4",480.350083923732,10.6692492657347,1.87668164354863,5.68516738169835,1.30684600522432e-08,7.10613675742872e-06,"AGO4",192670
"Scn7a",167.37572006261,-8.37707942135611,1.47393150452477,-5.6834930223281,1.31971111209391e-08,7.10613675742872e-06,"SCN7A",6332
"Arhgef9",88.0233876891353,-9.86587030038383,1.75214527578029,-5.63073760878088,1.79440543814248e-08,9.25197736272175e-06,"ARHGEF9",23229
"Pdk4",120.147251832855,-9.35146847214772,1.66235430739571,-5.62543642504105,1.85039547254435e-08,9.25197736272175e-06,"PDK4",5166
"Zfp449",90.121694065279,-9.90002453672097,1.78106824565779,-5.55847568494754,2.72140860644341e-08,1.31378346517958e-05,"ZNF449",203523
"Ednra",121.018431546519,-9.36173460873778,1.68836901384697,-5.54483915065874,2.94224517695376e-08,1.37304774924509e-05,"EDNRA",1909
"Lnx1",105.934377294153,-10.1330795268085,1.83218547571814,-5.53059701711518,3.19142729775303e-08,1.4174604359096e-05,"LNX1",84708
"Qrich2",78.1917556640722,-9.69514175952623,1.7538397656216,-5.52795184005309,3.23990956779338e-08,1.4174604359096e-05,"QRICH2",84074
"Extl3",179.255036008408,-7.19425720713513,1.31075625903734,-5.48863082478723,4.05061209056298e-08,1.71844149296611e-05,"EXTL3",2137
"Lrrc48",99.6768028139337,10.3551899603096,1.8889684480941,5.48192849423058,4.20714287156399e-08,1.73235294711459e-05,NA,NA
"LOC103691356",18.5313988445394,21.2552183397482,3.90930584559697,5.43708248452544,5.4160069481042e-08,2.14119312521624e-05,NA,NA
"Sirt3",323.866336374464,-3.34303734702906,0.615190846804257,-5.43414676013988,5.50592517912746e-08,2.14119312521624e-05,"SIRT3",23410
"LOC688547",17.5687287746932,21.1797952765245,3.90944546443653,5.41759578671527,6.04057893850228e-08,2.16841295228287e-05,NA,NA
"Rbpjl",17.8093962921548,21.1983738596999,3.90940914603051,5.42239839010557,5.88046421396131e-08,2.16841295228287e-05,"RBPJL",11317
"Sh3gl2",270.54010560314,-11.4858069026368,2.12005651073665,-5.41768903067865,6.0374304301273e-08,2.16841295228287e-05,"SH3GL2",6456
"LOC103693972",16.8467262223086,21.1222040955811,3.90956064901734,5.40270531444245,6.56432535061896e-08,2.29751387271664e-05,NA,NA
"Serpinb2",2517.77941528541,5.15827869192486,0.955992497631476,5.39573135218611,6.82449935911676e-08,2.33031685433255e-05,"SERPINB2",5055
"LOC100910848",78.5859294398518,-9.70252398746025,1.80395998695647,-5.37845853434353,7.51262798349148e-08,2.39038163111093e-05,NA,NA
"LOC103692599",15.8840561524623,21.0390189484539,3.90973052634876,5.38119412748937,7.39933460621126e-08,2.39038163111093e-05,NA,NA
"Trpa1",15.8840561524623,21.0390189484539,3.90973052634876,5.38119412748937,7.39933460621126e-08,2.39038163111093e-05,"TRPA1",8989
"Fam64a",68.7069976708699,-9.50875247185363,1.76940677654447,-5.37397765053413,7.70184082981979e-08,2.39612825816616e-05,NA,NA
"LOC102552091",15.1620536000777,20.9761982342411,3.90987210194798,5.36493207125377,8.09796894501808e-08,2.46459924413594e-05,NA,NA
"Fpgt",136.236806718905,-8.28340908282211,1.57063032610758,-5.27393935105693,1.33526049884917e-07,3.97737169869965e-05,"FPGT",8790
"Tlr4",69.0524954668518,-9.5157018189199,1.81919640115066,-5.23071715231027,1.68853697317759e-07,4.92489950510131e-05,"TLR4",7099
"Dclre1a",260.231067901053,-3.27018333948537,0.627635199312105,-5.21032495161127,1.88510166998251e-07,5.38600477137859e-05,"DCLRE1A",9937
"Plcl1",52.696244646056,-5.73791790727255,1.10225350763754,-5.20562453874213,1.9334522502197e-07,5.41366630061516e-05,"PLCL1",5334
"Gpc4",210.498494464199,-5.09009759180875,0.98035364769638,-5.19210348609339,2.0793136673943e-07,5.70791987127847e-05,"GPC4",2239
"Spidr",182.626492419451,-7.76849790891065,1.4987573587492,-5.18329258806369,2.18002637854359e-07,5.86930178838658e-05,"SPIDR",23514
"Scn5a",122.074684274037,-9.37423268727444,1.83919632324151,-5.09691791399014,3.45227932633052e-07,9.11922840917497e-05,"SCN5A",6331
"Lpar2",73.517162493262,-9.60642571720432,1.88705923869566,-5.09068582491576,3.56770739201108e-07,9.24961175706577e-05,"LPAR2",9170
"She",190.818711947032,-10.9822071282175,2.16444374223904,-5.07391664375475,3.89709824015217e-07,9.91988642947825e-05,"SHE",126669
"Tasp1",92.5755900720108,-6.05346516762099,1.1998777761248,-5.04506816283541,4.53359717956096e-07,0.000113339929489024,"TASP1",55617
"Tmtc2",78.4236636085893,-9.69946055291167,1.93480889692892,-5.01313621635056,5.35499588892678e-07,0.000131526214815746,"TMTC2",160335
"Mybpc2",150.175380081424,-7.19207474648668,1.45216886842659,-4.95264352711211,7.3212019115137e-07,0.000176718666829641,"MYBPC2",4606
"Ecm1",2390.32545570703,2.00889036337456,0.406101630370659,4.94676754077791,7.54559953914861e-07,0.000179048124657764,"ECM1",1893
"Bend3",121.181401208421,4.11449455134556,0.835002713382553,4.92752237256566,8.32788903285631e-07,0.000194317410766647,"BEND3",57673
"Zfp879",83.7339668534401,-8.82775989822549,1.79656752181704,-4.91368111191121,8.93820869938982e-07,0.00020513921605157,"ZNF879",345462
"Tmem119",60.7964971979251,8.67820496569267,1.78324304191062,4.8665295541513,1.1357494630709e-06,0.000256459556177299,"TMEM119",338773
"Amer1",91.9125101758329,-9.92845454195895,2.04341963029414,-4.85874481910981,1.18132271443505e-06,0.000262516158763345,"AMER1",139285
"Piwil4",66.5642315333833,-9.4631067262549,1.94984675964667,-4.85325663641881,1.21450357395245e-06,0.000265672656802099,"PIWIL4",143689
"LOC100911410",47.7789165328037,-8.98453150804065,1.85605000209212,-4.84067320272264,1.29400017744943e-06,0.00027870773052757,NA,NA
"Gfra3",60.6136602002992,-9.3280662892423,1.933089963108,-4.82546930937695,1.39673973263799e-06,0.000296278125105029,"GFRA3",2676
"Hmox1",466.679622074326,9.84044451057421,2.05783391295721,4.78194301717624,1.73608897117983e-06,0.000362764859649517,"HMOX1",3162
"Lrrc61",62.3059364717091,-7.52301993052968,1.57842168583769,-4.76616609999065,1.87764486796694e-06,0.000386573943404959,"LRRC61",65999
"Ago1",767.968606640793,2.69085628884716,0.569141335317368,4.72792278801305,2.26828403251604e-06,0.000453656806503209,"AGO1",26523
"Ttk",69.5604902500758,9.83619191834686,2.08005048270958,4.72882365120953,2.25824419021124e-06,0.000453656806503209,"TTK",7272
"Fmn1",79.5945795323341,5.67115505951392,1.20312017308956,4.71370623347678,2.43251285730794e-06,0.000479650422567763,"FMN1",342184
"Wasf1",78.1461282749307,10.0035347706814,2.13093668415901,4.69443078484962,2.67350110997065e-06,0.00051984743804985,"WASF1",8936
"Myrfl",56.40132497903,-7.52373397651963,1.6076123870466,-4.68006718357136,2.8678092526209e-06,0.000549990815571131,"MYRFL",196446
"Spata13",120.458601417247,-6.59673664262677,1.41045070445173,-4.67704161641795,2.91043208574451e-06,0.000550622286492205,"SPATA13",221178
"Xrcc4",93.3687438874423,-5.03682762113902,1.07768054703506,-4.67376685511903,2.95725024391224e-06,0.000552020045530284,"XRCC4",7518
"LOC680835",88.2855014725888,-5.45166450452623,1.17011711855456,-4.65907593186966,3.17632029548466e-06,0.000585111633378754,NA,NA
"Tcf23",78.3141503055266,-9.69734803915776,2.08444915005599,-4.65223535863051,3.28355997310309e-06,0.000597010904200561,"TCF23",150921
"LOC102546781",48.374558614299,-9.00222916115488,1.94262900270268,-4.63404445657434,3.58589934278406e-06,0.000643622958961241,NA,NA
"Aldh1a3",86.9843326250201,-7.01363650328511,1.51757743822307,-4.62160040511499,3.80790956429594e-06,0.000671605166400615,"ALDH1A3",220
"Pag1",37.9264906152316,8.96089557553725,1.93959558069011,4.61998143569132,3.83774380800351e-06,0.000671605166400615,"PAG1",55824
"LOC100912031",185.94947779989,-7.31223190220214,1.58584976455063,-4.61092347185495,4.00884108845413e-06,0.0006928861140538,NA,NA
"Aldh1a7",130.403051837467,10.742978951457,2.34523027119098,4.58077788071589,4.63249646014275e-06,0.000788985130810992,NA,NA
"Nup188",795.029503533188,2.54676012087787,0.556212565041642,4.57875330573879,4.67755470409374e-06,0.000788985130810992,"NUP188",23511
"LOC500300",42.1157697389303,-8.80267190479168,1.92450979645292,-4.57398134372501,4.78542469630263e-06,0.000797570782717105,NA,NA
"LOC100361830",50.5698361029506,-9.0661848959367,1.9863740130934,-4.56418823251612,5.01430746176827e-06,0.00082588593487948,NA,NA
"LOC102554685",45.6266279661532,-8.91820417308959,1.95818131448452,-4.55433013639866,5.25527692779254e-06,0.000855510197547622,NA,NA
"Gfpt2",90.3566093187247,-7.48545398880098,1.64564065986935,-4.54865644204202,5.39895002156662e-06,0.000868796555194629,"GFPT2",9945
"Fbxo30",311.350493256099,-2.52007015204133,0.554802815654427,-4.54228075441315,5.56488600394897e-06,0.000885322773355519,"FBXO30",84085
"Fermt3",123.059837719681,-10.3493859549714,2.28386784135151,-4.53151700268568,5.85616227188828e-06,0.000914809249471573,"FERMT3",83706
"Sphk1",551.284294731164,2.25099315345771,0.496839322059952,4.53062600626061,5.88091660374583e-06,0.000914809249471573,"SPHK1",8877
"Fam102b",500.147840252387,2.76817358890212,0.613513948084338,4.5119978079481,6.42198521047646e-06,0.000987997724688686,"EEIG2",284611
"Hoxd12",58.0147793420768,-9.26452179554314,2.06314721752041,-4.49048023178767,7.10627705062792e-06,0.00107794787114813,"HOXD12",3238
"Snx31",302.40371793233,-4.9751543879887,1.10833448866035,-4.48885642275934,7.16065371548399e-06,0.00107794787114813,"SNX31",169166
"Sema4f",115.17760366178,-10.2538775217605,2.28705764431107,-4.4834364132738,7.34504966383364e-06,0.00109394356695395,"SEMA4F",10505
"Afap1l2",611.288348517801,2.64033897026715,0.589344355369136,4.48012939500095,7.45978015951318e-06,0.00109933602350721,"AFAP1L2",84632
"Galns",75.147030323929,-9.63800404042908,2.15522121705241,-4.47193260913166,7.75158576228384e-06,0.00112312342305017,"GALNS",2588
"Pid1",50.4523518173648,-9.06334522837465,2.02709281896048,-4.47110519242156,7.78164085970472e-06,0.00112312342305017,"PID1",55022
"Camta2",427.327515663461,-2.70946905938882,0.616094790696695,-4.39781199306179,1.09347634176471e-05,0.00152909937909073,"CAMTA2",23125
"Ihh",528.574333770438,-6.1212737757178,1.39317374606994,-4.39376193600083,1.11405811905182e-05,0.00152909937909073,"IHH",3549
"Ptpn7",125.248958308699,7.36510925041874,1.67555679630532,4.39561897672413,1.10457542127003e-05,0.00152909937909073,"PTPN7",5778
"RGD1560289",151.923295828339,9.99908346610494,2.27519795499677,4.39481911635207,1.10865030113653e-05,0.00152909937909073,NA,NA
"Sh3d19",1259.41873449737,1.99800112105512,0.454093929737202,4.39997319984308,1.0826424818525e-05,0.00152909937909073,"SH3D19",152503
"Ccdc68",43.8899580736743,-6.24118399848951,1.4292426030028,-4.36677719050423,1.26093237676243e-05,0.00168548881668311,"CCDC68",80323
"Gpr37l1",47.3854992790608,-5.9412624412187,1.35964786517007,-4.36970674055782,1.24413503762201e-05,0.00168548881668311,"GPR37L1",9283
"LOC102555635",93.3092656701477,-6.24976069725068,1.43138734341205,-4.36622604357595,1.26411661251233e-05,0.00168548881668311,NA,NA
"B3gntl1",68.8586408945927,-6.12677178812259,1.41997864900136,-4.31469289515826,1.59824927931315e-05,0.00211089527456454,"B3GNTL1",146712
"Mbp",486.927297807529,-2.03666003155051,0.474484311091622,-4.29236538267171,1.76779729059867e-05,0.00231300580078331,"MBP",4155
"LOC102548231",73.2960543633208,-9.6017564941671,2.23807960996666,-4.29017647603256,1.78531192288301e-05,0.00231429323336686,NA,NA
"Mx2",117.911655691343,-8.13460975596874,1.90553277029498,-4.26894246206508,1.96401918751772e-05,0.00252259345185762,NA,NA
"Mzf1",90.9498751520126,-8.2514029913886,1.9406439713673,-4.25188912192636,2.11974808421214e-05,0.00265188285015183,"MZF1",7593
"Stag3",55.2940474916649,-7.0902932553779,1.66763587375559,-4.25170348453242,2.12150628012146e-05,0.00265188285015183,"STAG3",10734
"Tuba8",515.214374535495,-7.31692942097379,1.72083654348657,-4.25196073890262,2.11907016138753e-05,0.00265188285015183,"TUBA8",51807
"Inpp4b",62.4850013177651,-8.4060338817566,1.97943975785958,-4.24667325609659,2.16968014196233e-05,0.00268809929092679,"INPP4B",8821
"Rps6kl1",86.7564305525321,-8.88128328052316,2.10095206363934,-4.2272660258315,2.36547940121761e-05,0.0029049747032497,"RPS6KL1",83694
"Prdm4",178.161429301631,-3.37447028522417,0.798834172599686,-4.2242437804613,2.39744429822745e-05,0.00291862784132038,"PRDM4",11108
"LOC102547230",40.685190151985,-8.75256067952334,2.08501814008605,-4.19783430716921,2.69479676342516e-05,0.0032523409213752,NA,NA
"Lrrc51",53.9680370792947,-7.04965162807514,1.68878170074732,-4.17440076769871,2.98771409611918e-05,0.00357504250817679,"LRRC51",120356739
"Zcchc12",330.901467532285,11.1233219471008,2.67799052763707,4.15360765182225,3.27274136756432e-05,0.00385028396184038,NA,NA
"Zgrf1",58.910861800535,-6.86397131933145,1.65211927056574,-4.15464636338331,3.2579102085417e-05,0.00385028396184038,"ZGRF1",55345
"LOC102550737",31.4032723308312,7.71841638085416,1.88509636231761,4.09444128965632,4.23187627090024e-05,0.00492225484439229,NA,NA
"Wdhd1",47.7569311022163,9.29447954600453,2.27070111311186,4.09322014788068,4.25423454408191e-05,0.00492225484439229,"WDHD1",11169
"LOC102548917",84.435736892945,-8.84216677020973,2.16187899805303,-4.09003777647727,4.31302935586363e-05,0.0049493779493517,NA,NA
"Aim1l",680.230128642632,5.56325311882127,1.36249476696835,4.08313723743682,4.44317654922163e-05,0.00505727412106527,NA,NA
"Asb7",45.4767274309413,-7.94425717923536,1.9489699968621,-4.07613108053271,4.57912122286357e-05,0.0051699755742008,"ASB7",140460
"Ppm1h",209.857891809847,3.05706522580355,0.754395001895212,4.05234024367011,5.07078484412827e-05,0.00567927902542366,"PPM1H",57460
"Hsd17b2",191.249030672654,-6.89002260331521,1.70938304107174,-4.03070724218449,5.5609272646702e-05,0.00617880807185578,"HSD17B2",3294
"Calml5",321.168839048409,12.0427271777591,2.98914378761837,4.02882164037826,5.6057126862078e-05,0.00617952579581962,"CALML5",51806
"Adam15",938.307347214908,1.59561627963832,0.397590986101499,4.01321039816276,5.98984787033744e-05,0.00655139610818157,"ADAM15",8751
"LOC102553290",25196.8646996493,3.07198086221573,0.767053743201939,4.00490955091655,6.20412154100096e-05,0.00673315516077623,NA,NA
"Cep97",31.5744750643733,-8.38708201327153,2.10257577517511,-3.9889558855842,6.63647608131747e-05,0.00713516212262706,"CEP97",79598
"Ppfia4",43.712578995226,-7.88890947318705,1.97839495696183,-3.98753011648486,6.67647312902961e-05,0.00713516212262706,"PPFIA4",8497
"Enpp4",570.885407915206,-5.53150162904549,1.39140345113353,-3.97548362018159,7.02363782638405e-05,0.0074493128461649,"ENPP4",22875
"Il12a",60.2996407760873,-9.32047976555158,2.34580818064254,-3.97324889667603,7.08988952620524e-05,0.00746304160653183,"IL12A",3592
"Vps8",368.398896618283,-3.20167254751304,0.812577471942919,-3.94014436538298,8.14325891844481e-05,0.00850788245210652,"VPS8",23355
"RGD1563060",193.589564506464,11.3126740309068,2.88050648740334,3.92732114313157,8.58972541147394e-05,0.00890786338967667,NA,NA
"Sapcd2",68.050065043281,9.80488011411781,2.50839393646254,3.9088278645519,9.27450159432714e-05,0.00934122462737985,"SAPCD2",89958
"Sh3rf2",207.572661493772,11.4132410293851,2.91895964649373,3.91003727752618,9.22818785949448e-05,0.00934122462737985,"SH3RF2",153769
"Tspan7",1480.67620218895,-2.78216848832346,0.711756211345043,-3.90887841086184,9.27256156642927e-05,0.00934122462737985,NA,NA
"Wdr24",211.172727794098,-4.33028723320801,1.10716234711699,-3.9111583269463,9.1854531053233e-05,0.00934122462737985,"WDR24",84219
"Pde7a",75.26339749048,2.5281245223816,0.647760790504822,3.90286747737748,9.50597561394906e-05,0.00950597561394906,"PDE7A",5150
"Nfil3",159.353942797596,-5.853677941533,1.5033822487185,-3.89367238207233,9.87379798158223e-05,0.00980377104554264,"NFIL3",4783
"Slc35f2",65.8787626317219,9.75797842286086,2.51298853170623,3.88301749082617,0.000103168143795923,0.0101715071348093,"SLC35F2",54733
"Tnfrsf1b",80.8655910413912,-5.9311682027585,1.52849625445476,-3.88039433231994,0.00010428724592807,0.0102099401607901,"TNFRSF1B",7133
"LOC498236",193.419045998001,11.311365950418,2.91738332234953,3.87722993538891,0.000105652499933363,0.0102717708268547,NA,NA
"Kirrel",134.962557031441,3.9428209166043,1.01738093570172,3.87546176485489,0.000106422690422729,0.0102752942477118,NA,NA
"Chrnb4",248.559337228737,-11.3635301589987,2.9359663379057,-3.87045655540607,0.00010863171593057,0.0104167398837532,"CHRNB4",1143
"Slc39a6",196.644718684403,3.24035259355804,0.841783125571385,3.84939124475625,0.000118411743254827,0.0112773088814121,"SLC39A6",25800
"Peo1",449.101892491504,2.29057972007166,0.596382140255927,3.8407919443877,0.000122638024892383,0.0116008942465768,NA,NA
"LOC100912483",39.4457979168693,-8.70800587722197,2.27116626932924,-3.83415604344713,0.000125996141316158,0.0118385636135987,"C17orf100",388327
"Fut4",322.881074608624,-4.36317676827633,1.13928802449864,-3.82973986775329,0.000128278790229313,0.0119726870880692,"FUT4",2526
"Rbm6",640.941278663991,2.3006676487524,0.601593334546807,3.8242904577484,0.00013114923109545,0.0121595313598431,"RBM6",10180
"Pla2g5",71.9731246689477,7.44781006872795,1.95123373197374,3.81697484349772,0.000135097938648912,0.0124432311913472,"PLA2G5",5322
"Ccdc37",36.7181514268786,-8.60468670218555,2.25843501790791,-3.81002182217155,0.000138954526156592,0.0127147932430869,NA,NA
"Zranb3",81.6729527497554,-6.33849445822041,1.67032766266763,-3.79476111177936,0.000147785679822277,0.0134350618020252,"ZRANB3",84083
"LOC102553451",50.8408330216678,-9.07429919295101,2.39387917051298,-3.7906254019523,0.000150268441130742,0.0135726333924541,NA,NA
"Selp",25.2837175752027,-7.09045716401489,1.87270545965286,-3.78621054766895,0.000152962083241901,0.013727366444786,"SELP",6403
"Sqstm1",9062.60419249641,-1.12634522923338,0.299201591528092,-3.76450280053952,0.000166880798094194,0.0148810902759154,"SQSTM1",8878
"Mthfd2",40.0591775834637,5.50687188698853,1.47080090738748,3.74413141801097,0.000181018893562915,0.016039648796714,"MTHFD2",10797
"Helz2",94.0690911913925,7.20195273955078,1.92552114521893,3.74026156889174,0.000183828853600923,0.0161861883673769,"HELZ2",85441
"Ntf3",49.1873516197631,-8.06111301026337,2.17171963299044,-3.71185713284881,0.000205744112917091,0.0180026098802454,"NTF3",4908
"Ralgps1",69.0722602567091,-6.3584345064075,1.71681085898948,-3.70363134244741,0.000212535061185239,0.0182545451324745,"RALGPS1",9649
"Rrp12",263.663851629291,-2.10395225927397,0.56771388794012,-3.70600808605881,0.000210551579585364,0.0182545451324745,"RRP12",23223
"Stfa3",49.0638517418239,9.33100029599738,2.51890723621468,3.70438425117221,0.000211904839680504,0.0182545451324745,NA,NA
"Ifngr2",652.081265199934,-1.70140174690002,0.459850331334376,-3.69990327496983,0.000215681655429653,0.0183002616728191,"IFNGR2",3460
"Tmem106a",49.4756858472594,-6.25615046805567,1.69065734622085,-3.70042485666307,0.000215238809054969,0.0183002616728191,"TMEM106A",113277
"Acot4",23.9357006787723,-7.98737081910957,2.15977132224321,-3.69824839178511,0.000217092395989358,0.0183089972521145,"ACOT4",122970
"RGD1310110",92.7259175114734,-6.78956588030443,1.84278914662843,-3.68439649903876,0.000229245152897542,0.0192181565303329,NA,NA
"Serpinb10",2020.38957528813,3.49054130560227,0.948116623961732,3.68155268812495,0.000231817869168045,0.0193181557640037,"SERPINB10",5273
"Zfp385c",70.489186316012,-8.58046398028032,2.33218697132141,-3.67914926452859,0.000234013280690272,0.0193857155601409,"ZNF385C",201181
"Krtdap-2",490.666337155148,6.9966420486647,1.90329663683726,3.67606494607753,0.000236859246795091,0.0195060556184193,NA,NA
"Armc7",232.143249770707,-3.49534102365821,0.953166059229553,-3.66708506855931,0.000245331195764773,0.0200855949748937,"ARMC7",79637
"Mlip",148.524326366537,-6.62584840664466,1.80790644964399,-3.66492879537513,0.000247407406099477,0.020137812124376,"MLIP",90523
"Pou2f3",146.262437858299,10.9082086779769,2.98013637624238,3.66030520110994,0.000251915010010518,0.020386185781198,"POU2F3",25833
"Lekr1",26.2954598811535,-7.15254141725214,1.95573428949449,-3.65721532606605,0.000254970182864709,0.0205148422994593,"LEKR1",389170
"Pggt1b",403.642933056095,-1.81667792507262,0.4984288064122,-3.64480925199622,0.000267590195080098,0.0214072156064079,"PGGT1B",5229
"Kat6b",310.090195197231,-2.30175550971402,0.63198014398334,-3.64213263917782,0.000270388683569691,0.0215081907384982,"KAT6B",23522
"Ppp1r3b",206.060339857454,-6.89434261864406,1.89864354965464,-3.63119376456846,0.000282113271609591,0.0223140440821145,"PPP1R3B",79660
"Slc22a5",914.100142030383,-5.60813006206442,1.54996029578347,-3.61824111064061,0.000296612004096631,0.0233290340300721,NA,NA
"Kdm4a",106.5764905799,5.30479974065882,1.4676256061328,3.61454564331088,0.000300874808665858,0.0235321079403465,"KDM4A",9682
"Rnf157",180.236248155538,-10.8998967338063,3.01765840161674,-3.6120379722127,0.000303800066760443,0.0236288940813678,"RNF157",114804
"LOC100909569",41.7736753970678,-8.79059933149339,2.43536332816906,-3.60956380915134,0.000306712321606941,0.0237236049861722,NA,NA
"LOC501110",157.192978676892,-3.76617301406209,1.04525161439685,-3.60312575669667,0.000314413315474165,0.0241856396518588,NA,NA
"Myef2",153.232265586983,-2.3499816522592,0.652668478602455,-3.60057476238345,0.000317514511142954,0.0242907276284227,"MYEF2",50804
"Mir22",22.8055537005847,-7.91769074130784,2.20243249154649,-3.59497545177798,0.000324422165698918,0.024684295216222,NA,NA
"Cwh43",119.581773239057,10.617749169839,2.95826224876622,3.58918455396147,0.000331713951831785,0.0251026774359189,"CWH43",80157
"Arg2",376.033838310594,-2.11151563779059,0.589133237823549,-3.58410543189045,0.000338235448840947,0.025458582170824,"ARG2",384
"Sult1d1",118.970462077006,10.6103372093968,2.9643597123008,3.5793015150518,0.000344513797588187,0.0257924768247841,NA,NA
"Sptbn4",44.1266408526771,9.18043798276236,2.56997755440846,3.57218605548306,0.000354013750115892,0.02636272607246,"SPTBN4",57731
"Sox18",177.492528869037,-4.69016396106505,1.3146270234481,-3.5676765176813,0.000360160748207873,0.0266385980596114,"SOX18",54345
"Zdhhc24",47.5609778351677,8.32220411023895,2.33331541522688,3.56668629364443,0.000361523830809012,0.0266385980596114,"ZDHHC24",254359
"Cys1",126.714420624549,-5.32613273505119,1.4956650056496,-3.56104656786962,0.000369379558501987,0.02699419386213,"CYS1",192668
"LOC102550257",115.114424157488,10.5628600471632,2.97002456448801,3.55648911913428,0.000375844039424077,0.02699419386213,NA,NA
"LOC103690939",338.994230710509,2.68429450129952,0.754395767618284,3.55820461423604,0.000373398394847885,0.02699419386213,NA,NA
"Moxd1",132.017107320135,10.7600401601009,3.02555406394223,3.55638667586088,0.000375990557365383,0.02699419386213,"MOXD1",26002
"Poc1a",117.240471976521,10.5891900428277,2.97581648638144,3.55841500686892,0.000373099481101137,0.02699419386213,"POC1A",25886
"Mfhas1",322.100487043983,1.79767971596005,0.506011464388061,3.55264621945682,0.00038137699776017,0.0272412141257264,"MFHAS1",9258
"Cotl1",1343.50022724506,1.36192443359916,0.384903655540218,3.53835151731069,0.000402633658924308,0.0283259860549764,"COTL1",23406
"Dmkn",177.544965064189,6.34644377429693,1.79307805960521,3.5394129889104,0.000401017945006146,0.0283259860549764,"DMKN",93099
"Klk11",144.656031808852,10.8918936610313,3.07711469382516,3.53964500669669,0.000400665587880481,0.0283259860549764,"KLK11",11012
"Coro1a",326.376662319931,4.24278133623162,1.20044587883067,3.53433787482734,0.000408798139772261,0.0286158697840583,"CORO1A",11151
"Arpp21",126.302978130252,-4.4623925927989,1.2640889191235,-3.53012555152612,0.000415362508342812,0.0289307219741262,"ARPP21",10777
"Vgll3",406.146398604737,-3.0624196583183,0.870176217618858,-3.51930976314002,0.000432671208579442,0.0299871134659019,"VGLL3",389136
"RGD1304622",137.509593897996,-10.5095495326018,2.9879716943826,-3.51728550587002,0.000435984558040702,0.0300679005545312,"KIAA1614",57710
"Fdxacb1",91.8501757879366,9.27347782157289,2.63855610583031,3.51460323359495,0.000440411456540379,0.030224315644928,"FDXACB1",91893
"Dsp",8360.91697557193,1.82070762810176,0.52115250087414,3.49361775113398,0.000476522783786923,0.0324547319049078,"DSP",1832
"Gpsm1",68.2964130631924,-6.73433949783474,1.92792873764751,-3.49304378648979,0.000477548198029358,0.0324547319049078,"GPSM1",26086
"Pctp",41.0359899080212,9.07545879662258,2.60475965990802,3.48418279671264,0.000493642215104641,0.0333864300070772,"PCTP",58488
"Abra",275.207190176462,-9.10833892003454,2.61587302310026,-3.48194994160672,0.00049777673682631,0.0334478567260747,"ABRA",137735
"Lancl2",360.873570617465,4.60420276974825,1.32262252536325,3.48111625309249,0.00049932871826783,0.0334478567260747,"LANCL2",55915
"Dnph1",464.39186103222,1.99620139155638,0.575081798583646,3.47116079220864,0.000518213594747248,0.03438384040977,"DNPH1",10591
"Mdm1",68.315455541478,-4.97156782889185,1.43207687274882,-3.47157888203941,0.000517407294612068,0.03438384040977,"MDM1",56890
"Krt10",984.418649403446,4.29965074695649,1.2407522186121,3.46535809685357,0.000529525889190229,0.0349428817211589,"KRT10",3858
"RGD1311224",101.236600188684,10.3775303526961,2.99557116444761,3.46429104267656,0.000531630986186203,0.0349428817211589,NA,NA
"Slc22a3",48.8962136097523,-9.01782191009775,2.60607763415777,-3.46030440225627,0.000539565065504221,0.0352986491451359,"SLC22A3",6581
"Arhgef4",1221.09673695467,2.11911576111269,0.612946403536067,3.45726110617109,0.000545695834887598,0.0355336822717506,"ARHGEF4",50649
"Mapk12",410.793753430741,-2.15347606601163,0.623640557982491,-3.4530725085909,0.000554240003873878,0.0359229632140476,"MAPK12",6300
"Cfi",101.313965490984,10.3786688735531,3.00915877303136,3.44902667368988,0.000562611123643812,0.0362974918479878,"CFI",3426
"Anks6",193.251616783569,2.24908912223009,0.654065666825136,3.43862892719513,0.000584668056913507,0.037547489893528,"ANKS6",203286
"Tmem132e",63.2011649359587,-8.42358888485806,2.45493526257316,-3.43128758353848,0.000600723388074243,0.0383856201708128,"TMEM132E",124842
"Zfp777",150.226662200367,3.34303891534358,0.974598533862293,3.43017026928541,0.0006032026026842,0.0383856201708128,"ZNF777",27153
"Cib2",478.293366215322,2.08291147131691,0.607523698292055,3.428527112889,0.000606865915717782,0.0384439946608549,"CIB2",10518
"Prox1",31.2297849104508,-7.40222393834918,2.16719659159205,-3.41557566446311,0.000636473440885779,0.0401379647405446,"PROX1",5629
"RGD1305045",1486.61221930661,-1.19632148520872,0.350463952395648,-3.4135364765223,0.000641255737308371,0.0402582077233955,NA,NA
"Krt16",82.7943462069824,9.12328006516336,2.67960111176399,3.40471573366286,0.000662329610850937,0.041211620230725,NA,NA
"Sfrp5",53.0856223207609,-9.13647571220062,2.68347603659816,-3.40471671354402,0.000662327234434478,0.041211620230725,"SFRP5",6425
"Colca2",41.2516689187483,-7.8063843529319,2.29507823841136,-3.40135870850984,0.000670517801416522,0.0415365009727049,NA,NA
"Nipal1",105.051670661151,-8.09272584821799,2.38040987098776,-3.39971949656715,0.000674550144505597,0.0416022115554113,"NIPAL1",152519
"Lnp1",115.98400188359,-10.2639515585511,3.02259833772677,-3.39573784265043,0.000684438799357876,0.0420269438202205,"LNP1",348801
"Hspb3",114.373068844299,-10.2437621419604,3.02032678189625,-3.39160722719183,0.000694839687317303,0.0424792821940709,"HSPB3",8988
"Tubb2b",180.279030815414,4.01214320866572,1.18355537366264,3.38990747534669,0.000699162169209553,0.0425576972562337,NA,NA
"Agrn",2009.3247115112,2.59967760183703,0.767616658711371,3.38668731629823,0.000707419650277364,0.0428739181986281,"AGRN",375790
"Tmem126a",377.056524730577,-2.27517834178766,0.672473634414278,-3.38329746380218,0.000716210123988229,0.0432195764475655,"TMEM126A",84233
"Prokr2",23.3584199673002,-7.95221864964377,2.35327007237355,-3.37922057608246,0.00072691659959295,0.0436773922502202,"PROKR2",128674
"RGD1310507",114.444719089878,-10.244606072599,3.03516810668041,-3.37530104182717,0.000737349852870312,0.0441149484623264,NA,NA
"Ptprr-2",935.271185675594,-2.74502468790835,0.816338196204094,-3.36260718985402,0.000772101441089123,0.0459975326606286,NA,NA
"Mns1",21.7685928097854,8.16078544312472,2.42910553336499,3.35958455943236,0.000780597586331478,0.0461112498254882,"MNS1",55329
"Rn45s",1031.45647493289,2.37873867517486,0.707815259134939,3.36067730170448,0.000777516091279125,0.0461112498254882,NA,NA
"LOC691392",45.5715024734857,4.32768421687056,1.29047614095324,3.35355616390847,0.000797802208334907,0.0469295416667593,NA,NA
"LOC102556687",22.8899217072002,-6.94614299526537,2.07223011972422,-3.35201333536731,0.000802261543104564,0.0469944000144933,NA,NA
"Agbl3",32.3624735182865,-8.42248659831613,2.51951981156835,-3.34289357823041,0.000829096895657012,0.0483639855799924,"AGBL3",340351
"Exosc6",361.896289107964,2.42099069728943,0.725030972686064,3.33915486164714,0.000840337030251284,0.0488162590187468,"EXOSC6",118460
"Entpd3",110.781242300458,-10.1976409986284,3.06308934236448,-3.32920129282175,0.00087095432771248,0.0497846822203767,"ENTPD3",956
"Gnal",78.4633443088492,-5.72669039165451,1.71851863938226,-3.33234115733132,0.00086118615669055,0.0497846822203767,"GNAL",2774
"Ncf4",684.003497046101,2.92169183868605,0.877297064807376,3.33033353910462,0.000867420108281192,0.0497846822203767,"NCF4",4689
"Zfp772",233.776247939829,-4.83378966184286,1.45197544678228,-3.32911253599708,0.000871231938856591,0.0497846822203767,NA,NA
