"GeneSymbol","Direction","Ratio","logFC","AveExpr","t","P.Value","adj.P.Val","B","Testado","Sig_POP_FDR05","Direcao_POP","Concordante"
"GAS2L1","down",0.550244,0.237300545,11.7502490325,5.43901243667649,8.07192612283319e-05,0.00999246567683956,1.77452339522621,TRUE,FALSE,"up",FALSE
"ZC3H12A","up",1.680915,1.06457067008333,9.281523242125,4.93506834362493,0.000205766767306902,0.0135041211735317,0.891057491591031,TRUE,TRUE,"up",TRUE
"COMP","up",1.758913,1.81823518125,9.674500790125,4.38793501321259,0.000588621708993649,0.0197512459415234,-0.105781428683004,TRUE,TRUE,"up",TRUE
"SORBS2","up",2.016173,0.467186761250002,10.853995096875,4.32802425576787,0.000661712442984054,0.0208315390358668,-0.216934762734076,TRUE,FALSE,"up",TRUE
"RNASEL","up",2.380685,-0.313528403499999,10.21815986825,-4.0160172615539,0.00122370453418435,0.0272957266950295,-0.800755138225171,TRUE,FALSE,"down",FALSE
"SLC25A17","up",1.542131,-0.204266963166666,9.93383411416667,-3.98418543341551,0.00130349421915303,0.0279379643488323,-0.860711293031138,TRUE,FALSE,"down",FALSE
"MAP1LC3B","up",3.208002,0.238025292166668,10.2932474155833,3.90472368022149,0.00152658874577524,0.0297870306416063,-1.01062808379367,TRUE,FALSE,"up",TRUE
"RPS6KB2","down",0.651269,0.203214698166667,8.24995422808333,3.6787234600366,0.00239744920216312,0.0373069144799655,-1.43845566183958,TRUE,FALSE,"up",FALSE
"STAT3","down",0.620193,0.232472284833334,8.84440249525,3.52763335737716,0.0032459032132276,0.0434172476998249,-1.72505548490448,TRUE,FALSE,"up",FALSE
"GOSR1","up",1.867409,0.112747719583335,9.63989718420833,3.38069080592457,0.00436039731358663,0.0505545766148373,-2.00362669855367,TRUE,FALSE,"up",TRUE
"GTF2IRD2","up",5.932111,-0.184748043166666,8.83109283841667,-3.31679339106123,0.00495780714172159,0.0540333158567427,-2.12456877550528,TRUE,FALSE,"down",FALSE
"NFKBIZ","up",1.804799,0.85621933075,8.43208934054167,3.21642379084382,0.00606533324438661,0.0606821554243084,-2.3141421645544,TRUE,FALSE,"up",TRUE
"NUP43","up",1.503153,-0.281899627499999,10.6264044304167,-3.02623671850512,0.00888104639338975,0.075603253023399,-2.67132685282281,TRUE,FALSE,"down",FALSE
"FUT8","up",1.51132,0.189702852833334,10.0896511240833,2.92969749556449,0.0107705958190858,0.0841075529757817,-2.85121213028224,TRUE,FALSE,"up",TRUE
"SYNCRIP","down",0.452048,0.120589373333335,11.3271425625,2.72689318262882,0.0161139534050457,0.106107102600891,-3.22475467423734,TRUE,FALSE,"up",FALSE
"NUPL2","down",0.173719,-0.193599350333333,7.52193586658333,-2.72122328117224,0.0162955265778174,0.106740053829248,-3.2350971983182,TRUE,FALSE,"down",TRUE
"SEPX1","down",0.65432,0.287042193333335,10.465507945,2.70049979873498,0.0169762260033748,0.109300724073117,-3.27284661464309,TRUE,FALSE,"up",FALSE
"MTA1","up",1.555866,-0.102695977499998,11.68831056125,-2.55105878825498,0.0227668518953529,0.128061481189791,-3.54240439901384,TRUE,FALSE,"down",FALSE
"GMEB2","up",2.953468,0.10464399925,7.707469968125,2.50129901331643,0.0250862439150733,0.135684789887852,-3.63101238125873,TRUE,FALSE,"up",TRUE
"CBX4","down",0.608477,0.115181854916667,7.00775053729167,2.36508426976189,0.0326466515650491,0.158648226060245,-3.87019018292486,TRUE,FALSE,"up",FALSE
"FAM50B","down",0.647378,-0.157083637583333,9.892012626875,-2.19505728686519,0.0451222152085831,0.19135218656491,-4.16074873272871,TRUE,FALSE,"down",TRUE
"EIF5A","down",0.244107,0.135436385500002,9.98090888391667,2.12276495228948,0.0516737840130754,0.207523305784449,-4.28121258994376,TRUE,FALSE,"up",FALSE
"DUOX1","down",0.634432,0.131224336,6.38571387833333,2.05334524197978,0.0587837083128256,0.224471842779417,-4.39497493795171,TRUE,FALSE,"up",FALSE
"GBA","down",0.504289,0.125810176083334,9.90653702904167,1.9965782204154,0.0652541601919045,0.238510441965318,-4.48651891181921,TRUE,FALSE,"up",FALSE
"TPI1","down",0.595657,0.0984941733333355,13.2722140433333,1.92610275724564,0.0741883916129108,0.257332183991557,-4.59819905826326,TRUE,FALSE,"up",FALSE
"ADCK2","down",0.498504,0.0926404530833353,8.359574079875,1.78119563630951,0.0961047609734713,0.297515904450304,-4.8204144194648,TRUE,FALSE,"up",FALSE
"RECQL","up",3.395558,0.123574950750001,10.0508142117917,1.64902159038797,0.120909997572164,0.338460850861466,-5.01355319489667,TRUE,FALSE,"up",TRUE
"POLR1E","down",0.639707,0.0811574242500006,8.611626973875,1.54033517971025,0.145291172342039,0.374945990912213,-5.16485866323444,TRUE,FALSE,"up",FALSE
"ASNA1","down",0.207862,0.092517136583335,10.2867335267083,1.48619265573241,0.15892026692251,0.392296410018182,-5.23752422756558,TRUE,FALSE,"up",FALSE
"SPA17","up",1.51312,0.111929494166667,8.28170423825,1.46618587755268,0.164220782209762,0.399426077872542,-5.26390142274264,TRUE,FALSE,"up",TRUE
"GSN","down",0.194893,-0.216737796666666,15.340201,-1.45273787669113,0.167865881696797,0.40461784780722,-5.28148492616793,TRUE,FALSE,"down",TRUE
"MXD4","down",0.376179,-0.0699730426666661,9.90416216783333,-1.3887580639941,0.18613828420253,0.42893605799116,-5.36349350456995,TRUE,FALSE,"down",TRUE
"TRIM29","down",0.572592,0.175378445416666,8.28402444104167,1.38737668862107,0.186550123418134,0.429305690627186,-5.36523364810386,TRUE,FALSE,"up",FALSE
"GRB2","up",2.183308,-0.0522714375000003,12.4393979370833,-1.20800262577059,0.246627198617704,0.501934255196043,-5.57971157373359,TRUE,FALSE,"down",FALSE
"GPSN2","down",0.235511,-0.0695979516666655,11.45887215,-1.17051094107415,0.260915227767062,0.517593627660353,-5.6215429969997,TRUE,FALSE,"down",TRUE
"PSMA2","up",1.541149,0.048534140833335,12.2882059054167,1.16745027507329,0.262109118532684,0.519106031681278,-5.62491039545579,TRUE,FALSE,"up",TRUE
"TSTA3","up",1.779045,0.0616821996666676,9.06142928158333,1.10957474888604,0.285476644464344,0.54404641769876,-5.68721281800012,TRUE,FALSE,"up",TRUE
"GRN","down",0.520197,-0.0868161333333313,15.1901939225,-1.01331343542321,0.327734059284022,0.587275241642049,-5.78491293565345,TRUE,FALSE,"down",TRUE
"STX10","down",0.524453,-0.0576705799166666,8.44529949570833,-0.905507482232558,0.380186584655016,0.636626567018457,-5.88519464632507,TRUE,FALSE,"down",TRUE
"THAP4","down",0.544458,-0.0357688933333329,11.4459862941667,-0.903377899823323,0.381277641202923,0.637812455092045,-5.88707553264037,TRUE,FALSE,"down",TRUE
"GNB2","down",0.638545,0.0440500741666687,11.0301488545833,0.856355475522935,0.405909884856861,0.658308338748582,-5.92759821432641,TRUE,FALSE,"up",FALSE
"SOCS7","down",0.617238,0.0315743557500008,6.17375907679167,0.80010680843987,0.436727521985963,0.684799583998205,-5.97350407977175,TRUE,FALSE,"up",FALSE
"ARHGAP26","up",1.630512,0.0727600593333338,8.70232332675,0.78223975477097,0.446821944343417,0.693039058285762,-5.98749191198694,TRUE,FALSE,"up",TRUE
"ZNF313","up",1.656734,-0.0317518075000004,10.91932211125,-0.778751830294234,0.448809569802851,0.694527165342606,-5.99018884831721,TRUE,FALSE,"down",FALSE
"NBEAL2","down",0.421126,0.0382964518333335,7.71182134533333,0.69691927623649,0.497016880037031,0.730146465754304,-6.05026817901058,TRUE,FALSE,"up",FALSE
"HFE","down",0.447993,-0.0270600576666658,6.58900056125,-0.676227713887913,0.509676023639626,0.739650338915999,-6.06447764858446,TRUE,FALSE,"down",TRUE
"TM7SF2","down",0.571697,-0.0781895842499994,9.47118733054167,-0.664935735933505,0.516662664664833,0.745052341882355,-6.07206309799015,TRUE,FALSE,"down",TRUE
"PPP2R4","down",0.664608,-0.0526921932499993,10.5360997492083,-0.630865672204053,0.538072040232977,0.761396696232596,-6.09422179048708,TRUE,FALSE,"down",TRUE
"EIF2B4","up",1.960206,-0.0249895867499997,9.98413371354167,-0.596464452481471,0.560180877837998,0.77648190117618,-6.11547802153545,TRUE,FALSE,"down",FALSE
"TRIM44","down",0.577011,-0.0230684458333341,10.3398180679167,-0.559330952129265,0.584582346202946,0.791532164296139,-6.1371501278393,TRUE,FALSE,"down",TRUE
"APOE","up",1.628238,0.183365841666666,12.5966090233333,0.556849115619625,0.586232601540044,0.792260249801906,-6.13855120562272,TRUE,FALSE,"up",TRUE
"KRT6B","up",1.987894,0.318042256750001,8.215771629875,0.519274106035138,0.611505499146023,0.808540377424052,-6.15903356350578,TRUE,FALSE,"up",TRUE
"P53AIP1","down",0.645626,0.0274266982500008,5.92160287970833,0.477466281641249,0.640238989248538,0.826902006424774,-6.18020364284357,TRUE,FALSE,"up",FALSE
"KIAA2013","down",0.529964,-0.021545056666666,11.6002140641667,-0.428261312823929,0.674835149712706,0.847005888345177,-6.20291383336228,TRUE,FALSE,"down",TRUE
"P4HB","down",0.623668,-0.0281878299999993,14.2149738091667,-0.392459872152566,0.700500588838014,0.862357450176309,-6.21792639564853,TRUE,FALSE,"down",TRUE
"MRPL34","down",0.660025,0.0168655216666668,12.4034258558333,0.391045478393785,0.701522626805985,0.862899768818161,-6.21849321362415,TRUE,FALSE,"up",FALSE
"PXK","down",0.510247,0.0462017241666676,11.48339814875,0.353893666104985,0.728577384423674,0.876637730468797,-6.23266351284304,TRUE,FALSE,"up",FALSE
"RICTOR","down",0.356741,-0.0206798059999993,9.56166995608333,-0.328607077366226,0.747210956258759,0.885470146425605,-6.241514053676,TRUE,FALSE,"down",TRUE
"LAD1","down",0.641617,0.0493831595833337,6.580107070625,0.182326173627407,0.857883856351135,0.93726012831584,-6.2799698832842,TRUE,FALSE,"up",FALSE
"MANBA","up",2.221821,-0.00889976683333214,9.90896579591667,-0.113129147186119,0.911499561782626,0.962486045799964,-6.2905253149925,TRUE,FALSE,"down",FALSE
"ATP6AP1","down",0.612655,0.0014390033333344,11.6051231508333,0.0301218477275817,0.976385857763354,0.990475395769603,-6.29667166066232,TRUE,FALSE,"up",FALSE
"BICD2","down",0.338055,-0.000346445749999697,9.62169874804167,-0.0080778826203268,0.993666360973141,0.99844292281877,-6.29710712498113,TRUE,FALSE,"down",TRUE
"TMEM45A","down",0.353106,0.00033181308333449,10.3120160515417,0.00251992682968868,0.998024175976243,0.999461258611761,-6.2971375862423,TRUE,FALSE,"up",FALSE
"EIF3B","down",0.551113,NA,NA,NA,NA,NA,NA,FALSE,FALSE,NA,NA
"FAM125A","down",0.274239,NA,NA,NA,NA,NA,NA,FALSE,FALSE,NA,NA
"HSD17B14","down",0.461084,NA,NA,NA,NA,NA,NA,FALSE,FALSE,NA,NA
